辞書,文境界,書字形（＝表層形）,語彙素,語彙素読み,品詞,活用型,活用形,発音形出現形,仮名形出現形,語種,書字形(基本形),語形(基本形),語彙素ID
,B,　,　,,空白,,,,,記号,　,,23
,I,私,私-代名詞,ワタクシ,代名詞,,,ワタクシ,ワタクシ,和,私,ワタクシ,41274
,I,は,は,ハ,助詞-係助詞,,,ワ,ハ,和,は,ハ,29321
,I,、,、,,補助記号-読点,,,,,記号,、,,24
,I,日本,日本,ニッポン,名詞-固有名詞-地名-国,,,ニッポン,ニッポン,固,日本,ニッポン,28455
,I,と,と,ト,助詞-格助詞,,,ト,ト,和,と,ト,25826
,I,日本,日本,ニッポン,名詞-固有名詞-地名-国,,,ニッポン,ニッポン,固,日本,ニッポン,28455
,I,人,人,ジン,接尾辞-名詞的-一般,,,ジン,ジン,漢,人,ジン,18765
,I,の,の,ノ,助詞-格助詞,,,ノ,ノ,和,の,ノ,28989
,I,底力,底力,ソコヂカラ,名詞-普通名詞-一般,,,ソコジカラ,ソコヂカラ,和,底力,ソコヂカラ,21280
,I,を,を,ヲ,助詞-格助詞,,,オ,ヲ,和,を,ヲ,41407
,I,信じ,信ずる,シンズル,動詞-一般,サ行変格,連用形-一般,シンジ,シンジ,混,信ずる,シンズル,17410
,I,て,て,テ,助詞-接続助詞,,,テ,テ,和,て,テ,24874
,I,やま,止む,ヤム,動詞-一般,五段-マ行,未然形-一般,ヤマ,ヤマ,和,やむ,ヤム,38507
,I,ない,ない,ナイ,助動詞,助動詞-ナイ,連体形-一般,ナイ,ナイ,和,ない,ナイ,27438
,I,者,者,モノ,名詞-普通名詞-一般,,,モノ,モノ,和,者,モノ,37877
,I,と,と,ト,助詞-格助詞,,,ト,ト,和,と,ト,25826
,I,し,為る,スル,動詞-非自立可能,サ行変格,連用形-一般,シ,シ,和,する,スル,19537
,I,て,て,テ,助詞-接続助詞,,,テ,テ,和,て,テ,24874
,I,、,、,,補助記号-読点,,,,,記号,、,,24
,I,日本,日本,ニッポン,名詞-固有名詞-地名-国,,,ニッポン,ニッポン,固,日本,ニッポン,28455
,I,の,の,ノ,助詞-格助詞,,,ノ,ノ,和,の,ノ,28989
,I,未来,未来,ミライ,名詞-普通名詞-一般,,,ミライ,ミライ,漢,未来,ミライ,36904
,I,を,を,ヲ,助詞-格助詞,,,オ,ヲ,和,を,ヲ,41407
,I,切り拓く,切り開く,キリヒラク,動詞-一般,五段-カ行,連体形-一般,キリヒラク,キリヒラク,和,切り拓く,キリヒラク,9536
,I,責任,責任,セキニン,名詞-普通名詞-一般,,,セキニン,セキニン,漢,責任,セキニン,20101
,I,を,を,ヲ,助詞-格助詞,,,オ,ヲ,和,を,ヲ,41407
,I,担い,担う,ニナウ,動詞-一般,五段-ワア行,連用形-一般,ニナイ,ニナイ,和,担う,ニナウ,28467
,I,、,、,,補助記号-読点,,,,,記号,、,,24
,I,この,此の,コノ,連体詞,,,コノ,コノ,和,この,コノ,12905
,I,場,場,バ,名詞-普通名詞-一般,,,バ,バ,和,場,バ,30506
,I,に,に,ニ,助詞-格助詞,,,ニ,ニ,和,に,ニ,28178
,I,立っ,立つ,タツ,動詞-一般,五段-タ行,連用形-促音便,タッ,タッ,和,立つ,タツ,22436
,I,て,て,テ,助詞-接続助詞,,,テ,テ,和,て,テ,24874
,I,おり,居る,オル,動詞-非自立可能,五段-ラ行,連用形-一般,オリ,オリ,和,おる,オル,5360
,I,ます,ます,マス,助動詞,助動詞-マス,終止形-一般,マス,マス,和,ます,マス,35697
,I,。,。,,補助記号-句点,,,,,記号,。,,25
,B,　,　,,空白,,,,,記号,　,,23
,I,今,今,イマ,名詞-普通名詞-副詞可能,,,イマ,イマ,和,今,イマ,2460
,I,の,の,ノ,助詞-格助詞,,,ノ,ノ,和,の,ノ,28989
,I,暮らし,暮らし,クラシ,名詞-普通名詞-一般,,,クラシ,クラシ,和,暮らし,クラシ,10426
,I,や,や,ヤ,助詞-副助詞,,,ヤ,ヤ,和,や,ヤ,38083
,I,未来,未来,ミライ,名詞-普通名詞-一般,,,ミライ,ミライ,漢,未来,ミライ,36904
,I,へ,へ,ヘ,助詞-格助詞,,,エ,ヘ,和,へ,ヘ,33819
,I,の,の,ノ,助詞-格助詞,,,ノ,ノ,和,の,ノ,28989
,I,不安,不安,フアン,名詞-普通名詞-形状詞可能,,,フアン,フアン,漢,不安,フアン,32348
,I,を,を,ヲ,助詞-格助詞,,,オ,ヲ,和,を,ヲ,41407
,I,希望,希望,キボウ,名詞-普通名詞-サ変可能,,,キボー,キボウ,漢,希望,キボウ,8811
,I,に,に,ニ,助詞-格助詞,,,ニ,ニ,和,に,ニ,28178
,I,変え,変える,カエル,動詞-一般,下一段-ア行,連用形-一般,カエ,カエ,和,変える,カエル,5977
,I,、,、,,補助記号-読点,,,,,記号,、,,24
,I,強い,強い,ツヨイ,形容詞-一般,形容詞,連体形-一般,ツヨイ,ツヨイ,和,強い,ツヨイ,24791
,I,経済,経済,ケイザイ,名詞-普通名詞-一般,,,ケーザイ,ケイザイ,漢,経済,ケイザイ,10945
,I,を,を,ヲ,助詞-格助詞,,,オ,ヲ,和,を,ヲ,41407
,I,作る,作る,ツクル,動詞-一般,五段-ラ行,終止形-一般,ツクル,ツクル,和,作る,ツクル,24562
,I,。,。,,補助記号-句点,,,,,記号,。,,25
,I,そして,そして,ソシテ,接続詞,,,ソシテ,ソシテ,和,そして,ソシテ,21297
,I,、,、,,補助記号-読点,,,,,記号,、,,24
,I,日本,日本,ニッポン,名詞-固有名詞-地名-国,,,ニッポン,ニッポン,固,日本,ニッポン,28455
,I,列島,列島,レットウ,名詞-普通名詞-一般,,,レットー,レットウ,漢,列島,レットウ,40708
,I,を,を,ヲ,助詞-格助詞,,,オ,ヲ,和,を,ヲ,41407
,I,強く,強い,ツヨイ,形容詞-一般,形容詞,連用形-一般,ツヨク,ツヨク,和,強い,ツヨイ,24791
,I,豊か,豊か,ユタカ,形状詞-一般,,,ユタカ,ユタカ,和,豊か,ユタカ,38846
,I,に,だ,ダ,助動詞,助動詞-ダ,連用形-ニ,ニ,ニ,和,だ,ダ,22916
,I,し,為る,スル,動詞-非自立可能,サ行変格,連用形-一般,シ,シ,和,する,スル,19537
,I,て,て,テ,助詞-接続助詞,,,テ,テ,和,て,テ,24874
,I,いく,行く,イク,動詞-非自立可能,五段-カ行,終止形-一般,イク,イク,和,いく,イク,1713
,I,。,。,,補助記号-句点,,,,,記号,。,,25
,I,世界,世界,セカイ,名詞-普通名詞-一般,,,セカイ,セカイ,漢,世界,セカイ,20054
,I,が,が,ガ,助詞-格助詞,,,ガ,ガ,和,が,ガ,7889
,I,直面,直面,チョクメン,名詞-普通名詞-サ変可能,,,チョクメン,チョクメン,漢,直面,チョクメン,24168
,I,する,為る,スル,動詞-非自立可能,サ行変格,連体形-一般,スル,スル,和,する,スル,19537
,I,課題,課題,カダイ,名詞-普通名詞-一般,,,カダイ,カダイ,漢,課題,カダイ,6696
,I,に,に,ニ,助詞-格助詞,,,ニ,ニ,和,に,ニ,28178
,I,向き合い,向き合う,ムキアウ,動詞-一般,五段-ワア行,連用形-一般,ムキアイ,ムキアイ,和,向き合う,ムキアウ,87838
,I,、,、,,補助記号-読点,,,,,記号,、,,24
,I,世界,世界,セカイ,名詞-普通名詞-一般,,,セカイ,セカイ,漢,世界,セカイ,20054
,I,の,の,ノ,助詞-格助詞,,,ノ,ノ,和,の,ノ,28989
,I,真ん中,真ん中,マンナカ,名詞-普通名詞-一般,,,マンナカ,マンナカ,和,真ん中,マンナカ,36174
,I,で,で,デ,助詞-格助詞,,,デ,デ,和,で,デ,25518
,I,咲き誇る,咲き誇る,サキホコル,動詞-一般,五段-ラ行,連体形-一般,サキホコル,サキホコル,和,咲き誇る,サキホコル,53554
,I,日本,日本,ニッポン,名詞-固有名詞-地名-国,,,ニッポン,ニッポン,固,日本,ニッポン,28455
,I,外交,外交,ガイコウ,名詞-普通名詞-一般,,,ガイコー,ガイコウ,漢,外交,ガイコウ,7918
,I,を,を,ヲ,助詞-格助詞,,,オ,ヲ,和,を,ヲ,41407
,I,取り戻す,取り戻す,トリモドス,動詞-一般,五段-サ行,終止形-一般,トリモドス,トリモドス,和,取り戻す,トリモドス,26842
,I,。,。,,補助記号-句点,,,,,記号,。,,25
,I,絶対,絶対,ゼッタイ,名詞-普通名詞-副詞可能,,,ゼッタイ,ゼッタイ,漢,絶対,ゼッタイ,20726
,I,に,に,ニ,助詞-格助詞,,,ニ,ニ,和,に,ニ,28178
,I,あきらめ,諦める,アキラメル,動詞-一般,下一段-マ行,未然形-一般,アキラメ,アキラメ,和,あきらめる,アキラメル,433
,I,ない,ない,ナイ,助動詞,助動詞-ナイ,連体形-一般,ナイ,ナイ,和,ない,ナイ,27438
,I,決意,決意,ケツイ,名詞-普通名詞-サ変可能,,,ケツイ,ケツイ,漢,決意,ケツイ,11177
,I,を,を,ヲ,助詞-格助詞,,,オ,ヲ,和,を,ヲ,41407
,I,もっ,持つ,モツ,動詞-一般,五段-タ行,連用形-促音便,モッ,モッ,和,もつ,モツ,37804
,I,て,て,テ,助詞-接続助詞,,,テ,テ,和,て,テ,24874
,I,、,、,,補助記号-読点,,,,,記号,、,,24
,I,国家,国家,コッカ,名詞-普通名詞-一般,,,コッカ,コッカ,漢,国家,コッカ,12780
,I,国民,国民,コクミン,名詞-普通名詞-一般,,,コクミン,コクミン,漢,国民,コクミン,12579
,I,の,の,ノ,助詞-格助詞,,,ノ,ノ,和,の,ノ,28989
,I,ため,為,タメ,名詞-普通名詞-副詞可能,,,タメ,タメ,和,ため,タメ,22686
,I,、,、,,補助記号-読点,,,,,記号,、,,24
,I,果敢,果敢,カカン,形状詞-一般,,,カカン,カカン,漢,果敢,カカン,6023
,I,に,だ,ダ,助動詞,助動詞-ダ,連用形-ニ,ニ,ニ,和,だ,ダ,22916
,I,働い,働く,ハタラク,動詞-一般,五段-カ行,連用形-イ音便,ハタライ,ハタライ,和,働く,ハタラク,29791
,I,て,て,テ,助詞-接続助詞,,,テ,テ,和,て,テ,24874
,I,まいり,参る,マイル,動詞-非自立可能,五段-ラ行,連用形-一般,マイリ,マイリ,和,まいる,マイル,35450
,I,ます,ます,マス,助動詞,助動詞-マス,終止形-一般,マス,マス,和,ます,マス,35697
,I,。,。,,補助記号-句点,,,,,記号,。,,25
,B,　,　,,空白,,,,,記号,　,,23
,I,「,「,,補助記号-括弧開,,,,,記号,「,,33
,I,政治,政治,セイジ,名詞-普通名詞-一般,,,セージ,セイジ,漢,政治,セイジ,19845
,I,の,の,ノ,助詞-格助詞,,,ノ,ノ,和,の,ノ,28989
,I,安定,安定,アンテイ,名詞-普通名詞-サ変形状詞可能,,,アンテー,アンテイ,漢,安定,アンテイ,1389
,I,」,」,,補助記号-括弧閉,,,,,記号,」,,34
,I,なくし,無くす,ナクス,動詞-一般,五段-サ行,連用形-一般,ナクシ,ナクシ,和,なくす,ナクス,27779
,I,て,て,テ,助詞-接続助詞,,,テ,テ,和,て,テ,24874
,I,、,、,,補助記号-読点,,,,,記号,、,,24
,I,力強い,力強い,チカラヅヨイ,形容詞-一般,形容詞,連体形-一般,チカラズヨイ,チカラヅヨイ,和,力強い,チカラヅヨイ,23445
,I,経済,経済,ケイザイ,名詞-普通名詞-一般,,,ケーザイ,ケイザイ,漢,経済,ケイザイ,10945
,I,政策,政策,セイサク,名詞-普通名詞-一般,,,セーサク,セイサク,漢,政策,セイサク,19796
,I,も,も,モ,助詞-係助詞,,,モ,モ,和,も,モ,37562
,I,、,、,,補助記号-読点,,,,,記号,、,,24
,I,力強い,力強い,チカラヅヨイ,形容詞-一般,形容詞,連体形-一般,チカラズヨイ,チカラヅヨイ,和,力強い,チカラヅヨイ,23445
,I,外交,外交,ガイコウ,名詞-普通名詞-一般,,,ガイコー,ガイコウ,漢,外交,ガイコウ,7918
,I,・,・,,補助記号-一般,,,,・,記号,・,,44
,I,安全,安全,アンゼン,名詞-普通名詞-形状詞可能,,,アンゼン,アンゼン,漢,安全,アンゼン,1366
,I,保障,保障,ホショウ,名詞-普通名詞-サ変可能,,,ホショー,ホショウ,漢,保障,ホショウ,34679
,I,政策,政策,セイサク,名詞-普通名詞-一般,,,セーサク,セイサク,漢,政策,セイサク,19796
,I,も,も,モ,助詞-係助詞,,,モ,モ,和,も,モ,37562
,I,、,、,,補助記号-読点,,,,,記号,、,,24
,I,推進,推進,スイシン,名詞-普通名詞-サ変可能,,,スイシン,スイシン,漢,推進,スイシン,18917
,I,し,為る,スル,動詞-非自立可能,サ行変格,連用形-一般,シ,シ,和,する,スル,19537
,I,て,て,テ,助詞-接続助詞,,,テ,テ,和,て,テ,24874
,I,いく,行く,イク,動詞-非自立可能,五段-カ行,連体形-一般,イク,イク,和,いく,イク,1713
,I,こと,事,コト,名詞-普通名詞-一般,,,コト,コト,和,こと,コト,12836
,I,は,は,ハ,助詞-係助詞,,,ワ,ハ,和,は,ハ,29321
,I,でき,出来る,デキル,動詞-非自立可能,上一段-カ行,未然形-一般,デキ,デキ,和,できる,デキル,25624
,I,ない,ない,ナイ,助動詞,助動詞-ナイ,終止形-一般,ナイ,ナイ,和,ない,ナイ,27438
,I,。,。,,補助記号-句点,,,,,記号,。,,25
,I,この,此の,コノ,連体詞,,,コノ,コノ,和,この,コノ,12905
,I,思い,思い,オモイ,名詞-普通名詞-一般,,,オモイ,オモイ,和,思い,オモイ,5220
,I,を,を,ヲ,助詞-格助詞,,,オ,ヲ,和,を,ヲ,41407
,I,胸,胸,ムネ,名詞-普通名詞-一般,,,ムネ,ムネ,和,胸,ムネ,37166
,I,に,に,ニ,助詞-格助詞,,,ニ,ニ,和,に,ニ,28178
,I,、,、,,補助記号-読点,,,,,記号,、,,24
,I,「,「,,補助記号-括弧開,,,,,記号,「,,33
,I,日本,日本,ニッポン,名詞-固有名詞-地名-国,,,ニッポン,ニッポン,固,日本,ニッポン,28455
,I,再起,再起,サイキ,名詞-普通名詞-サ変可能,,,サイキ,サイキ,漢,再起,サイキ,13670
,I,」,」,,補助記号-括弧閉,,,,,記号,」,,34
,I,を,を,ヲ,助詞-格助詞,,,オ,ヲ,和,を,ヲ,41407
,I,目指す,目指す,メザス,動詞-一般,五段-サ行,連体形-一般,メザス,メザス,和,目指す,メザス,37392
,I,広範,広範,コウハン,形状詞-一般,,,コーハン,コウハン,漢,広範,コウハン,12323
,I,な,だ,ダ,助動詞,助動詞-ダ,連体形-一般,ナ,ナ,和,だ,ダ,22916
,I,政策,政策,セイサク,名詞-普通名詞-一般,,,セーサク,セイサク,漢,政策,セイサク,19796
,I,合意,合意,ゴウイ,名詞-普通名詞-サ変可能,,,ゴーイ,ゴウイ,漢,合意,ゴウイ,13349
,I,の,の,ノ,助詞-格助詞,,,ノ,ノ,和,の,ノ,28989
,I,下,下,モト,名詞-普通名詞-副詞可能,,,モト,モト,和,下,モト,37818
,I,、,、,,補助記号-読点,,,,,記号,、,,24
,I,自由,自由,ジユウ,名詞-普通名詞-形状詞可能,,,ジユー,ジユウ,漢,自由,ジユウ,18456
,I,民主,民主,ミンシュ,名詞-普通名詞-一般,,,ミンシュ,ミンシュ,漢,民主,ミンシュ,36952
,I,党,党,トウ,接尾辞-名詞的-一般,,,トー,トウ,漢,党,トウ,25857
,I,、,、,,補助記号-読点,,,,,記号,、,,24
,I,日本,日本,ニッポン,名詞-固有名詞-地名-国,,,ニッポン,ニッポン,固,日本,ニッポン,28455
,I,維新,維新,イシン,名詞-普通名詞-一般,,,イシン,イシン,漢,維新,イシン,1883
,I,の,の,ノ,助詞-格助詞,,,ノ,ノ,和,の,ノ,28989
,I,会,会,カイ,名詞-普通名詞-一般,,,カイ,カイ,漢,会,カイ,5605
,I,に,に,ニ,助詞-格助詞,,,ニ,ニ,和,に,ニ,28178
,I,よる,因る,ヨル,動詞-一般,五段-ラ行,連体形-一般,ヨル,ヨル,和,よる,ヨル,39521
,I,連立,連立,レンリツ,名詞-普通名詞-サ変可能,,,レンリツ,レンリツ,漢,連立,レンリツ,40830
,I,政権,政権,セイケン,名詞-普通名詞-一般,,,セーケン,セイケン,漢,政権,セイケン,19771
,I,を,を,ヲ,助詞-格助詞,,,オ,ヲ,和,を,ヲ,41407
,I,樹立,樹立,ジュリツ,名詞-普通名詞-サ変可能,,,ジュリツ,ジュリツ,漢,樹立,ジュリツ,18365
,I,いたし,致す,イタス,動詞-非自立可能,五段-サ行,連用形-一般,イタシ,イタシ,和,いたす,イタス,2004
,I,まし,ます,マス,助動詞,助動詞-マス,連用形-一般,マシ,マシ,和,ます,マス,35697
,I,た,た,タ,助動詞,助動詞-タ,終止形-一般,タ,タ,和,た,タ,21642
,I,。,。,,補助記号-句点,,,,,記号,。,,25
,B,　,　,,空白,,,,,記号,　,,23
,I,さらに,更に,サラニ,接続詞,,,サラニ,サラニ,和,さらに,サラニ,14448
,I,、,、,,補助記号-読点,,,,,記号,、,,24
,I,国家,国家,コッカ,名詞-普通名詞-一般,,,コッカ,コッカ,漢,国家,コッカ,12780
,I,国民,国民,コクミン,名詞-普通名詞-一般,,,コクミン,コクミン,漢,国民,コクミン,12579
,I,の,の,ノ,助詞-格助詞,,,ノ,ノ,和,の,ノ,28989
,I,ため,為,タメ,名詞-普通名詞-副詞可能,,,タメ,タメ,和,ため,タメ,22686
,I,、,、,,補助記号-読点,,,,,記号,、,,24
,I,政治,政治,セイジ,名詞-普通名詞-一般,,,セージ,セイジ,漢,政治,セイジ,19845
,I,を,を,ヲ,助詞-格助詞,,,オ,ヲ,和,を,ヲ,41407
,I,安定,安定,アンテイ,名詞-普通名詞-サ変形状詞可能,,,アンテー,アンテイ,漢,安定,アンテイ,1389
,I,さ,為る,スル,動詞-非自立可能,サ行変格,未然形-サ,サ,サ,和,する,スル,19537
,I,せる,せる,セル,助動詞,下一段-サ行,終止形-一般,セル,セル,和,せる,セル,20355
,I,。,。,,補助記号-句点,,,,,記号,。,,25
,I,政権,政権,セイケン,名詞-普通名詞-一般,,,セーケン,セイケン,漢,政権,セイケン,19771
,I,の,の,ノ,助詞-格助詞,,,ノ,ノ,和,の,ノ,28989
,I,基本,基本,キホン,名詞-普通名詞-一般,,,キホン,キホン,漢,基本,キホン,8809
,I,方針,方針,ホウシン,名詞-普通名詞-一般,,,ホーシン,ホウシン,漢,方針,ホウシン,34473
,I,と,と,ト,助詞-格助詞,,,ト,ト,和,と,ト,25826
,I,矛盾,矛盾,ムジュン,名詞-普通名詞-サ変可能,,,ムジュン,ムジュン,漢,矛盾,ムジュン,37119
,I,し,為る,スル,動詞-非自立可能,サ行変格,未然形-一般,シ,シ,和,する,スル,19537
,I,ない,ない,ナイ,助動詞,助動詞-ナイ,連体形-一般,ナイ,ナイ,和,ない,ナイ,27438
,I,限り,限り,カギリ,名詞-普通名詞-副詞可能,,,カギリ,カギリ,和,限り,カギリ,6117
,I,、,、,,補助記号-読点,,,,,記号,、,,24
,I,各党,各党,カクトウ,名詞-普通名詞-一般,,,カクトー,カクトウ,漢,各党,カクトウ,6210
,I,から,から,カラ,助詞-格助詞,,,カラ,カラ,和,から,カラ,7219
,I,の,の,ノ,助詞-格助詞,,,ノ,ノ,和,の,ノ,28989
,I,政策,政策,セイサク,名詞-普通名詞-一般,,,セーサク,セイサク,漢,政策,セイサク,19796
,I,提案,提案,テイアン,名詞-普通名詞-サ変可能,,,テーアン,テイアン,漢,提案,テイアン,24934
,I,を,を,ヲ,助詞-格助詞,,,オ,ヲ,和,を,ヲ,41407
,I,お,御,オ,接頭辞,,,オ,オ,和,お,オ,4350
,I,受け,受ける,ウケル,動詞-一般,下一段-カ行,連用形-一般,ウケ,ウケ,和,受ける,ウケル,3089
,I,し,し,シ,助詞-接続助詞,,,シ,シ,和,し,シ,14923
,I,、,、,,補助記号-読点,,,,,記号,、,,24
,I,柔軟,柔軟,ジュウナン,形状詞-一般,,,ジューナン,ジュウナン,漢,柔軟,ジュウナン,18229
,I,に,だ,ダ,助動詞,助動詞-ダ,連用形-ニ,ニ,ニ,和,だ,ダ,22916
,I,真摯,真摯,シンシ,形状詞-一般,,,シンシ,シンシ,漢,真摯,シンシ,17346
,I,に,だ,ダ,助動詞,助動詞-ダ,連用形-ニ,ニ,ニ,和,だ,ダ,22916
,I,議論,議論,ギロン,名詞-普通名詞-サ変可能,,,ギロン,ギロン,漢,議論,ギロン,9967
,I,し,為る,スル,動詞-非自立可能,サ行変格,連用形-一般,シ,シ,和,する,スル,19537
,I,て,て,テ,助詞-接続助詞,,,テ,テ,和,て,テ,24874
,I,まいり,参る,マイル,動詞-非自立可能,五段-ラ行,連用形-一般,マイリ,マイリ,和,まいる,マイル,35450
,I,ます,ます,マス,助動詞,助動詞-マス,終止形-一般,マス,マス,和,ます,マス,35697
,I,。,。,,補助記号-句点,,,,,記号,。,,25
,I,国民,国民,コクミン,名詞-普通名詞-一般,,,コクミン,コクミン,漢,国民,コクミン,12579
,I,の,の,ノ,助詞-格助詞,,,ノ,ノ,和,の,ノ,28989
,I,皆,皆,ミナ,名詞-普通名詞-副詞可能,,,ミナ,ミナ,和,皆,ミナ,36678
,I,様,様,サマ,接尾辞-名詞的-一般,,,サマ,サマ,和,様,サマ,14374
,I,の,の,ノ,助詞-格助詞,,,ノ,ノ,和,の,ノ,28989
,I,政治,政治,セイジ,名詞-普通名詞-一般,,,セージ,セイジ,漢,政治,セイジ,19845
,I,へ,へ,ヘ,助詞-格助詞,,,エ,ヘ,和,へ,ヘ,33819
,I,の,の,ノ,助詞-格助詞,,,ノ,ノ,和,の,ノ,28989
,I,信頼,信頼,シンライ,名詞-普通名詞-サ変可能,,,シンライ,シンライ,漢,信頼,シンライ,17578
,I,を,を,ヲ,助詞-格助詞,,,オ,ヲ,和,を,ヲ,41407
,I,回復,回復,カイフク,名詞-普通名詞-サ変可能,,,カイフク,カイフク,漢,回復,カイフク,5892
,I,する,為る,スル,動詞-非自立可能,サ行変格,連体形-一般,スル,スル,和,する,スル,19537
,I,ため,為,タメ,名詞-普通名詞-副詞可能,,,タメ,タメ,和,ため,タメ,22686
,I,の,の,ノ,助詞-格助詞,,,ノ,ノ,和,の,ノ,28989
,I,改革,改革,カイカク,名詞-普通名詞-サ変可能,,,カイカク,カイカク,漢,改革,カイカク,5655
,I,に,に,ニ,助詞-格助詞,,,ニ,ニ,和,に,ニ,28178
,I,も,も,モ,助詞-係助詞,,,モ,モ,和,も,モ,37562
,I,全力,全力,ゼンリョク,名詞-普通名詞-一般,,,ゼンリョク,ゼンリョク,漢,全力,ゼンリョク,20907
,I,で,で,デ,助詞-格助詞,,,デ,デ,和,で,デ,25518
,I,取り組ん,取り組む,トリクム,動詞-一般,五段-マ行,連用形-撥音便,トリクン,トリクン,和,取り組む,トリクム,26780
,I,で,て,テ,助詞-接続助詞,,,デ,デ,和,で,デ,24874
,I,まいり,参る,マイル,動詞-非自立可能,五段-ラ行,連用形-一般,マイリ,マイリ,和,まいる,マイル,35450
,I,ます,ます,マス,助動詞,助動詞-マス,終止形-一般,マス,マス,和,ます,マス,35697
,I,。,。,,補助記号-句点,,,,,記号,。,,25
,B,　,　,,空白,,,,,記号,　,,23
,I,それ,其れ,ソレ,代名詞,,,ソレ,ソレ,和,それ,ソレ,21461
,I,が,が,ガ,助詞-格助詞,,,ガ,ガ,和,が,ガ,7889
,I,国家,国家,コッカ,名詞-普通名詞-一般,,,コッカ,コッカ,漢,国家,コッカ,12780
,I,国民,国民,コクミン,名詞-普通名詞-一般,,,コクミン,コクミン,漢,国民,コクミン,12579
,I,の,の,ノ,助詞-格助詞,,,ノ,ノ,和,の,ノ,28989
,I,ため,為,タメ,名詞-普通名詞-副詞可能,,,タメ,タメ,和,ため,タメ,22686
,I,で,だ,ダ,助動詞,助動詞-ダ,連用形-一般,デ,デ,和,だ,ダ,22916
,I,ある,有る,アル,動詞-非自立可能,五段-ラ行,終止形-一般,アル,アル,和,ある,アル,1216
,I,なら,だ,ダ,助動詞,助動詞-ダ,仮定形-一般,ナラ,ナラ,和,だ,ダ,22916
,I,ば,ば,バ,助詞-接続助詞,,,バ,バ,和,ば,バ,30503
,I,、,、,,補助記号-読点,,,,,記号,、,,24
,I,決して,決して,ケッシテ,副詞,,,ケッシテ,ケッシテ,混,決して,ケッシテ,11140
,I,あきらめ,諦める,アキラメル,動詞-一般,下一段-マ行,未然形-一般,アキラメ,アキラメ,和,あきらめる,アキラメル,433
,I,ない,ない,ナイ,助動詞,助動詞-ナイ,終止形-一般,ナイ,ナイ,和,ない,ナイ,27438
,I,。,。,,補助記号-句点,,,,,記号,。,,25
,I,これ,此れ,コレ,代名詞,,,コレ,コレ,和,これ,コレ,13095
,I,が,が,ガ,助詞-格助詞,,,ガ,ガ,和,が,ガ,7889
,I,、,、,,補助記号-読点,,,,,記号,、,,24
,I,この,此の,コノ,連体詞,,,コノ,コノ,和,この,コノ,12905
,I,内閣,内閣,ナイカク,名詞-普通名詞-一般,,,ナイカク,ナイカク,漢,内閣,ナイカク,27449
,I,の,の,ノ,助詞-格助詞,,,ノ,ノ,和,の,ノ,28989
,I,不動,不動,フドウ,名詞-普通名詞-一般,,,フドー,フドウ,漢,不動,フドウ,32948
,I,の,の,ノ,助詞-格助詞,,,ノ,ノ,和,の,ノ,28989
,I,方針,方針,ホウシン,名詞-普通名詞-一般,,,ホーシン,ホウシン,漢,方針,ホウシン,34473
,I,です,です,デス,助動詞,助動詞-デス,終止形-一般,デス,デス,和,です,デス,25653
,I,。,。,,補助記号-句点,,,,,記号,。,,25
,B,　,　,,空白,,,,,記号,　,,23
,I,何,何,ナニ,代名詞,,,ナン,ナン,和,何,ナン,27920
,I,を,を,ヲ,助詞-格助詞,,,オ,ヲ,和,を,ヲ,41407
,I,実行,実行,ジッコウ,名詞-普通名詞-サ変可能,,,ジッコー,ジッコウ,漢,実行,ジッコウ,17936
,I,する,為る,スル,動詞-非自立可能,サ行変格,終止形-一般,スル,スル,和,する,スル,19537
,I,に,に,ニ,助詞-格助詞,,,ニ,ニ,和,に,ニ,28178
,I,し,為る,スル,動詞-非自立可能,サ行変格,連用形-一般,シ,シ,和,する,スル,19537
,I,て,て,テ,助詞-接続助詞,,,テ,テ,和,て,テ,24874
,I,も,も,モ,助詞-係助詞,,,モ,モ,和,も,モ,37562
,I,、,、,,補助記号-読点,,,,,記号,、,,24
,I,「,「,,補助記号-括弧開,,,,,記号,「,,33
,I,強い,強い,ツヨイ,形容詞-一般,形容詞,連体形-一般,ツヨイ,ツヨイ,和,強い,ツヨイ,24791
,I,経済,経済,ケイザイ,名詞-普通名詞-一般,,,ケーザイ,ケイザイ,漢,経済,ケイザイ,10945
,I,」,」,,補助記号-括弧閉,,,,,記号,」,,34
,I,を,を,ヲ,助詞-格助詞,,,オ,ヲ,和,を,ヲ,41407
,I,つくる,作る,ツクル,動詞-一般,五段-ラ行,連体形-一般,ツクル,ツクル,和,つくる,ツクル,24562
,I,こと,事,コト,名詞-普通名詞-一般,,,コト,コト,和,こと,コト,12836
,I,が,が,ガ,助詞-格助詞,,,ガ,ガ,和,が,ガ,7889
,I,必要,必要,ヒツヨウ,名詞-普通名詞-形状詞可能,,,ヒツヨー,ヒツヨウ,漢,必要,ヒツヨウ,31473
,I,です,です,デス,助動詞,助動詞-デス,終止形-一般,デス,デス,和,です,デス,25653
,I,。,。,,補助記号-句点,,,,,記号,。,,25
,I,その,其の,ソノ,連体詞,,,ソノ,ソノ,和,その,ソノ,21394
,I,ため,為,タメ,名詞-普通名詞-副詞可能,,,タメ,タメ,和,ため,タメ,22686
,I,の,の,ノ,助詞-格助詞,,,ノ,ノ,和,の,ノ,28989
,I,経済,経済,ケイザイ,名詞-普通名詞-一般,,,ケーザイ,ケイザイ,漢,経済,ケイザイ,10945
,I,財政,財政,ザイセイ,名詞-普通名詞-一般,,,ザイセー,ザイセイ,漢,財政,ザイセイ,14788
,I,政策,政策,セイサク,名詞-普通名詞-一般,,,セーサク,セイサク,漢,政策,セイサク,19796
,I,の,の,ノ,助詞-格助詞,,,ノ,ノ,和,の,ノ,28989
,I,基本,基本,キホン,名詞-普通名詞-一般,,,キホン,キホン,漢,基本,キホン,8809
,I,方針,方針,ホウシン,名詞-普通名詞-一般,,,ホーシン,ホウシン,漢,方針,ホウシン,34473
,I,を,を,ヲ,助詞-格助詞,,,オ,ヲ,和,を,ヲ,41407
,I,申し述べ,申し述べる,モウシノベル,動詞-一般,下一段-バ行,連用形-一般,モーシノベ,モウシノベ,和,申し述べる,モウシノベル,37602
,I,ます,ます,マス,助動詞,助動詞-マス,終止形-一般,マス,マス,和,ます,マス,35697
,I,。,。,,補助記号-句点,,,,,記号,。,,25
,B,　,　,,空白,,,,,記号,　,,23
,I,この,此の,コノ,連体詞,,,コノ,コノ,和,この,コノ,12905
,I,内閣,内閣,ナイカク,名詞-普通名詞-一般,,,ナイカク,ナイカク,漢,内閣,ナイカク,27449
,I,で,で,デ,助詞-格助詞,,,デ,デ,和,で,デ,25518
,I,は,は,ハ,助詞-係助詞,,,ワ,ハ,和,は,ハ,29321
,I,、,、,,補助記号-読点,,,,,記号,、,,24
,I,「,「,,補助記号-括弧開,,,,,記号,「,,33
,I,経済,経済,ケイザイ,名詞-普通名詞-一般,,,ケーザイ,ケイザイ,漢,経済,ケイザイ,10945
,I,あっ,有る,アル,動詞-非自立可能,五段-ラ行,連用形-促音便,アッ,アッ,和,ある,アル,1216
,I,て,て,テ,助詞-接続助詞,,,テ,テ,和,て,テ,24874
,I,の,の,ノ,助詞-格助詞,,,ノ,ノ,和,の,ノ,28989
,I,財政,財政,ザイセイ,名詞-普通名詞-一般,,,ザイセー,ザイセイ,漢,財政,ザイセイ,14788
,I,」,」,,補助記号-括弧閉,,,,,記号,」,,34
,I,の,の,ノ,助詞-格助詞,,,ノ,ノ,和,の,ノ,28989
,I,考え,考える,カンガエル,動詞-一般,下一段-ア行,連用形-一般,カンガエ,カンガエ,和,考える,カンガエル,7514
,I,方,方,カタ,接尾辞-名詞的-一般,,,カタ,カタ,和,方,カタ,6596
,I,を,を,ヲ,助詞-格助詞,,,オ,ヲ,和,を,ヲ,41407
,I,基本,基本,キホン,名詞-普通名詞-一般,,,キホン,キホン,漢,基本,キホン,8809
,I,と,と,ト,助詞-格助詞,,,ト,ト,和,と,ト,25826
,I,し,為る,スル,動詞-非自立可能,サ行変格,連用形-一般,シ,シ,和,する,スル,19537
,I,ます,ます,マス,助動詞,助動詞-マス,終止形-一般,マス,マス,和,ます,マス,35697
,I,。,。,,補助記号-句点,,,,,記号,。,,25
,I,「,「,,補助記号-括弧開,,,,,記号,「,,33
,I,強い,強い,ツヨイ,形容詞-一般,形容詞,連体形-一般,ツヨイ,ツヨイ,和,強い,ツヨイ,24791
,I,経済,経済,ケイザイ,名詞-普通名詞-一般,,,ケーザイ,ケイザイ,漢,経済,ケイザイ,10945
,I,」,」,,補助記号-括弧閉,,,,,記号,」,,34
,I,を,を,ヲ,助詞-格助詞,,,オ,ヲ,和,を,ヲ,41407
,I,構築,構築,コウチク,名詞-普通名詞-サ変可能,,,コーチク,コウチク,漢,構築,コウチク,12228
,I,する,為る,スル,動詞-非自立可能,サ行変格,連体形-一般,スル,スル,和,する,スル,19537
,I,ため,為,タメ,名詞-普通名詞-副詞可能,,,タメ,タメ,和,ため,タメ,22686
,I,、,、,,補助記号-読点,,,,,記号,、,,24
,I,「,「,,補助記号-括弧開,,,,,記号,「,,33
,I,責任,責任,セキニン,名詞-普通名詞-一般,,,セキニン,セキニン,漢,責任,セキニン,20101
,I,ある,有る,アル,動詞-非自立可能,五段-ラ行,連体形-一般,アル,アル,和,ある,アル,1216
,I,積極,積極,セッキョク,名詞-普通名詞-一般,,,セッキョク,セッキョク,漢,積極,セッキョク,20177
,I,財政,財政,ザイセイ,名詞-普通名詞-一般,,,ザイセー,ザイセイ,漢,財政,ザイセイ,14788
,I,」,」,,補助記号-括弧閉,,,,,記号,」,,34
,I,の,の,ノ,助詞-格助詞,,,ノ,ノ,和,の,ノ,28989
,I,考え,考える,カンガエル,動詞-一般,下一段-ア行,連用形-一般,カンガエ,カンガエ,和,考える,カンガエル,7514
,I,方,方,カタ,接尾辞-名詞的-一般,,,カタ,カタ,和,方,カタ,6596
,I,の,の,ノ,助詞-格助詞,,,ノ,ノ,和,の,ノ,28989
,I,下,下,モト,名詞-普通名詞-副詞可能,,,モト,モト,和,下,モト,37818
,I,、,、,,補助記号-読点,,,,,記号,、,,24
,I,戦略,戦略,センリャク,名詞-普通名詞-一般,,,センリャク,センリャク,漢,戦略,センリャク,20666
,I,的,的,テキ,接尾辞-形状詞的,,,テキ,テキ,漢,的,テキ,25076
,I,に,だ,ダ,助動詞,助動詞-ダ,連用形-ニ,ニ,ニ,和,だ,ダ,22916
,I,財政,財政,ザイセイ,名詞-普通名詞-一般,,,ザイセー,ザイセイ,漢,財政,ザイセイ,14788
,I,出動,出動,シュツドウ,名詞-普通名詞-サ変可能,,,シュツドー,シュツドウ,漢,出動,シュツドウ,16404
,I,を,を,ヲ,助詞-格助詞,,,オ,ヲ,和,を,ヲ,41407
,I,行い,行う,オコナウ,動詞-一般,五段-ワア行,連用形-一般,オコナイ,オコナイ,和,行う,オコナウ,4875
,I,ます,ます,マス,助動詞,助動詞-マス,終止形-一般,マス,マス,和,ます,マス,35697
,I,。,。,,補助記号-句点,,,,,記号,。,,25
,I,これ,此れ,コレ,代名詞,,,コレ,コレ,和,これ,コレ,13095
,I,に,に,ニ,助詞-格助詞,,,ニ,ニ,和,に,ニ,28178
,I,より,因る,ヨル,動詞-一般,五段-ラ行,連用形-一般,ヨリ,ヨリ,和,よる,ヨル,39521
,I,、,、,,補助記号-読点,,,,,記号,、,,24
,I,所得,所得,ショトク,名詞-普通名詞-一般,,,ショトク,ショトク,漢,所得,ショトク,17040
,I,を,を,ヲ,助詞-格助詞,,,オ,ヲ,和,を,ヲ,41407
,I,増やし,増やす,フヤス,動詞-一般,五段-サ行,連用形-一般,フヤシ,フヤシ,和,増やす,フヤス,33031
,I,、,、,,補助記号-読点,,,,,記号,、,,24
,I,消費,消費,ショウヒ,名詞-普通名詞-サ変可能,,,ショーヒ,ショウヒ,漢,消費,ショウヒ,16815
,I,マインド,マインド-mind,マインド,名詞-普通名詞-一般,,,マインド,マインド,外,マインド,マインド,35453
,I,を,を,ヲ,助詞-格助詞,,,オ,ヲ,和,を,ヲ,41407
,I,改善,改善,カイゼン,名詞-普通名詞-サ変可能,,,カイゼン,カイゼン,漢,改善,カイゼン,5795
,I,し,為る,スル,動詞-非自立可能,サ行変格,連用形-一般,シ,シ,和,する,スル,19537
,I,、,、,,補助記号-読点,,,,,記号,、,,24
,I,事業,事業,ジギョウ,名詞-普通名詞-一般,,,ジギョー,ジギョウ,漢,事業,ジギョウ,17803
,I,収益,収益,シュウエキ,名詞-普通名詞-一般,,,シューエキ,シュウエキ,漢,収益,シュウエキ,16059
,I,が,が,ガ,助詞-格助詞,,,ガ,ガ,和,が,ガ,7889
,I,上がり,上がる,アガル,動詞-一般,五段-ラ行,連用形-一般,アガリ,アガリ,和,上がる,アガル,375
,I,、,、,,補助記号-読点,,,,,記号,、,,24
,I,税率,税率,ゼイリツ,名詞-普通名詞-一般,,,ゼーリツ,ゼイリツ,漢,税率,ゼイリツ,20710
,I,を,を,ヲ,助詞-格助詞,,,オ,ヲ,和,を,ヲ,41407
,I,上げ,上げる,アゲル,動詞-非自立可能,下一段-ガ行,未然形-一般,アゲ,アゲ,和,上げる,アゲル,524
,I,ず,ず,ズ,助動詞,助動詞-ヌ,終止形-一般,ズ,ズ,和,ぬ,ヌ,19587
,I,とも,とも,トモ,助詞-接続助詞,,,トモ,トモ,和,とも,トモ,26641
,I,税収,税収,ゼイシュウ,名詞-普通名詞-一般,,,ゼーシュー,ゼイシュウ,漢,税収,ゼイシュウ,20700
,I,を,を,ヲ,助詞-格助詞,,,オ,ヲ,和,を,ヲ,41407
,I,増加,増加,ゾウカ,名詞-普通名詞-サ変可能,,,ゾーカ,ゾウカ,漢,増加,ゾウカ,21542
,I,さ,為る,スル,動詞-非自立可能,サ行変格,未然形-サ,サ,サ,和,する,スル,19537
,I,せる,せる,セル,助動詞,下一段-サ行,連体形-一般,セル,セル,和,せる,セル,20355
,I,こと,事,コト,名詞-普通名詞-一般,,,コト,コト,和,こと,コト,12836
,I,を,を,ヲ,助詞-格助詞,,,オ,ヲ,和,を,ヲ,41407
,I,目指し,目指す,メザス,動詞-一般,五段-サ行,連用形-一般,メザシ,メザシ,和,目指す,メザス,37392
,I,ます,ます,マス,助動詞,助動詞-マス,終止形-一般,マス,マス,和,ます,マス,35697
,I,。,。,,補助記号-句点,,,,,記号,。,,25
,I,この,此の,コノ,連体詞,,,コノ,コノ,和,この,コノ,12905
,I,好,好,コウ,接頭辞,,,コー,コウ,漢,好,コウ,11833
,I,循環,循環,ジュンカン,名詞-普通名詞-サ変可能,,,ジュンカン,ジュンカン,漢,循環,ジュンカン,18390
,I,を,を,ヲ,助詞-格助詞,,,オ,ヲ,和,を,ヲ,41407
,I,実現,実現,ジツゲン,名詞-普通名詞-サ変可能,,,ジツゲン,ジツゲン,漢,実現,ジツゲン,17974
,I,する,為る,スル,動詞-非自立可能,サ行変格,連体形-一般,スル,スル,和,する,スル,19537
,I,こと,事,コト,名詞-普通名詞-一般,,,コト,コト,和,こと,コト,12836
,I,に,に,ニ,助詞-格助詞,,,ニ,ニ,和,に,ニ,28178
,I,よっ,因る,ヨル,動詞-一般,五段-ラ行,連用形-促音便,ヨッ,ヨッ,和,よる,ヨル,39521
,I,て,て,テ,助詞-接続助詞,,,テ,テ,和,て,テ,24874
,I,、,、,,補助記号-読点,,,,,記号,、,,24
,I,国民,国民,コクミン,名詞-普通名詞-一般,,,コクミン,コクミン,漢,国民,コクミン,12579
,I,の,の,ノ,助詞-格助詞,,,ノ,ノ,和,の,ノ,28989
,I,皆,皆,ミナ,名詞-普通名詞-副詞可能,,,ミナ,ミナ,和,皆,ミナ,36678
,I,様,様,サマ,接尾辞-名詞的-一般,,,サマ,サマ,和,様,サマ,14374
,I,に,に,ニ,助詞-格助詞,,,ニ,ニ,和,に,ニ,28178
,I,景気,景気,ケイキ,名詞-普通名詞-一般,,,ケーキ,ケイキ,漢,景気,ケイキ,10913
,I,回復,回復,カイフク,名詞-普通名詞-サ変可能,,,カイフク,カイフク,漢,回復,カイフク,5892
,I,の,の,ノ,助詞-格助詞,,,ノ,ノ,和,の,ノ,28989
,I,果実,果実,カジツ,名詞-普通名詞-一般,,,カジツ,カジツ,漢,果実,カジツ,6470
,I,を,を,ヲ,助詞-格助詞,,,オ,ヲ,和,を,ヲ,41407
,I,実感,実感,ジッカン,名詞-普通名詞-サ変可能,,,ジッカン,ジッカン,漢,実感,ジッカン,17926
,I,し,為る,スル,動詞-非自立可能,サ行変格,連用形-一般,シ,シ,和,する,スル,19537
,I,て,て,テ,助詞-接続助詞,,,テ,テ,和,て,テ,24874
,I,いただき,頂く,イタダク,動詞-非自立可能,五段-カ行,連用形-一般,イタダキ,イタダキ,和,いただく,イタダク,2011
,I,、,、,,補助記号-読点,,,,,記号,、,,24
,I,不安,不安,フアン,名詞-普通名詞-形状詞可能,,,フアン,フアン,漢,不安,フアン,32348
,I,を,を,ヲ,助詞-格助詞,,,オ,ヲ,和,を,ヲ,41407
,I,希望,希望,キボウ,名詞-普通名詞-サ変可能,,,キボー,キボウ,漢,希望,キボウ,8811
,I,に,に,ニ,助詞-格助詞,,,ニ,ニ,和,に,ニ,28178
,I,変え,変える,カエル,動詞-一般,下一段-ア行,連用形-一般,カエ,カエ,和,変える,カエル,5977
,I,て,て,テ,助詞-接続助詞,,,テ,テ,和,て,テ,24874
,I,いき,行く,イク,動詞-非自立可能,五段-カ行,連用形-一般,イキ,イキ,和,いく,イク,1713
,I,ます,ます,マス,助動詞,助動詞-マス,終止形-一般,マス,マス,和,ます,マス,35697
,I,。,。,,補助記号-句点,,,,,記号,。,,25
,B,　,　,,空白,,,,,記号,　,,23
,I,こう,こう,コウ,副詞,,,コー,コウ,和,こう,コウ,11822
,I,し,為る,スル,動詞-非自立可能,サ行変格,連用形-一般,シ,シ,和,する,スル,19537
,I,た,た,タ,助動詞,助動詞-タ,連体形-一般,タ,タ,和,た,タ,21642
,I,道筋,道筋,ミチスジ,名詞-普通名詞-一般,,,ミチスジ,ミチスジ,和,道筋,ミチスジ,36525
,I,を,を,ヲ,助詞-格助詞,,,オ,ヲ,和,を,ヲ,41407
,I,通じ,通ずる,ツウズル,動詞-一般,サ行変格,連用形-一般,ツージ,ツウジ,混,通ずる,ツウズル,24416
,I,、,、,,補助記号-読点,,,,,記号,、,,24
,I,成長,成長,セイチョウ,名詞-普通名詞-サ変可能,,,セーチョー,セイチョウ,漢,成長,セイチョウ,19911
,I,率,率,リツ,名詞-普通名詞-一般,,,リツ,リツ,漢,率,リツ,40034
,I,の,の,ノ,助詞-格助詞,,,ノ,ノ,和,の,ノ,28989
,I,範囲,範囲,ハンイ,名詞-普通名詞-一般,,,ハンイ,ハンイ,漢,範囲,ハンイ,30315
,I,内,内,ナイ,接尾辞-名詞的-一般,,,ナイ,ナイ,漢,内,ナイ,27441
,I,に,に,ニ,助詞-格助詞,,,ニ,ニ,和,に,ニ,28178
,I,債務,債務,サイム,名詞-普通名詞-一般,,,サイム,サイム,漢,債務,サイム,13824
,I,残高,残高,ザンダカ,名詞-普通名詞-一般,,,ザンダカ,ザンダカ,混,残高,ザンダカ,14905
,I,の,の,ノ,助詞-格助詞,,,ノ,ノ,和,の,ノ,28989
,I,伸び率,伸び率,ノビリツ,名詞-普通名詞-一般,,,ノビリツ,ノビリツ,混,伸び率,ノビリツ,29169
,I,を,を,ヲ,助詞-格助詞,,,オ,ヲ,和,を,ヲ,41407
,I,抑え,押さえる,オサエル,動詞-一般,下一段-ア行,連用形-一般,オサエ,オサエ,和,抑える,オサエル,4890
,I,、,、,,補助記号-読点,,,,,記号,、,,24
,I,政府,政府,セイフ,名詞-普通名詞-一般,,,セーフ,セイフ,漢,政府,セイフ,19974
,I,債務,債務,サイム,名詞-普通名詞-一般,,,サイム,サイム,漢,債務,サイム,13824
,I,残高,残高,ザンダカ,名詞-普通名詞-一般,,,ザンダカ,ザンダカ,混,残高,ザンダカ,14905
,I,の,の,ノ,助詞-格助詞,,,ノ,ノ,和,の,ノ,28989
,I,対,対,タイ,名詞-普通名詞-一般,,,タイ,タイ,漢,対,タイ,21660
,I,ＧＤＰ,ＧＤＰ,ジーディーピー,名詞-普通名詞-一般,,,ジーディーピー,ジーディーピー,記号,ＧＤＰ,ジーディーピー,18852
,I,比,比,ヒ,名詞-普通名詞-一般,,,ヒ,ヒ,漢,比,ヒ,31099
,I,を,を,ヲ,助詞-格助詞,,,オ,ヲ,和,を,ヲ,41407
,I,引き下げ,引き下げる,ヒキサゲル,動詞-一般,下一段-ガ行,連用形-一般,ヒキサゲ,ヒキサゲ,和,引き下げる,ヒキサゲル,31227
,I,て,て,テ,助詞-接続助詞,,,テ,テ,和,て,テ,24874
,I,いく,行く,イク,動詞-非自立可能,五段-カ行,連体形-一般,イク,イク,和,いく,イク,1713
,I,こと,事,コト,名詞-普通名詞-一般,,,コト,コト,和,こと,コト,12836
,I,で,だ,ダ,助動詞,助動詞-ダ,連用形-一般,デ,デ,和,だ,ダ,22916
,I,、,、,,補助記号-読点,,,,,記号,、,,24
,I,財政,財政,ザイセイ,名詞-普通名詞-一般,,,ザイセー,ザイセイ,漢,財政,ザイセイ,14788
,I,の,の,ノ,助詞-格助詞,,,ノ,ノ,和,の,ノ,28989
,I,持続,持続,ジゾク,名詞-普通名詞-サ変可能,,,ジゾク,ジゾク,漢,持続,ジゾク,17905
,I,可能,可能,カノウ,形状詞-一般,,,カノー,カノウ,漢,可能,カノウ,6969
,I,性,性,セイ,接尾辞-名詞的-一般,,,セー,セイ,漢,性,セイ,19682
,I,を,を,ヲ,助詞-格助詞,,,オ,ヲ,和,を,ヲ,41407
,I,実現,実現,ジツゲン,名詞-普通名詞-サ変可能,,,ジツゲン,ジツゲン,漢,実現,ジツゲン,17974
,I,し,為る,スル,動詞-非自立可能,サ行変格,連用形-一般,シ,シ,和,する,スル,19537
,I,、,、,,補助記号-読点,,,,,記号,、,,24
,I,マーケット,マーケット-market,マーケット,名詞-普通名詞-一般,,,マーケット,マーケット,外,マーケット,マーケット,36204
,I,から,から,カラ,助詞-格助詞,,,カラ,カラ,和,から,カラ,7219
,I,の,の,ノ,助詞-格助詞,,,ノ,ノ,和,の,ノ,28989
,I,信認,信認,シンニン,名詞-普通名詞-サ変可能,,,シンニン,シンニン,漢,信認,シンニン,42167
,I,を,を,ヲ,助詞-格助詞,,,オ,ヲ,和,を,ヲ,41407
,I,確保,確保,カクホ,名詞-普通名詞-サ変可能,,,カクホ,カクホ,漢,確保,カクホ,6233
,I,し,為る,スル,動詞-非自立可能,サ行変格,連用形-一般,シ,シ,和,する,スル,19537
,I,て,て,テ,助詞-接続助詞,,,テ,テ,和,て,テ,24874
,I,いき,行く,イク,動詞-非自立可能,五段-カ行,連用形-一般,イキ,イキ,和,いく,イク,1713
,I,ます,ます,マス,助動詞,助動詞-マス,終止形-一般,マス,マス,和,ます,マス,35697
,I,。,。,,補助記号-句点,,,,,記号,。,,25
,B,　,　,,空白,,,,,記号,　,,23
,I,この,此の,コノ,連体詞,,,コノ,コノ,和,この,コノ,12905
,I,内閣,内閣,ナイカク,名詞-普通名詞-一般,,,ナイカク,ナイカク,漢,内閣,ナイカク,27449
,I,が,が,ガ,助詞-格助詞,,,ガ,ガ,和,が,ガ,7889
,I,最,最,サイ,接頭辞,,,サイ,サイ,漢,最,サイ,13633
,I,優先,優先,ユウセン,名詞-普通名詞-サ変可能,,,ユーセン,ユウセン,漢,優先,ユウセン,38684
,I,で,で,デ,助詞-格助詞,,,デ,デ,和,で,デ,25518
,I,取り組む,取り組む,トリクム,動詞-一般,五段-マ行,連体形-一般,トリクム,トリクム,和,取り組む,トリクム,26780
,I,こと,事,コト,名詞-普通名詞-一般,,,コト,コト,和,こと,コト,12836
,I,は,は,ハ,助詞-係助詞,,,ワ,ハ,和,は,ハ,29321
,I,、,、,,補助記号-読点,,,,,記号,、,,24
,I,国民,国民,コクミン,名詞-普通名詞-一般,,,コクミン,コクミン,漢,国民,コクミン,12579
,I,の,の,ノ,助詞-格助詞,,,ノ,ノ,和,の,ノ,28989
,I,皆,皆,ミナ,名詞-普通名詞-副詞可能,,,ミナ,ミナ,和,皆,ミナ,36678
,I,様,様,サマ,接尾辞-名詞的-一般,,,サマ,サマ,和,様,サマ,14374
,I,が,が,ガ,助詞-格助詞,,,ガ,ガ,和,が,ガ,7889
,I,直面,直面,チョクメン,名詞-普通名詞-サ変可能,,,チョクメン,チョクメン,漢,直面,チョクメン,24168
,I,し,為る,スル,動詞-非自立可能,サ行変格,連用形-一般,シ,シ,和,する,スル,19537
,I,て,て,テ,助詞-接続助詞,,,テ,テ,和,て,テ,24874
,I,いる,居る,イル,動詞-非自立可能,上一段-ア行,連体形-一般,イル,イル,和,いる,イル,2585
,I,物価,物価,ブッカ,名詞-普通名詞-一般,,,ブッカ,ブッカ,漢,物価,ブッカ,33365
,I,高,高,ダカ,接尾辞-名詞的-一般,,,ダカ,ダカ,和,高,ダカ,23103
,I,へ,へ,ヘ,助詞-格助詞,,,エ,ヘ,和,へ,ヘ,33819
,I,の,の,ノ,助詞-格助詞,,,ノ,ノ,和,の,ノ,28989
,I,対応,対応,タイオウ,名詞-普通名詞-サ変可能,,,タイオー,タイオウ,漢,対応,タイオウ,21679
,I,です,です,デス,助動詞,助動詞-デス,終止形-一般,デス,デス,和,です,デス,25653
,I,。,。,,補助記号-句点,,,,,記号,。,,25
,I,暮らし,暮らし,クラシ,名詞-普通名詞-一般,,,クラシ,クラシ,和,暮らし,クラシ,10426
,I,の,の,ノ,助詞-格助詞,,,ノ,ノ,和,の,ノ,28989
,I,安心,安心,アンシン,名詞-普通名詞-サ変形状詞可能,,,アンシン,アンシン,漢,安心,アンシン,1357
,I,を,を,ヲ,助詞-格助詞,,,オ,ヲ,和,を,ヲ,41407
,I,確実,確実,カクジツ,形状詞-一般,,,カクジツ,カクジツ,漢,確実,カクジツ,6183
,I,かつ,且つ,カツ,接続詞,,,カツ,カツ,和,かつ,カツ,6773
,I,迅速,迅速,ジンソク,形状詞-一般,,,ジンソク,ジンソク,漢,迅速,ジンソク,18798
,I,に,だ,ダ,助動詞,助動詞-ダ,連用形-ニ,ニ,ニ,和,だ,ダ,22916
,I,届け,届ける,トドケル,動詞-一般,下一段-カ行,連用形-一般,トドケ,トドケ,和,届ける,トドケル,26513
,I,て,て,テ,助詞-接続助詞,,,テ,テ,和,て,テ,24874
,I,まいり,参る,マイル,動詞-非自立可能,五段-ラ行,連用形-一般,マイリ,マイリ,和,まいる,マイル,35450
,I,ます,ます,マス,助動詞,助動詞-マス,終止形-一般,マス,マス,和,ます,マス,35697
,I,。,。,,補助記号-句点,,,,,記号,。,,25
,B,　,　,,空白,,,,,記号,　,,23
,I,物価,物価,ブッカ,名詞-普通名詞-一般,,,ブッカ,ブッカ,漢,物価,ブッカ,33365
,I,上昇,上昇,ジョウショウ,名詞-普通名詞-サ変可能,,,ジョーショー,ジョウショウ,漢,上昇,ジョウショウ,18542
,I,を,を,ヲ,助詞-格助詞,,,オ,ヲ,和,を,ヲ,41407
,I,上回る,上回る,ウワマワル,動詞-一般,五段-ラ行,連体形-一般,ウワマワル,ウワマワル,和,上回る,ウワマワル,3561
,I,賃上げ,賃上げ,チンアゲ,名詞-普通名詞-サ変可能,,,チンアゲ,チンアゲ,混,賃上げ,チンアゲ,24251
,I,が,が,ガ,助詞-格助詞,,,ガ,ガ,和,が,ガ,7889
,I,必要,必要,ヒツヨウ,名詞-普通名詞-形状詞可能,,,ヒツヨー,ヒツヨウ,漢,必要,ヒツヨウ,31473
,I,です,です,デス,助動詞,助動詞-デス,終止形-一般,デス,デス,和,です,デス,25653
,I,が,が,ガ,助詞-接続助詞,,,ガ,ガ,和,が,ガ,7888
,I,、,、,,補助記号-読点,,,,,記号,、,,24
,I,それ,其れ,ソレ,代名詞,,,ソレ,ソレ,和,それ,ソレ,21461
,I,を,を,ヲ,助詞-格助詞,,,オ,ヲ,和,を,ヲ,41407
,I,事業,事業,ジギョウ,名詞-普通名詞-一般,,,ジギョー,ジギョウ,漢,事業,ジギョウ,17803
,I,者,者,シャ,接尾辞-名詞的-一般,,,シャ,シャ,漢,者,シャ,15852
,I,に,に,ニ,助詞-格助詞,,,ニ,ニ,和,に,ニ,28178
,I,丸投げ,丸投げ,マルナゲ,名詞-普通名詞-サ変可能,,,マルナゲ,マルナゲ,和,丸投げ,マルナゲ,87600
,I,し,為る,スル,動詞-非自立可能,サ行変格,連用形-一般,シ,シ,和,する,スル,19537
,I,て,て,テ,助詞-接続助詞,,,テ,テ,和,て,テ,24874
,I,しまっ,仕舞う,シマウ,動詞-非自立可能,五段-ワア行,連用形-促音便,シマッ,シマッ,和,しまう,シマウ,15738
,I,て,て,テ,助詞-接続助詞,,,テ,テ,和,て,テ,24874
,I,は,は,ハ,助詞-係助詞,,,ワ,ハ,和,は,ハ,29321
,I,、,、,,補助記号-読点,,,,,記号,、,,24
,I,事業,事業,ジギョウ,名詞-普通名詞-一般,,,ジギョー,ジギョウ,漢,事業,ジギョウ,17803
,I,者,者,シャ,接尾辞-名詞的-一般,,,シャ,シャ,漢,者,シャ,15852
,I,の,の,ノ,助詞-格助詞,,,ノ,ノ,和,の,ノ,28989
,I,経営,経営,ケイエイ,名詞-普通名詞-サ変可能,,,ケーエー,ケイエイ,漢,経営,ケイエイ,10896
,I,が,が,ガ,助詞-格助詞,,,ガ,ガ,和,が,ガ,7889
,I,苦しく,苦しい,クルシイ,形容詞-一般,形容詞,連用形-一般,クルシク,クルシク,和,苦しい,クルシイ,10523
,I,なる,成る,ナル,動詞-非自立可能,五段-ラ行,連体形-一般,ナル,ナル,和,なる,ナル,28061
,I,だけ,だけ,ダケ,助詞-副助詞,,,ダケ,ダケ,和,だけ,ダケ,23122
,I,です,です,デス,助動詞,助動詞-デス,終止形-一般,デス,デス,和,です,デス,25653
,I,。,。,,補助記号-句点,,,,,記号,。,,25
,I,継続,継続,ケイゾク,名詞-普通名詞-サ変可能,,,ケーゾク,ケイゾク,漢,継続,ケイゾク,11000
,I,的,的,テキ,接尾辞-形状詞的,,,テキ,テキ,漢,的,テキ,25076
,I,に,だ,ダ,助動詞,助動詞-ダ,連用形-ニ,ニ,ニ,和,だ,ダ,22916
,I,賃上げ,賃上げ,チンアゲ,名詞-普通名詞-サ変可能,,,チンアゲ,チンアゲ,混,賃上げ,チンアゲ,24251
,I,できる,出来る,デキル,動詞-非自立可能,上一段-カ行,連体形-一般,デキル,デキル,和,できる,デキル,25624
,I,環境,環境,カンキョウ,名詞-普通名詞-一般,,,カンキョー,カンキョウ,漢,環境,カンキョウ,7531
,I,を,を,ヲ,助詞-格助詞,,,オ,ヲ,和,を,ヲ,41407
,I,整える,整える,トトノエル,動詞-一般,下一段-ア行,連体形-一般,トトノエル,トトノエル,和,整える,トトノエル,26508
,I,こと,事,コト,名詞-普通名詞-一般,,,コト,コト,和,こと,コト,12836
,I,こそ,こそ,コソ,助詞-係助詞,,,コソ,コソ,和,こそ,コソ,12738
,I,が,が,ガ,助詞-格助詞,,,ガ,ガ,和,が,ガ,7889
,I,、,、,,補助記号-読点,,,,,記号,、,,24
,I,政府,政府,セイフ,名詞-普通名詞-一般,,,セーフ,セイフ,漢,政府,セイフ,19974
,I,の,の,ノ,助詞-格助詞,,,ノ,ノ,和,の,ノ,28989
,I,役割,役割,ヤクワリ,名詞-普通名詞-一般,,,ヤクワリ,ヤクワリ,混,役割,ヤクワリ,38212
,I,です,です,デス,助動詞,助動詞-デス,終止形-一般,デス,デス,和,です,デス,25653
,I,。,。,,補助記号-句点,,,,,記号,。,,25
,B,　,　,,空白,,,,,記号,　,,23
,I,しかし,然し,シカシ,接続詞,,,シカシ,シカシ,和,しかし,シカシ,15066
,I,、,、,,補助記号-読点,,,,,記号,、,,24
,I,実質,実質,ジッシツ,名詞-普通名詞-一般,,,ジッシツ,ジッシツ,漢,実質,ジッシツ,17941
,I,賃金,賃金,チンギン,名詞-普通名詞-一般,,,チンギン,チンギン,漢,賃金,チンギン,24257
,I,の,の,ノ,助詞-格助詞,,,ノ,ノ,和,の,ノ,28989
,I,継続,継続,ケイゾク,名詞-普通名詞-サ変可能,,,ケーゾク,ケイゾク,漢,継続,ケイゾク,11000
,I,的,的,テキ,接尾辞-形状詞的,,,テキ,テキ,漢,的,テキ,25076
,I,上昇,上昇,ジョウショウ,名詞-普通名詞-サ変可能,,,ジョーショー,ジョウショウ,漢,上昇,ジョウショウ,18542
,I,が,が,ガ,助詞-格助詞,,,ガ,ガ,和,が,ガ,7889
,I,定着,定着,テイチャク,名詞-普通名詞-サ変可能,,,テーチャク,テイチャク,漢,定着,テイチャク,25025
,I,する,為る,スル,動詞-非自立可能,サ行変格,連体形-一般,スル,スル,和,する,スル,19537
,I,まで,まで,マデ,助詞-副助詞,,,マデ,マデ,和,まで,マデ,35891
,I,に,に,ニ,助詞-格助詞,,,ニ,ニ,和,に,ニ,28178
,I,は,は,ハ,助詞-係助詞,,,ワ,ハ,和,は,ハ,29321
,I,、,、,,補助記号-読点,,,,,記号,、,,24
,I,一定,一定,イッテイ,名詞-普通名詞-サ変形状詞可能,,,イッテー,イッテイ,漢,一定,イッテイ,2242
,I,の,の,ノ,助詞-格助詞,,,ノ,ノ,和,の,ノ,28989
,I,時間,時間,ジカン,名詞-普通名詞-助数詞可能,,,ジカン,ジカン,漢,時間,ジカン,17768
,I,を,を,ヲ,助詞-格助詞,,,オ,ヲ,和,を,ヲ,41407
,I,要し,要する,ヨウスル,動詞-一般,サ行変格,連用形-一般,ヨーシ,ヨウシ,混,要する,ヨウスル,39100
,I,ます,ます,マス,助動詞,助動詞-マス,終止形-一般,マス,マス,和,ます,マス,35697
,I,。,。,,補助記号-句点,,,,,記号,。,,25
,I,また,又,マタ,接続詞,,,マタ,マタ,和,また,マタ,35734
,I,、,、,,補助記号-読点,,,,,記号,、,,24
,I,米国,米国,ベイコク,名詞-固有名詞-地名-国,,,ベーコク,ベイコク,固,米国,ベイコク,34111
,I,の,の,ノ,助詞-格助詞,,,ノ,ノ,和,の,ノ,28989
,I,関税,関税,カンゼイ,名詞-普通名詞-一般,,,カンゼー,カンゼイ,漢,関税,カンゼイ,7682
,I,措置,措置,ソチ,名詞-普通名詞-サ変可能,,,ソチ,ソチ,漢,措置,ソチ,21327
,I,の,の,ノ,助詞-格助詞,,,ノ,ノ,和,の,ノ,28989
,I,影響,影響,エイキョウ,名詞-普通名詞-サ変可能,,,エーキョー,エイキョウ,漢,影響,エイキョウ,3645
,I,を,を,ヲ,助詞-格助詞,,,オ,ヲ,和,を,ヲ,41407
,I,受ける,受ける,ウケル,動詞-一般,下一段-カ行,連体形-一般,ウケル,ウケル,和,受ける,ウケル,3089
,I,事業,事業,ジギョウ,名詞-普通名詞-一般,,,ジギョー,ジギョウ,漢,事業,ジギョウ,17803
,I,者,者,シャ,接尾辞-名詞的-一般,,,シャ,シャ,漢,者,シャ,15852
,I,へ,へ,ヘ,助詞-格助詞,,,エ,ヘ,和,へ,ヘ,33819
,I,の,の,ノ,助詞-格助詞,,,ノ,ノ,和,の,ノ,28989
,I,対応,対応,タイオウ,名詞-普通名詞-サ変可能,,,タイオー,タイオウ,漢,対応,タイオウ,21679
,I,、,、,,補助記号-読点,,,,,記号,、,,24
,I,経営,経営,ケイエイ,名詞-普通名詞-サ変可能,,,ケーエー,ケイエイ,漢,経営,ケイエイ,10896
,I,難,難,ナン,名詞-普通名詞-一般,,,ナン,ナン,漢,難,ナン,28088
,I,が,が,ガ,助詞-格助詞,,,ガ,ガ,和,が,ガ,7889
,I,深刻,深刻,シンコク,形状詞-一般,,,シンコク,シンコク,漢,深刻,シンコク,17330
,I,化,化,カ,接尾辞-名詞的-サ変可能,,,カ,カ,漢,化,カ,5577
,I,する,為る,スル,動詞-非自立可能,サ行変格,連体形-一般,スル,スル,和,する,スル,19537
,I,医療,医療,イリョウ,名詞-普通名詞-一般,,,イリョー,イリョウ,漢,医療,イリョウ,2580
,I,機関,機関,キカン,名詞-普通名詞-一般,,,キカン,キカン,漢,機関,キカン,8330
,I,や,や,ヤ,助詞-副助詞,,,ヤ,ヤ,和,や,ヤ,38083
,I,介護,介護,カイゴ,名詞-普通名詞-サ変可能,,,カイゴ,カイゴ,漢,介護,カイゴ,5718
,I,施設,施設,シセツ,名詞-普通名詞-サ変可能,,,シセツ,シセツ,漢,施設,シセツ,15374
,I,へ,へ,ヘ,助詞-格助詞,,,エ,ヘ,和,へ,ヘ,33819
,I,の,の,ノ,助詞-格助詞,,,ノ,ノ,和,の,ノ,28989
,I,支援,支援,シエン,名詞-普通名詞-サ変可能,,,シエン,シエン,漢,支援,シエン,15014
,I,など,など,ナド,助詞-副助詞,,,ナド,ナド,和,など,ナド,27905
,I,も,も,モ,助詞-係助詞,,,モ,モ,和,も,モ,37562
,I,、,、,,補助記号-読点,,,,,記号,、,,24
,I,急,急,キュウ,名詞-普通名詞-形状詞可能,,,キュー,キュウ,漢,急,キュウ,8932
,I,を,を,ヲ,助詞-格助詞,,,オ,ヲ,和,を,ヲ,41407
,I,要し,要する,ヨウスル,動詞-一般,サ行変格,連用形-一般,ヨーシ,ヨウシ,混,要する,ヨウスル,39100
,I,ます,ます,マス,助動詞,助動詞-マス,終止形-一般,マス,マス,和,ます,マス,35697
,I,。,。,,補助記号-句点,,,,,記号,。,,25
,I, 　,　,,空白,,,,,記号,　,,23
,I,既に,既に,スデニ,副詞,,,スデニ,スデニ,和,既に,スデニ,19286
,I,、,、,,補助記号-読点,,,,,記号,、,,24
,I,経済,経済,ケイザイ,名詞-普通名詞-一般,,,ケーザイ,ケイザイ,漢,経済,ケイザイ,10945
,I,対策,対策,タイサク,名詞-普通名詞-一般,,,タイサク,タイサク,漢,対策,タイサク,21763
,I,の,の,ノ,助詞-格助詞,,,ノ,ノ,和,の,ノ,28989
,I,策定,策定,サクテイ,名詞-普通名詞-サ変可能,,,サクテー,サクテイ,漢,策定,サクテイ,14024
,I,に,に,ニ,助詞-格助詞,,,ニ,ニ,和,に,ニ,28178
,I,着手,着手,チャクシュ,名詞-普通名詞-サ変可能,,,チャクシュ,チャクシュ,漢,着手,チャクシュ,23651
,I,する,為る,スル,動詞-非自立可能,サ行変格,連体形-一般,スル,スル,和,する,スル,19537
,I,よう,様,ヨウ,形状詞-助動詞語幹,,,ヨー,ヨウ,漢,よう,ヨウ,39002
,I,指示,指示,シジ,名詞-普通名詞-サ変可能,,,シジ,シジ,漢,指示,シジ,15309
,I,を,を,ヲ,助詞-格助詞,,,オ,ヲ,和,を,ヲ,41407
,I,行い,行う,オコナウ,動詞-一般,五段-ワア行,連用形-一般,オコナイ,オコナイ,和,行う,オコナウ,4875
,I,まし,ます,マス,助動詞,助動詞-マス,連用形-一般,マシ,マシ,和,ます,マス,35697
,I,た,た,タ,助動詞,助動詞-タ,終止形-一般,タ,タ,和,た,タ,21642
,I,。,。,,補助記号-句点,,,,,記号,。,,25
,I,野党,野党,ヤトウ,名詞-普通名詞-一般,,,ヤトー,ヤトウ,漢,野党,ヤトウ,38354
,I,の,の,ノ,助詞-格助詞,,,ノ,ノ,和,の,ノ,28989
,I,皆,皆,ミナ,名詞-普通名詞-副詞可能,,,ミナ,ミナ,和,皆,ミナ,36678
,I,様,様,サマ,接尾辞-名詞的-一般,,,サマ,サマ,和,様,サマ,14374
,I,と,と,ト,助詞-格助詞,,,ト,ト,和,と,ト,25826
,I,の,の,ノ,助詞-格助詞,,,ノ,ノ,和,の,ノ,28989
,I,真摯,真摯,シンシ,形状詞-一般,,,シンシ,シンシ,漢,真摯,シンシ,17346
,I,な,だ,ダ,助動詞,助動詞-ダ,連体形-一般,ナ,ナ,和,だ,ダ,22916
,I,対話,対話,タイワ,名詞-普通名詞-サ変可能,,,タイワ,タイワ,漢,対話,タイワ,21966
,I,と,と,ト,助詞-格助詞,,,ト,ト,和,と,ト,25826
,I,合意,合意,ゴウイ,名詞-普通名詞-サ変可能,,,ゴーイ,ゴウイ,漢,合意,ゴウイ,13349
,I,を,を,ヲ,助詞-格助詞,,,オ,ヲ,和,を,ヲ,41407
,I,積み重ね,積み重ねる,ツミカサネル,動詞-一般,下一段-ナ行,連用形-一般,ツミカサネ,ツミカサネ,和,積み重ねる,ツミカサネル,24752
,I,ながら,ながら,ナガラ,助詞-接続助詞,,,ナガラ,ナガラ,和,ながら,ナガラ,27743
,I,、,、,,補助記号-読点,,,,,記号,、,,24
,I,速やか,速やか,スミヤカ,形状詞-一般,,,スミヤカ,スミヤカ,和,速やか,スミヤカ,19472
,I,に,だ,ダ,助動詞,助動詞-ダ,連用形-ニ,ニ,ニ,和,だ,ダ,22916
,I,対策,対策,タイサク,名詞-普通名詞-一般,,,タイサク,タイサク,漢,対策,タイサク,21763
,I,を,を,ヲ,助詞-格助詞,,,オ,ヲ,和,を,ヲ,41407
,I,取りまとめ,取り纏める,トリマトメル,動詞-一般,下一段-マ行,連用形-一般,トリマトメ,トリマトメ,和,取りまとめる,トリマトメル,26839
,I,、,、,,補助記号-読点,,,,,記号,、,,24
,I,必要,必要,ヒツヨウ,名詞-普通名詞-形状詞可能,,,ヒツヨー,ヒツヨウ,漢,必要,ヒツヨウ,31473
,I,な,だ,ダ,助動詞,助動詞-ダ,連体形-一般,ナ,ナ,和,だ,ダ,22916
,I,補正,補正,ホセイ,名詞-普通名詞-サ変可能,,,ホセー,ホセイ,漢,補正,ホセイ,34696
,I,予算,予算,ヨサン,名詞-普通名詞-一般,,,ヨサン,ヨサン,漢,予算,ヨサン,39262
,I,を,を,ヲ,助詞-格助詞,,,オ,ヲ,和,を,ヲ,41407
,I,国会,国会,コッカイ,名詞-普通名詞-一般,,,コッカイ,コッカイ,漢,国会,コッカイ,12783
,I,に,に,ニ,助詞-格助詞,,,ニ,ニ,和,に,ニ,28178
,I,提出,提出,テイシュツ,名詞-普通名詞-サ変可能,,,テーシュツ,テイシュツ,漢,提出,テイシュツ,24983
,I,いたし,致す,イタス,動詞-非自立可能,五段-サ行,連用形-一般,イタシ,イタシ,和,いたす,イタス,2004
,I,ます,ます,マス,助動詞,助動詞-マス,終止形-一般,マス,マス,和,ます,マス,35697
,I,。,。,,補助記号-句点,,,,,記号,。,,25
,I,国民,国民,コクミン,名詞-普通名詞-一般,,,コクミン,コクミン,漢,国民,コクミン,12579
,I,の,の,ノ,助詞-格助詞,,,ノ,ノ,和,の,ノ,28989
,I,皆,皆,ミナ,名詞-普通名詞-副詞可能,,,ミナ,ミナ,和,皆,ミナ,36678
,I,様,様,サマ,接尾辞-名詞的-一般,,,サマ,サマ,和,様,サマ,14374
,I,の,の,ノ,助詞-格助詞,,,ノ,ノ,和,の,ノ,28989
,I,暮らし,暮らし,クラシ,名詞-普通名詞-一般,,,クラシ,クラシ,和,暮らし,クラシ,10426
,I,を,を,ヲ,助詞-格助詞,,,オ,ヲ,和,を,ヲ,41407
,I,守る,守る,マモル,動詞-一般,五段-ラ行,連体形-一般,マモル,マモル,和,守る,マモル,36011
,I,経済,経済,ケイザイ,名詞-普通名詞-一般,,,ケーザイ,ケイザイ,漢,経済,ケイザイ,10945
,I,対策,対策,タイサク,名詞-普通名詞-一般,,,タイサク,タイサク,漢,対策,タイサク,21763
,I,・,・,,補助記号-一般,,,,・,記号,・,,44
,I,補正,補正,ホセイ,名詞-普通名詞-サ変可能,,,ホセー,ホセイ,漢,補正,ホセイ,34696
,I,予算,予算,ヨサン,名詞-普通名詞-一般,,,ヨサン,ヨサン,漢,予算,ヨサン,39262
,I,と,と,ト,助詞-格助詞,,,ト,ト,和,と,ト,25826
,I,なる,成る,ナル,動詞-非自立可能,五段-ラ行,連体形-一般,ナル,ナル,和,なる,ナル,28061
,I,よう,様,ヨウ,形状詞-助動詞語幹,,,ヨー,ヨウ,漢,よう,ヨウ,39002
,I,、,、,,補助記号-読点,,,,,記号,、,,24
,I,与野党,与野党,ヨヤトウ,名詞-普通名詞-一般,,,ヨヤトー,ヨヤトウ,漢,与野党,ヨヤトウ,39497
,I,で,で,デ,助詞-格助詞,,,デ,デ,和,で,デ,25518
,I,知恵,知恵,チエ,名詞-普通名詞-一般,,,チエ,チエ,漢,知恵,チエ,23419
,I,を,を,ヲ,助詞-格助詞,,,オ,ヲ,和,を,ヲ,41407
,I,結集,結集,ケッシュウ,名詞-普通名詞-サ変可能,,,ケッシュー,ケッシュウ,漢,結集,ケッシュウ,11142
,I,し,為る,スル,動詞-非自立可能,サ行変格,連用形-一般,シ,シ,和,する,スル,19537
,I,ましょう,ます,マス,助動詞,助動詞-マス,意志推量形,マショー,マショウ,和,ます,マス,35697
,I,。,。,,補助記号-句点,,,,,記号,。,,25
,B,　,　,,空白,,,,,記号,　,,23
,I,自由,自由,ジユウ,名詞-普通名詞-形状詞可能,,,ジユー,ジユウ,漢,自由,ジユウ,18456
,I,民主,民主,ミンシュ,名詞-普通名詞-一般,,,ミンシュ,ミンシュ,漢,民主,ミンシュ,36952
,I,党,党,トウ,接尾辞-名詞的-一般,,,トー,トウ,漢,党,トウ,25857
,I,が,が,ガ,助詞-格助詞,,,ガ,ガ,和,が,ガ,7889
,I,この,此の,コノ,連体詞,,,コノ,コノ,和,この,コノ,12905
,I,夏,夏,ナツ,名詞-普通名詞-副詞可能,,,ナツ,ナツ,和,夏,ナツ,27874
,I,の,の,ノ,助詞-格助詞,,,ノ,ノ,和,の,ノ,28989
,I,参議,参議,サンギ,名詞-普通名詞-一般,,,サンギ,サンギ,漢,参議,サンギ,14543
,I,院,院,イン,接尾辞-名詞的-一般,,,イン,イン,漢,院,イン,2709
,I,議員,議員,ギイン,名詞-普通名詞-一般,,,ギイン,ギイン,漢,議員,ギイン,9762
,I,選挙,選挙,センキョ,名詞-普通名詞-サ変可能,,,センキョ,センキョ,漢,選挙,センキョ,20416
,I,で,で,デ,助詞-格助詞,,,デ,デ,和,で,デ,25518
,I,公約,公約,コウヤク,名詞-普通名詞-サ変可能,,,コーヤク,コウヤク,漢,公約,コウヤク,12400
,I,と,と,ト,助詞-格助詞,,,ト,ト,和,と,ト,25826
,I,し,為る,スル,動詞-非自立可能,サ行変格,連用形-一般,シ,シ,和,する,スル,19537
,I,て,て,テ,助詞-接続助詞,,,テ,テ,和,て,テ,24874
,I,掲げ,掲げる,カカゲル,動詞-一般,下一段-ガ行,連用形-一般,カカゲ,カカゲ,和,掲げる,カカゲル,6004
,I,た,た,タ,助動詞,助動詞-タ,連体形-一般,タ,タ,和,た,タ,21642
,I,給付,給付,キュウフ,名詞-普通名詞-サ変可能,,,キューフ,キュウフ,漢,給付,キュウフ,9076
,I,金,金,キン,接尾辞-名詞的-一般,,,キン,キン,漢,金,キン,9605
,I,に,に,ニ,助詞-格助詞,,,ニ,ニ,和,に,ニ,28178
,I,つい,つく,ツク,動詞-一般,五段-カ行,連用形-イ音便,ツイ,ツイ,和,つく,ツク,24536
,I,て,て,テ,助詞-接続助詞,,,テ,テ,和,て,テ,24874
,I,は,は,ハ,助詞-係助詞,,,ワ,ハ,和,は,ハ,29321
,I,、,、,,補助記号-読点,,,,,記号,、,,24
,I,国民,国民,コクミン,名詞-普通名詞-一般,,,コクミン,コクミン,漢,国民,コクミン,12579
,I,の,の,ノ,助詞-格助詞,,,ノ,ノ,和,の,ノ,28989
,I,皆,皆,ミナ,名詞-普通名詞-副詞可能,,,ミナ,ミナ,和,皆,ミナ,36678
,I,様,様,サマ,接尾辞-名詞的-一般,,,サマ,サマ,和,様,サマ,14374
,I,の,の,ノ,助詞-格助詞,,,ノ,ノ,和,の,ノ,28989
,I,御,御,ゴ,接頭辞,,,ゴ,ゴ,漢,御,ゴ,13332
,I,理解,理解,リカイ,名詞-普通名詞-サ変可能,,,リカイ,リカイ,漢,理解,リカイ,39891
,I,が,が,ガ,助詞-格助詞,,,ガ,ガ,和,が,ガ,7889
,I,得,得る,エル,動詞-非自立可能,下一段-ア行,未然形-一般,エ,エ,和,得る,エル,4108
,I,られ,られる,ラレル,助動詞,助動詞-レル,未然形-一般,ラレ,ラレ,和,られる,ラレル,39787
,I,なかっ,ない,ナイ,助動詞,助動詞-ナイ,連用形-促音便,ナカッ,ナカッ,和,ない,ナイ,27438
,I,た,た,タ,助動詞,助動詞-タ,連体形-一般,タ,タ,和,た,タ,21642
,I,こと,事,コト,名詞-普通名詞-一般,,,コト,コト,和,こと,コト,12836
,I,から,から,カラ,助詞-格助詞,,,カラ,カラ,和,から,カラ,7219
,I,、,、,,補助記号-読点,,,,,記号,、,,24
,I,実施,実施,ジッシ,名詞-普通名詞-サ変可能,,,ジッシ,ジッシ,漢,実施,ジッシ,17940
,I,し,為る,スル,動詞-非自立可能,サ行変格,連用形-一般,シ,シ,和,する,スル,19537
,I,ませ,ます,マス,助動詞,助動詞-マス,未然形-一般,マセ,マセ,和,ます,マス,35697
,I,ん,ず,ズ,助動詞,助動詞-ヌ,終止形-撥音便,ン,ン,和,ぬ,ヌ,19587
,I,。,。,,補助記号-句点,,,,,記号,。,,25
,I,むしろ,寧ろ,ムシロ,副詞,,,ムシロ,ムシロ,和,むしろ,ムシロ,37111
,I,、,、,,補助記号-読点,,,,,記号,、,,24
,I,物価,物価,ブッカ,名詞-普通名詞-一般,,,ブッカ,ブッカ,漢,物価,ブッカ,33365
,I,高,高,ダカ,接尾辞-名詞的-一般,,,ダカ,ダカ,和,高,ダカ,23103
,I,に,に,ニ,助詞-格助詞,,,ニ,ニ,和,に,ニ,28178
,I,関する,関する,カンスル,動詞-一般,サ行変格,連体形-一般,カンスル,カンスル,混,関する,カンスル,7663
,I,国民,国民,コクミン,名詞-普通名詞-一般,,,コクミン,コクミン,漢,国民,コクミン,12579
,I,の,の,ノ,助詞-格助詞,,,ノ,ノ,和,の,ノ,28989
,I,皆,皆,ミナ,名詞-普通名詞-副詞可能,,,ミナ,ミナ,和,皆,ミナ,36678
,I,様,様,サマ,接尾辞-名詞的-一般,,,サマ,サマ,和,様,サマ,14374
,I,の,の,ノ,助詞-格助詞,,,ノ,ノ,和,の,ノ,28989
,I,御,御,ゴ,接頭辞,,,ゴ,ゴ,漢,御,ゴ,13332
,I,懸念,懸念,ケネン,名詞-普通名詞-サ変可能,,,ケネン,ケネン,漢,懸念,ケネン,11208
,I,一,一,ヒト,名詞-数詞,,,ヒト,ヒト,和,一,ヒト,31499
,I,つ,つ,ツ,接尾辞-名詞的-助数詞,,,ツ,ツ,和,つ,ツ,24322
,I,一,一,ヒト,名詞-数詞,,,ヒト,ヒト,和,一,ヒト,31499
,I,つ,つ,ツ,接尾辞-名詞的-助数詞,,,ツ,ツ,和,つ,ツ,24322
,I,に,に,ニ,助詞-格助詞,,,ニ,ニ,和,に,ニ,28178
,I,、,、,,補助記号-読点,,,,,記号,、,,24
,I,丁寧,丁寧,テイネイ,形状詞-一般,,,テーネー,テイネイ,漢,丁寧,テイネイ,25036
,I,に,だ,ダ,助動詞,助動詞-ダ,連用形-ニ,ニ,ニ,和,だ,ダ,22916
,I,対策,対策,タイサク,名詞-普通名詞-一般,,,タイサク,タイサク,漢,対策,タイサク,21763
,I,を,を,ヲ,助詞-格助詞,,,オ,ヲ,和,を,ヲ,41407
,I,とっ,取る,トル,動詞-一般,五段-ラ行,連用形-促音便,トッ,トッ,和,とる,トル,26854
,I,て,て,テ,助詞-接続助詞,,,テ,テ,和,て,テ,24874
,I,いき,行く,イク,動詞-非自立可能,五段-カ行,連用形-一般,イキ,イキ,和,いく,イク,1713
,I,ます,ます,マス,助動詞,助動詞-マス,終止形-一般,マス,マス,和,ます,マス,35697
,I,。,。,,補助記号-句点,,,,,記号,。,,25
,B,　,　,,空白,,,,,記号,　,,23
,I,まず,先ず,マズ,副詞,,,マズ,マズ,和,まず,マズ,35721
,I,、,、,,補助記号-読点,,,,,記号,、,,24
,I,いわゆる,所謂,イワユル,連体詞,,,イワユル,イワユル,和,いわゆる,イワユル,2694
,I,ガソリン,ガソリン-gasoline,ガソリン,名詞-普通名詞-一般,,,ガソリン,ガソリン,外,ガソリン,ガソリン,8068
,I,税,税,ゼイ,名詞-普通名詞-一般,,,ゼー,ゼイ,漢,税,ゼイ,20694
,I,の,の,ノ,助詞-格助詞,,,ノ,ノ,和,の,ノ,28989
,I,暫定,暫定,ザンテイ,名詞-普通名詞-一般,,,ザンテー,ザンテイ,漢,暫定,ザンテイ,14907
,I,税率,税率,ゼイリツ,名詞-普通名詞-一般,,,ゼーリツ,ゼイリツ,漢,税率,ゼイリツ,20710
,I,に,に,ニ,助詞-格助詞,,,ニ,ニ,和,に,ニ,28178
,I,つい,つく,ツク,動詞-一般,五段-カ行,連用形-イ音便,ツイ,ツイ,和,つく,ツク,24536
,I,て,て,テ,助詞-接続助詞,,,テ,テ,和,て,テ,24874
,I,は,は,ハ,助詞-係助詞,,,ワ,ハ,和,は,ハ,29321
,I,、,、,,補助記号-読点,,,,,記号,、,,24
,I,各党,各党,カクトウ,名詞-普通名詞-一般,,,カクトー,カクトウ,漢,各党,カクトウ,6210
,I,間,間,カン,接尾辞-名詞的-副詞可能,,,カン,カン,漢,間,カン,7477
,I,の,の,ノ,助詞-格助詞,,,ノ,ノ,和,の,ノ,28989
,I,議論,議論,ギロン,名詞-普通名詞-サ変可能,,,ギロン,ギロン,漢,議論,ギロン,9967
,I,を,を,ヲ,助詞-格助詞,,,オ,ヲ,和,を,ヲ,41407
,I,踏まえ,踏まえる,フマエル,動詞-一般,下一段-ア行,連用形-一般,フマエ,フマエ,和,踏まえる,フマエル,32991
,I,、,、,,補助記号-読点,,,,,記号,、,,24
,I,今,今,コン,接頭辞,,,コン,コン,漢,今,コン,13139
,I,国会,国会,コッカイ,名詞-普通名詞-一般,,,コッカイ,コッカイ,漢,国会,コッカイ,12783
,I,で,で,デ,助詞-格助詞,,,デ,デ,和,で,デ,25518
,I,の,の,ノ,助詞-格助詞,,,ノ,ノ,和,の,ノ,28989
,I,廃止,廃止,ハイシ,名詞-普通名詞-サ変可能,,,ハイシ,ハイシ,漢,廃止,ハイシ,29391
,I,法,法,ホウ,名詞-普通名詞-一般,,,ホー,ホウ,漢,法,ホウ,34380
,I,案,案,アン,名詞-普通名詞-一般,,,アン,アン,漢,案,アン,1321
,I,の,の,ノ,助詞-格助詞,,,ノ,ノ,和,の,ノ,28989
,I,成立,成立,セイリツ,名詞-普通名詞-サ変可能,,,セーリツ,セイリツ,漢,成立,セイリツ,20026
,I,を,を,ヲ,助詞-格助詞,,,オ,ヲ,和,を,ヲ,41407
,I,期し,期する,キスル,動詞-一般,サ行変格,連用形-一般,キシ,キシ,混,期する,キスル,8541
,I,ます,ます,マス,助動詞,助動詞-マス,終止形-一般,マス,マス,和,ます,マス,35697
,I,。,。,,補助記号-句点,,,,,記号,。,,25
,I,軽油,軽油,ケイユ,名詞-普通名詞-一般,,,ケーユ,ケイユ,漢,軽油,ケイユ,11058
,I,引取,引き取り,ヒキトリ,名詞-普通名詞-一般,,,ヒキトリ,ヒキトリ,和,引取,ヒキトリ,93645
,I,税,税,ゼイ,名詞-普通名詞-一般,,,ゼー,ゼイ,漢,税,ゼイ,20694
,I,の,の,ノ,助詞-格助詞,,,ノ,ノ,和,の,ノ,28989
,I,暫定,暫定,ザンテイ,名詞-普通名詞-一般,,,ザンテー,ザンテイ,漢,暫定,ザンテイ,14907
,I,税率,税率,ゼイリツ,名詞-普通名詞-一般,,,ゼーリツ,ゼイリツ,漢,税率,ゼイリツ,20710
,I,も,も,モ,助詞-係助詞,,,モ,モ,和,も,モ,37562
,I,、,、,,補助記号-読点,,,,,記号,、,,24
,I,早期,早期,ソウキ,名詞-普通名詞-一般,,,ソーキ,ソウキ,漢,早期,ソウキ,20987
,I,の,の,ノ,助詞-格助詞,,,ノ,ノ,和,の,ノ,28989
,I,廃止,廃止,ハイシ,名詞-普通名詞-サ変可能,,,ハイシ,ハイシ,漢,廃止,ハイシ,29391
,I,を,を,ヲ,助詞-格助詞,,,オ,ヲ,和,を,ヲ,41407
,I,目指し,目指す,メザス,動詞-一般,五段-サ行,連用形-一般,メザシ,メザシ,和,目指す,メザス,37392
,I,ます,ます,マス,助動詞,助動詞-マス,終止形-一般,マス,マス,和,ます,マス,35697
,I,。,。,,補助記号-句点,,,,,記号,。,,25
,I,これ,此れ,コレ,代名詞,,,コレ,コレ,和,これ,コレ,13095
,I,ら,等,ラ,接尾辞-名詞的-一般,,,ラ,ラ,和,ら,ラ,39572
,I,の,の,ノ,助詞-格助詞,,,ノ,ノ,和,の,ノ,28989
,I,廃止,廃止,ハイシ,名詞-普通名詞-サ変可能,,,ハイシ,ハイシ,漢,廃止,ハイシ,29391
,I,に,に,ニ,助詞-格助詞,,,ニ,ニ,和,に,ニ,28178
,I,伴い,伴う,トモナウ,動詞-一般,五段-ワア行,連用形-一般,トモナイ,トモナイ,和,伴う,トモナウ,26662
,I,必要,必要,ヒツヨウ,名詞-普通名詞-形状詞可能,,,ヒツヨー,ヒツヨウ,漢,必要,ヒツヨウ,31473
,I,と,と,ト,助詞-格助詞,,,ト,ト,和,と,ト,25826
,I,なる,成る,ナル,動詞-非自立可能,五段-ラ行,連体形-一般,ナル,ナル,和,なる,ナル,28061
,I,国,国,クニ,名詞-普通名詞-一般,,,クニ,クニ,和,国,クニ,10282
,I,及び,及び,オヨビ,接続詞,,,オヨビ,オヨビ,和,及び,オヨビ,5315
,I,地方,地方,チホウ,名詞-普通名詞-一般,,,チホー,チホウ,漢,地方,チホウ,23612
,I,自治,自治,ジチ,名詞-普通名詞-一般,,,ジチ,ジチ,漢,自治,ジチ,17918
,I,体,体,タイ,名詞-普通名詞-助数詞可能,,,タイ,タイ,漢,体,タイ,21657
,I,の,の,ノ,助詞-格助詞,,,ノ,ノ,和,の,ノ,28989
,I,安定,安定,アンテイ,名詞-普通名詞-サ変形状詞可能,,,アンテー,アンテイ,漢,安定,アンテイ,1389
,I,財源,財源,ザイゲン,名詞-普通名詞-一般,,,ザイゲン,ザイゲン,漢,財源,ザイゲン,14777
,I,を,を,ヲ,助詞-格助詞,,,オ,ヲ,和,を,ヲ,41407
,I,確保,確保,カクホ,名詞-普通名詞-サ変可能,,,カクホ,カクホ,漢,確保,カクホ,6233
,I,し,為る,スル,動詞-非自立可能,サ行変格,連用形-一般,シ,シ,和,する,スル,19537
,I,つつ,つつ,ツツ,助詞-接続助詞,,,ツツ,ツツ,和,つつ,ツツ,24632
,I,、,、,,補助記号-読点,,,,,記号,、,,24
,I,廃止,廃止,ハイシ,名詞-普通名詞-サ変可能,,,ハイシ,ハイシ,漢,廃止,ハイシ,29391
,I,まで,まで,マデ,助詞-副助詞,,,マデ,マデ,和,まで,マデ,35891
,I,の,の,ノ,助詞-格助詞,,,ノ,ノ,和,の,ノ,28989
,I,間,間,アイダ,名詞-普通名詞-副詞可能,,,アイダ,アイダ,和,間,アイダ,168
,I,も,も,モ,助詞-係助詞,,,モ,モ,和,も,モ,37562
,I,、,、,,補助記号-読点,,,,,記号,、,,24
,I,補助,補助,ホジョ,名詞-普通名詞-サ変可能,,,ホジョ,ホジョ,漢,補助,ホジョ,34687
,I,金,金,キン,接尾辞-名詞的-一般,,,キン,キン,漢,金,キン,9605
,I,を,を,ヲ,助詞-格助詞,,,オ,ヲ,和,を,ヲ,41407
,I,活用,活用,カツヨウ,名詞-普通名詞-サ変可能,,,カツヨー,カツヨウ,漢,活用,カツヨウ,6817
,I,する,為る,スル,動詞-非自立可能,サ行変格,連体形-一般,スル,スル,和,する,スル,19537
,I,こと,事,コト,名詞-普通名詞-一般,,,コト,コト,和,こと,コト,12836
,I,で,だ,ダ,助動詞,助動詞-ダ,連用形-一般,デ,デ,和,だ,ダ,22916
,I,、,、,,補助記号-読点,,,,,記号,、,,24
,I,価格,価格,カカク,名詞-普通名詞-一般,,,カカク,カカク,漢,価格,カカク,6003
,I,引下げ,引き下げ,ヒキサゲ,名詞-普通名詞-一般,,,ヒキサゲ,ヒキサゲ,和,引下げ,ヒキサゲ,31226
,I,に,に,ニ,助詞-格助詞,,,ニ,ニ,和,に,ニ,28178
,I,対応,対応,タイオウ,名詞-普通名詞-サ変可能,,,タイオー,タイオウ,漢,対応,タイオウ,21679
,I,し,為る,スル,動詞-非自立可能,サ行変格,連用形-一般,シ,シ,和,する,スル,19537
,I,ます,ます,マス,助動詞,助動詞-マス,終止形-一般,マス,マス,和,ます,マス,35697
,I,。,。,,補助記号-句点,,,,,記号,。,,25
,B,　,　,,空白,,,,,記号,　,,23
,I,国民,国民,コクミン,名詞-普通名詞-一般,,,コクミン,コクミン,漢,国民,コクミン,12579
,I,の,の,ノ,助詞-格助詞,,,ノ,ノ,和,の,ノ,28989
,I,皆,皆,ミナ,名詞-普通名詞-副詞可能,,,ミナ,ミナ,和,皆,ミナ,36678
,I,様,様,サマ,接尾辞-名詞的-一般,,,サマ,サマ,和,様,サマ,14374
,I,の,の,ノ,助詞-格助詞,,,ノ,ノ,和,の,ノ,28989
,I,いのち,命,イノチ,名詞-普通名詞-一般,,,イノチ,イノチ,和,いのち,イノチ,2401
,I,を,を,ヲ,助詞-格助詞,,,オ,ヲ,和,を,ヲ,41407
,I,守り,守る,マモル,動詞-一般,五段-ラ行,連用形-一般,マモリ,マモリ,和,守る,マモル,36011
,I,、,、,,補助記号-読点,,,,,記号,、,,24
,I,安心,安心,アンシン,名詞-普通名詞-サ変形状詞可能,,,アンシン,アンシン,漢,安心,アンシン,1357
,I,し,為る,スル,動詞-非自立可能,サ行変格,連用形-一般,シ,シ,和,する,スル,19537
,I,て,て,テ,助詞-接続助詞,,,テ,テ,和,て,テ,24874
,I,必要,必要,ヒツヨウ,名詞-普通名詞-形状詞可能,,,ヒツヨー,ヒツヨウ,漢,必要,ヒツヨウ,31473
,I,な,だ,ダ,助動詞,助動詞-ダ,連体形-一般,ナ,ナ,和,だ,ダ,22916
,I,サービス,サービス-service,サービス,名詞-普通名詞-サ変可能,,,サービス,サービス,外,サービス,サービス,14744
,I,を,を,ヲ,助詞-格助詞,,,オ,ヲ,和,を,ヲ,41407
,I,受け,受ける,ウケル,動詞-一般,下一段-カ行,連用形-一般,ウケ,ウケ,和,受ける,ウケル,3089
,I,て,て,テ,助詞-接続助詞,,,テ,テ,和,て,テ,24874
,I,いただく,頂く,イタダク,動詞-非自立可能,五段-カ行,連体形-一般,イタダク,イタダク,和,いただく,イタダク,2011
,I,ため,為,タメ,名詞-普通名詞-副詞可能,,,タメ,タメ,和,ため,タメ,22686
,I,に,に,ニ,助詞-格助詞,,,ニ,ニ,和,に,ニ,28178
,I,も,も,モ,助詞-係助詞,,,モ,モ,和,も,モ,37562
,I,、,、,,補助記号-読点,,,,,記号,、,,24
,I,赤字,赤字,アカジ,名詞-普通名詞-一般,,,アカジ,アカジ,混,赤字,アカジ,327
,I,に,に,ニ,助詞-格助詞,,,ニ,ニ,和,に,ニ,28178
,I,苦しむ,苦しむ,クルシム,動詞-一般,五段-マ行,連体形-一般,クルシム,クルシム,和,苦しむ,クルシム,10527
,I,医療,医療,イリョウ,名詞-普通名詞-一般,,,イリョー,イリョウ,漢,医療,イリョウ,2580
,I,機関,機関,キカン,名詞-普通名詞-一般,,,キカン,キカン,漢,機関,キカン,8330
,I,や,や,ヤ,助詞-副助詞,,,ヤ,ヤ,和,や,ヤ,38083
,I,介護,介護,カイゴ,名詞-普通名詞-サ変可能,,,カイゴ,カイゴ,漢,介護,カイゴ,5718
,I,施設,施設,シセツ,名詞-普通名詞-サ変可能,,,シセツ,シセツ,漢,施設,シセツ,15374
,I,へ,へ,ヘ,助詞-格助詞,,,エ,ヘ,和,へ,ヘ,33819
,I,の,の,ノ,助詞-格助詞,,,ノ,ノ,和,の,ノ,28989
,I,対応,対応,タイオウ,名詞-普通名詞-サ変可能,,,タイオー,タイオウ,漢,対応,タイオウ,21679
,I,は,は,ハ,助詞-係助詞,,,ワ,ハ,和,は,ハ,29321
,I,待っ,待つ,マツ,動詞-一般,五段-タ行,連用形-促音便,マッ,マッ,和,待つ,マツ,35830
,I,た,た,タ,助動詞,助動詞-タ,連体形-一般,タ,タ,和,た,タ,21642
,I,なし,無し,ナシ,名詞-普通名詞-一般,,,ナシ,ナシ,和,なし,ナシ,27823
,I,です,です,デス,助動詞,助動詞-デス,終止形-一般,デス,デス,和,です,デス,25653
,I,。,。,,補助記号-句点,,,,,記号,。,,25
,I,診療,診療,シンリョウ,名詞-普通名詞-サ変可能,,,シンリョー,シンリョウ,漢,診療,シンリョウ,17585
,I,報酬,報酬,ホウシュウ,名詞-普通名詞-一般,,,ホーシュー,ホウシュウ,漢,報酬,ホウシュウ,34458
,I,・,・,,補助記号-一般,,,,・,記号,・,,44
,I,介護,介護,カイゴ,名詞-普通名詞-サ変可能,,,カイゴ,カイゴ,漢,介護,カイゴ,5718
,I,報酬,報酬,ホウシュウ,名詞-普通名詞-一般,,,ホーシュー,ホウシュウ,漢,報酬,ホウシュウ,34458
,I,に,に,ニ,助詞-格助詞,,,ニ,ニ,和,に,ニ,28178
,I,つい,つく,ツク,動詞-一般,五段-カ行,連用形-イ音便,ツイ,ツイ,和,つく,ツク,24536
,I,て,て,テ,助詞-接続助詞,,,テ,テ,和,て,テ,24874
,I,は,は,ハ,助詞-係助詞,,,ワ,ハ,和,は,ハ,29321
,I,、,、,,補助記号-読点,,,,,記号,、,,24
,I,賃上げ,賃上げ,チンアゲ,名詞-普通名詞-サ変可能,,,チンアゲ,チンアゲ,混,賃上げ,チンアゲ,24251
,I,・,・,,補助記号-一般,,,,・,記号,・,,44
,I,物価,物価,ブッカ,名詞-普通名詞-一般,,,ブッカ,ブッカ,漢,物価,ブッカ,33365
,I,高,高,ダカ,接尾辞-名詞的-一般,,,ダカ,ダカ,和,高,ダカ,23103
,I,を,を,ヲ,助詞-格助詞,,,オ,ヲ,和,を,ヲ,41407
,I,適切,適切,テキセツ,形状詞-一般,,,テキセツ,テキセツ,漢,適切,テキセツ,25101
,I,に,だ,ダ,助動詞,助動詞-ダ,連用形-ニ,ニ,ニ,和,だ,ダ,22916
,I,反映,反映,ハンエイ,名詞-普通名詞-サ変可能,,,ハンエー,ハンエイ,漢,反映,ハンエイ,30317
,I,さ,為る,スル,動詞-非自立可能,サ行変格,未然形-サ,サ,サ,和,する,スル,19537
,I,せ,せる,セル,助動詞,下一段-サ行,連用形-一般,セ,セ,和,せる,セル,20355
,I,て,て,テ,助詞-接続助詞,,,テ,テ,和,て,テ,24874
,I,いき,行く,イク,動詞-非自立可能,五段-カ行,連用形-一般,イキ,イキ,和,いく,イク,1713
,I,ます,ます,マス,助動詞,助動詞-マス,終止形-一般,マス,マス,和,ます,マス,35697
,I,が,が,ガ,助詞-接続助詞,,,ガ,ガ,和,が,ガ,7888
,I,、,、,,補助記号-読点,,,,,記号,、,,24
,I,報酬,報酬,ホウシュウ,名詞-普通名詞-一般,,,ホーシュー,ホウシュウ,漢,報酬,ホウシュウ,34458
,I,改定,改定,カイテイ,名詞-普通名詞-サ変可能,,,カイテー,カイテイ,漢,改定,カイテイ,5844
,I,の,の,ノ,助詞-格助詞,,,ノ,ノ,和,の,ノ,28989
,I,時期,時期,ジキ,名詞-普通名詞-副詞可能,,,ジキ,ジキ,漢,時期,ジキ,17777
,I,を,を,ヲ,助詞-格助詞,,,オ,ヲ,和,を,ヲ,41407
,I,待た,待つ,マツ,動詞-一般,五段-タ行,未然形-一般,マタ,マタ,和,待つ,マツ,35830
,I,ず,ず,ズ,助動詞,助動詞-ヌ,連用形-一般,ズ,ズ,和,ぬ,ヌ,19587
,I,、,、,,補助記号-読点,,,,,記号,、,,24
,I,経営,経営,ケイエイ,名詞-普通名詞-サ変可能,,,ケーエー,ケイエイ,漢,経営,ケイエイ,10896
,I,の,の,ノ,助詞-格助詞,,,ノ,ノ,和,の,ノ,28989
,I,改善,改善,カイゼン,名詞-普通名詞-サ変可能,,,カイゼン,カイゼン,漢,改善,カイゼン,5795
,I,及び,及び,オヨビ,接続詞,,,オヨビ,オヨビ,和,及び,オヨビ,5315
,I,従業,従業,ジュウギョウ,名詞-普通名詞-一般,,,ジューギョー,ジュウギョウ,漢,従業,ジュウギョウ,18175
,I,者,者,シャ,接尾辞-名詞的-一般,,,シャ,シャ,漢,者,シャ,15852
,I,の,の,ノ,助詞-格助詞,,,ノ,ノ,和,の,ノ,28989
,I,処遇,処遇,ショグウ,名詞-普通名詞-サ変可能,,,ショグー,ショグウ,漢,処遇,ショグウ,16970
,I,改善,改善,カイゼン,名詞-普通名詞-サ変可能,,,カイゼン,カイゼン,漢,改善,カイゼン,5795
,I,に,に,ニ,助詞-格助詞,,,ニ,ニ,和,に,ニ,28178
,I,つながる,繋がる,ツナガル,動詞-一般,五段-ラ行,連体形-一般,ツナガル,ツナガル,和,つながる,ツナガル,24672
,I,補助,補助,ホジョ,名詞-普通名詞-サ変可能,,,ホジョ,ホジョ,漢,補助,ホジョ,34687
,I,金,金,キン,接尾辞-名詞的-一般,,,キン,キン,漢,金,キン,9605
,I,を,を,ヲ,助詞-格助詞,,,オ,ヲ,和,を,ヲ,41407
,I,措置,措置,ソチ,名詞-普通名詞-サ変可能,,,ソチ,ソチ,漢,措置,ソチ,21327
,I,し,為る,スル,動詞-非自立可能,サ行変格,連用形-一般,シ,シ,和,する,スル,19537
,I,て,て,テ,助詞-接続助詞,,,テ,テ,和,て,テ,24874
,I,、,、,,補助記号-読点,,,,,記号,、,,24
,I,効果,効果,コウカ,名詞-普通名詞-一般,,,コーカ,コウカ,漢,効果,コウカ,11908
,I,を,を,ヲ,助詞-格助詞,,,オ,ヲ,和,を,ヲ,41407
,I,前倒し,前倒し,マエダオシ,名詞-普通名詞-サ変可能,,,マエダオシ,マエダオシ,和,前倒し,マエダオシ,35479
,I,し,為る,スル,動詞-非自立可能,サ行変格,連用形-一般,シ,シ,和,する,スル,19537
,I,ます,ます,マス,助動詞,助動詞-マス,終止形-一般,マス,マス,和,ます,マス,35697
,I,。,。,,補助記号-句点,,,,,記号,。,,25
,B,　,　,,空白,,,,,記号,　,,23
,I,加え,加える,クワエル,動詞-一般,下一段-ア行,連用形-一般,クワエ,クワエ,和,加える,クワエル,10636
,I,て,て,テ,助詞-接続助詞,,,テ,テ,和,て,テ,24874
,I,、,、,,補助記号-読点,,,,,記号,、,,24
,I,国,国,クニ,名詞-普通名詞-一般,,,クニ,クニ,和,国,クニ,10282
,I,・,・,,補助記号-一般,,,,・,記号,・,,44
,I,地方,地方,チホウ,名詞-普通名詞-一般,,,チホー,チホウ,漢,地方,チホウ,23612
,I,自治,自治,ジチ,名詞-普通名詞-一般,,,ジチ,ジチ,漢,自治,ジチ,17918
,I,体,体,タイ,名詞-普通名詞-助数詞可能,,,タイ,タイ,漢,体,タイ,21657
,I,から,から,カラ,助詞-格助詞,,,カラ,カラ,和,から,カラ,7219
,I,民間,民間,ミンカン,名詞-普通名詞-一般,,,ミンカン,ミンカン,漢,民間,ミンカン,36946
,I,へ,へ,ヘ,助詞-格助詞,,,エ,ヘ,和,へ,ヘ,33819
,I,の,の,ノ,助詞-格助詞,,,ノ,ノ,和,の,ノ,28989
,I,請負,請け負い,ウケオイ,名詞-普通名詞-一般,,,ウケオイ,ウケオイ,和,請負,ウケオイ,3072
,I,契約,契約,ケイヤク,名詞-普通名詞-サ変可能,,,ケーヤク,ケイヤク,漢,契約,ケイヤク,11056
,I,単価,単価,タンカ,名詞-普通名詞-一般,,,タンカ,タンカ,漢,単価,タンカ,22777
,I,を,を,ヲ,助詞-格助詞,,,オ,ヲ,和,を,ヲ,41407
,I,、,、,,補助記号-読点,,,,,記号,、,,24
,I,物価,物価,ブッカ,名詞-普通名詞-一般,,,ブッカ,ブッカ,漢,物価,ブッカ,33365
,I,上昇,上昇,ジョウショウ,名詞-普通名詞-サ変可能,,,ジョーショー,ジョウショウ,漢,上昇,ジョウショウ,18542
,I,等,等,トウ,接尾辞-名詞的-一般,,,トー,トウ,漢,等,トウ,25875
,I,を,を,ヲ,助詞-格助詞,,,オ,ヲ,和,を,ヲ,41407
,I,踏まえ,踏まえる,フマエル,動詞-一般,下一段-ア行,連用形-一般,フマエ,フマエ,和,踏まえる,フマエル,32991
,I,て,て,テ,助詞-接続助詞,,,テ,テ,和,て,テ,24874
,I,適切,適切,テキセツ,形状詞-一般,,,テキセツ,テキセツ,漢,適切,テキセツ,25101
,I,に,だ,ダ,助動詞,助動詞-ダ,連用形-ニ,ニ,ニ,和,だ,ダ,22916
,I,見直し,見直す,ミナオス,動詞-一般,五段-サ行,連用形-一般,ミナオシ,ミナオシ,和,見直す,ミナオス,36682
,I,ます,ます,マス,助動詞,助動詞-マス,終止形-一般,マス,マス,和,ます,マス,35697
,I,。,。,,補助記号-句点,,,,,記号,。,,25
,B,　,　,,空白,,,,,記号,　,,23
,I,コスト,コスト-cost,コスト,名詞-普通名詞-一般,,,コスト,コスト,外,コスト,コスト,12723
,I,高,高,ダカ,接尾辞-名詞的-一般,,,ダカ,ダカ,和,高,ダカ,23103
,I,から,から,カラ,助詞-格助詞,,,カラ,カラ,和,から,カラ,7219
,I,中,中,チュウ,接頭辞,,,チュー,チュウ,漢,中,チュウ,23743
,I,小,小,ショウ,接頭辞,,,ショー,ショウ,漢,小,ショウ,16542
,I,企業,企業,キギョウ,名詞-普通名詞-一般,,,キギョー,キギョウ,漢,企業,キギョウ,8392
,I,・,・,,補助記号-一般,,,,・,記号,・,,44
,I,小,小,ショウ,接頭辞,,,ショー,ショウ,漢,小,ショウ,16542
,I,規模,規模,キボ,名詞-普通名詞-一般,,,キボ,キボ,漢,規模,キボ,8810
,I,事業,事業,ジギョウ,名詞-普通名詞-一般,,,ジギョー,ジギョウ,漢,事業,ジギョウ,17803
,I,者,者,シャ,接尾辞-名詞的-一般,,,シャ,シャ,漢,者,シャ,15852
,I,を,を,ヲ,助詞-格助詞,,,オ,ヲ,和,を,ヲ,41407
,I,守り,守る,マモル,動詞-一般,五段-ラ行,連用形-一般,マモリ,マモリ,和,守る,マモル,36011
,I,ます,ます,マス,助動詞,助動詞-マス,終止形-一般,マス,マス,和,ます,マス,35697
,I,。,。,,補助記号-句点,,,,,記号,。,,25
,I,生産,生産,セイサン,名詞-普通名詞-サ変可能,,,セーサン,セイサン,漢,生産,セイサン,19803
,I,性,性,セイ,接尾辞-名詞的-一般,,,セー,セイ,漢,性,セイ,19682
,I,向上,向上,コウジョウ,名詞-普通名詞-サ変可能,,,コージョー,コウジョウ,漢,向上,コウジョウ,12142
,I,支援,支援,シエン,名詞-普通名詞-サ変可能,,,シエン,シエン,漢,支援,シエン,15014
,I,、,、,,補助記号-読点,,,,,記号,、,,24
,I,事業,事業,ジギョウ,名詞-普通名詞-一般,,,ジギョー,ジギョウ,漢,事業,ジギョウ,17803
,I,承継,承継,ショウケイ,名詞-普通名詞-サ変可能,,,ショーケー,ショウケイ,漢,承継,ショウケイ,16636
,I,や,や,ヤ,助詞-副助詞,,,ヤ,ヤ,和,や,ヤ,38083
,I,Ｍ,Ｍ,エム,記号-文字,,,エム,エム,記号,Ｍ,エム,4042
,I,＆,＆,,補助記号-一般,,,,,記号,＆,,86214
,I,Ａ,Ａ,エー,記号-文字,,,エー,エー,記号,Ａ,エー,4296
,I,の,の,ノ,助詞-格助詞,,,ノ,ノ,和,の,ノ,28989
,I,環境,環境,カンキョウ,名詞-普通名詞-一般,,,カンキョー,カンキョウ,漢,環境,カンキョウ,7531
,I,整備,整備,セイビ,名詞-普通名詞-サ変可能,,,セービ,セイビ,漢,整備,セイビ,19972
,I,、,、,,補助記号-読点,,,,,記号,、,,24
,I,更なる,更なる,サラナル,連体詞,,,サラナル,サラナル,和,更なる,サラナル,14447
,I,取引,取り引き,トリヒキ,名詞-普通名詞-サ変可能,,,トリヒキ,トリヒキ,和,取引,トリヒキ,26833
,I,適正,適正,テキセイ,形状詞-一般,,,テキセー,テキセイ,漢,適正,テキセイ,25100
,I,化,化,カ,接尾辞-名詞的-サ変可能,,,カ,カ,漢,化,カ,5577
,I,等,等,トウ,接尾辞-名詞的-一般,,,トー,トウ,漢,等,トウ,25875
,I,を,を,ヲ,助詞-格助詞,,,オ,ヲ,和,を,ヲ,41407
,I,通じ,通ずる,ツウズル,動詞-一般,サ行変格,連用形-一般,ツージ,ツウジ,混,通ずる,ツウズル,24416
,I,、,、,,補助記号-読点,,,,,記号,、,,24
,I,賃上げ,賃上げ,チンアゲ,名詞-普通名詞-サ変可能,,,チンアゲ,チンアゲ,混,賃上げ,チンアゲ,24251
,I,と,と,ト,助詞-格助詞,,,ト,ト,和,と,ト,25826
,I,設備,設備,セツビ,名詞-普通名詞-サ変可能,,,セツビ,セツビ,漢,設備,セツビ,20277
,I,投資,投資,トウシ,名詞-普通名詞-サ変可能,,,トーシ,トウシ,漢,投資,トウシ,25983
,I,を,を,ヲ,助詞-格助詞,,,オ,ヲ,和,を,ヲ,41407
,I,強力,強力,キョウリョク,形状詞-一般,,,キョーリョク,キョウリョク,漢,強力,キョウリョク,9347
,I,に,だ,ダ,助動詞,助動詞-ダ,連用形-ニ,ニ,ニ,和,だ,ダ,22916
,I,後押し,後押し,アトオシ,名詞-普通名詞-サ変可能,,,アトオシ,アトオシ,和,後押し,アトオシ,861
,I,し,為る,スル,動詞-非自立可能,サ行変格,連用形-一般,シ,シ,和,する,スル,19537
,I,ます,ます,マス,助動詞,助動詞-マス,終止形-一般,マス,マス,和,ます,マス,35697
,I,。,。,,補助記号-句点,,,,,記号,。,,25
,B,　,　,,空白,,,,,記号,　,,23
,I,自治,自治,ジチ,名詞-普通名詞-一般,,,ジチ,ジチ,漢,自治,ジチ,17918
,I,体,体,タイ,名詞-普通名詞-助数詞可能,,,タイ,タイ,漢,体,タイ,21657
,I,向け,向け,ムケ,接尾辞-名詞的-一般,,,ムケ,ムケ,和,向け,ムケ,37047
,I,の,の,ノ,助詞-格助詞,,,ノ,ノ,和,の,ノ,28989
,I,重点,重点,ジュウテン,名詞-普通名詞-一般,,,ジューテン,ジュウテン,漢,重点,ジュウテン,18223
,I,支援,支援,シエン,名詞-普通名詞-サ変可能,,,シエン,シエン,漢,支援,シエン,15014
,I,地方,地方,チホウ,名詞-普通名詞-一般,,,チホー,チホウ,漢,地方,チホウ,23612
,I,交付,交付,コウフ,名詞-普通名詞-サ変可能,,,コーフ,コウフ,漢,交付,コウフ,12342
,I,金,金,キン,接尾辞-名詞的-一般,,,キン,キン,漢,金,キン,9605
,I,を,を,ヲ,助詞-格助詞,,,オ,ヲ,和,を,ヲ,41407
,I,拡充,拡充,カクジュウ,名詞-普通名詞-サ変可能,,,カクジュー,カクジュウ,漢,拡充,カクジュウ,6184
,I,し,為る,スル,動詞-非自立可能,サ行変格,連用形-一般,シ,シ,和,する,スル,19537
,I,ます,ます,マス,助動詞,助動詞-マス,終止形-一般,マス,マス,和,ます,マス,35697
,I,。,。,,補助記号-句点,,,,,記号,。,,25
,I,物価,物価,ブッカ,名詞-普通名詞-一般,,,ブッカ,ブッカ,漢,物価,ブッカ,33365
,I,高,高,コウ,接尾辞-名詞的-一般,,,コー,コウ,漢,高,コウ,12027
,I,の,の,ノ,助詞-格助詞,,,ノ,ノ,和,の,ノ,28989
,I,影響,影響,エイキョウ,名詞-普通名詞-サ変可能,,,エーキョー,エイキョウ,漢,影響,エイキョウ,3645
,I,を,を,ヲ,助詞-格助詞,,,オ,ヲ,和,を,ヲ,41407
,I,受ける,受ける,ウケル,動詞-一般,下一段-カ行,連体形-一般,ウケル,ウケル,和,受ける,ウケル,3089
,I,生活,生活,セイカツ,名詞-普通名詞-サ変可能,,,セーカツ,セイカツ,漢,生活,セイカツ,19728
,I,者,者,シャ,接尾辞-名詞的-一般,,,シャ,シャ,漢,者,シャ,15852
,I,や,や,ヤ,助詞-副助詞,,,ヤ,ヤ,和,や,ヤ,38083
,I,、,、,,補助記号-読点,,,,,記号,、,,24
,I,賃上げ,賃上げ,チンアゲ,名詞-普通名詞-サ変可能,,,チンアゲ,チンアゲ,混,賃上げ,チンアゲ,24251
,I,税制,税制,ゼイセイ,名詞-普通名詞-一般,,,ゼーセー,ゼイセイ,漢,税制,ゼイセイ,20702
,I,を,を,ヲ,助詞-格助詞,,,オ,ヲ,和,を,ヲ,41407
,I,活用,活用,カツヨウ,名詞-普通名詞-サ変可能,,,カツヨー,カツヨウ,漢,活用,カツヨウ,6817
,I,でき,出来る,デキル,動詞-非自立可能,上一段-カ行,未然形-一般,デキ,デキ,和,できる,デキル,25624
,I,ない,ない,ナイ,助動詞,助動詞-ナイ,連体形-一般,ナイ,ナイ,和,ない,ナイ,27438
,I,中,中,チュウ,接頭辞,,,チュー,チュウ,漢,中,チュウ,23743
,I,小,小,ショウ,接頭辞,,,ショー,ショウ,漢,小,ショウ,16542
,I,企業,企業,キギョウ,名詞-普通名詞-一般,,,キギョー,キギョウ,漢,企業,キギョウ,8392
,I,・,・,,補助記号-一般,,,,・,記号,・,,44
,I,小,小,ショウ,接頭辞,,,ショー,ショウ,漢,小,ショウ,16542
,I,規模,規模,キボ,名詞-普通名詞-一般,,,キボ,キボ,漢,規模,キボ,8810
,I,事業,事業,ジギョウ,名詞-普通名詞-一般,,,ジギョー,ジギョウ,漢,事業,ジギョウ,17803
,I,者,者,シャ,接尾辞-名詞的-一般,,,シャ,シャ,漢,者,シャ,15852
,I,、,、,,補助記号-読点,,,,,記号,、,,24
,I,さらに,更に,サラニ,接続詞,,,サラニ,サラニ,和,さらに,サラニ,14448
,I,は,は,ハ,助詞-係助詞,,,ワ,ハ,和,は,ハ,29321
,I,、,、,,補助記号-読点,,,,,記号,、,,24
,I,農林,農林,ノウリン,名詞-普通名詞-一般,,,ノーリン,ノウリン,漢,農林,ノウリン,29074
,I,水産,水産,スイサン,名詞-普通名詞-一般,,,スイサン,スイサン,漢,水産,スイサン,18905
,I,業,業,ギョウ,接尾辞-名詞的-一般,,,ギョー,ギョウ,漢,業,ギョウ,9884
,I,など,など,ナド,助詞-副助詞,,,ナド,ナド,和,など,ナド,27905
,I,を,を,ヲ,助詞-格助詞,,,オ,ヲ,和,を,ヲ,41407
,I,支援,支援,シエン,名詞-普通名詞-サ変可能,,,シエン,シエン,漢,支援,シエン,15014
,I,する,為る,スル,動詞-非自立可能,サ行変格,連体形-一般,スル,スル,和,する,スル,19537
,I,推奨,推奨,スイショウ,名詞-普通名詞-サ変可能,,,スイショー,スイショウ,漢,推奨,スイショウ,18913
,I,メニュー,メニュー-menu,メニュー,名詞-普通名詞-一般,,,メニュー,メニュー,外,メニュー,メニュー,37464
,I,を,を,ヲ,助詞-格助詞,,,オ,ヲ,和,を,ヲ,41407
,I,設け,設ける,モウケル,動詞-一般,下一段-カ行,連用形-一般,モーケ,モウケ,和,設ける,モウケル,37581
,I,、,、,,補助記号-読点,,,,,記号,、,,24
,I,地域,地域,チイキ,名詞-普通名詞-一般,,,チイキ,チイキ,漢,地域,チイキ,23397
,I,の,の,ノ,助詞-格助詞,,,ノ,ノ,和,の,ノ,28989
,I,実状,実情,ジツジョウ,名詞-普通名詞-一般,,,ジツジョー,ジツジョウ,漢,実状,ジツジョウ,17976
,I,に,に,ニ,助詞-格助詞,,,ニ,ニ,和,に,ニ,28178
,I,合っ,合う,アウ,動詞-非自立可能,五段-ワア行,連用形-促音便,アッ,アッ,和,合う,アウ,242
,I,た,た,タ,助動詞,助動詞-タ,連体形-一般,タ,タ,和,た,タ,21642
,I,的確,的確,テキカク,形状詞-一般,,,テキカク,テキカク,漢,的確,テキカク,25081
,I,な,だ,ダ,助動詞,助動詞-ダ,連体形-一般,ナ,ナ,和,だ,ダ,22916
,I,支援,支援,シエン,名詞-普通名詞-サ変可能,,,シエン,シエン,漢,支援,シエン,15014
,I,を,を,ヲ,助詞-格助詞,,,オ,ヲ,和,を,ヲ,41407
,I,速やか,速やか,スミヤカ,形状詞-一般,,,スミヤカ,スミヤカ,和,速やか,スミヤカ,19472
,I,に,だ,ダ,助動詞,助動詞-ダ,連用形-ニ,ニ,ニ,和,だ,ダ,22916
,I,お,御,オ,接頭辞,,,オ,オ,和,お,オ,4350
,I,届け,届ける,トドケル,動詞-一般,下一段-カ行,連用形-一般,トドケ,トドケ,和,届ける,トドケル,26513
,I,いたし,致す,イタス,動詞-非自立可能,五段-サ行,連用形-一般,イタシ,イタシ,和,いたす,イタス,2004
,I,ます,ます,マス,助動詞,助動詞-マス,終止形-一般,マス,マス,和,ます,マス,35697
,I,。,。,,補助記号-句点,,,,,記号,。,,25
,I,あわせ,合わせる,アワセル,動詞-一般,下一段-サ行,連用形-一般,アワセ,アワセ,和,あわせる,アワセル,1303
,I,て,て,テ,助詞-接続助詞,,,テ,テ,和,て,テ,24874
,I,、,、,,補助記号-読点,,,,,記号,、,,24
,I,寒,寒い,サムイ,形容詞-一般,形容詞,語幹-一般,サム,サム,和,寒い,サムイ,14392
,I,さ,さ,サ,接尾辞-名詞的-一般,,,サ,サ,和,さ,サ,13619
,I,が,が,ガ,助詞-格助詞,,,ガ,ガ,和,が,ガ,7889
,I,厳しい,厳しい,キビシイ,形容詞-一般,形容詞,連体形-一般,キビシー,キビシイ,和,厳しい,キビシイ,8793
,I,冬,冬,フユ,名詞-普通名詞-副詞可能,,,フユ,フユ,和,冬,フユ,33034
,I,の,の,ノ,助詞-格助詞,,,ノ,ノ,和,の,ノ,28989
,I,間,間,アイダ,名詞-普通名詞-副詞可能,,,アイダ,アイダ,和,間,アイダ,168
,I,の,の,ノ,助詞-格助詞,,,ノ,ノ,和,の,ノ,28989
,I,電気,電気,デンキ,名詞-普通名詞-一般,,,デンキ,デンキ,漢,電気,デンキ,25754
,I,・,・,,補助記号-一般,,,,・,記号,・,,44
,I,ガス,ガス-gas,ガス,名詞-普通名詞-一般,,,ガス,ガス,外,ガス,ガス,8064
,I,料金,料金,リョウキン,名詞-普通名詞-一般,,,リョーキン,リョウキン,漢,料金,リョウキン,40224
,I,の,の,ノ,助詞-格助詞,,,ノ,ノ,和,の,ノ,28989
,I,支援,支援,シエン,名詞-普通名詞-サ変可能,,,シエン,シエン,漢,支援,シエン,15014
,I,も,も,モ,助詞-係助詞,,,モ,モ,和,も,モ,37562
,I,行い,行う,オコナウ,動詞-一般,五段-ワア行,連用形-一般,オコナイ,オコナイ,和,行う,オコナウ,4875
,I,ます,ます,マス,助動詞,助動詞-マス,終止形-一般,マス,マス,和,ます,マス,35697
,I,。,。,,補助記号-句点,,,,,記号,。,,25
,B,　,　,,空白,,,,,記号,　,,23
,I,いわゆる,所謂,イワユル,連体詞,,,イワユル,イワユル,和,いわゆる,イワユル,2694
,I,１,一,イチ,名詞-数詞,,,イチ,イチ,漢,１,イチ,2050
,I,０,零,レイ,名詞-数詞,,,レー,レイ,漢,０,レイ,40560
,I,３,三,サン,名詞-数詞,,,サン,サン,漢,３,サン,14499
,I,万,万,マン,名詞-数詞,,,マン,マン,漢,万,マン,36123
,I,円,円-助数詞,エン,名詞-普通名詞-助数詞可能,,,エン,エン,漢,円,エン,4149
,I,の,の,ノ,助詞-格助詞,,,ノ,ノ,和,の,ノ,28989
,I,壁,壁,カベ,名詞-普通名詞-一般,,,カベ,カベ,和,壁,カベ,7035
,I,に,に,ニ,助詞-格助詞,,,ニ,ニ,和,に,ニ,28178
,I,つい,つく,ツク,動詞-一般,五段-カ行,連用形-イ音便,ツイ,ツイ,和,つく,ツク,24536
,I,て,て,テ,助詞-接続助詞,,,テ,テ,和,て,テ,24874
,I,は,は,ハ,助詞-係助詞,,,ワ,ハ,和,は,ハ,29321
,I,、,、,,補助記号-読点,,,,,記号,、,,24
,I,これ,此れ,コレ,代名詞,,,コレ,コレ,和,これ,コレ,13095
,I,まで,まで,マデ,助詞-副助詞,,,マデ,マデ,和,まで,マデ,35891
,I,の,の,ノ,助詞-格助詞,,,ノ,ノ,和,の,ノ,28989
,I,政党,政党,セイトウ,名詞-普通名詞-一般,,,セートー,セイトウ,漢,政党,セイトウ,19932
,I,間,間,カン,接尾辞-名詞的-副詞可能,,,カン,カン,漢,間,カン,7477
,I,の,の,ノ,助詞-格助詞,,,ノ,ノ,和,の,ノ,28989
,I,協議,協議,キョウギ,名詞-普通名詞-サ変可能,,,キョーギ,キョウギ,漢,協議,キョウギ,9189
,I,を,を,ヲ,助詞-格助詞,,,オ,ヲ,和,を,ヲ,41407
,I,踏まえ,踏まえる,フマエル,動詞-一般,下一段-ア行,連用形-一般,フマエ,フマエ,和,踏まえる,フマエル,32991
,I,、,、,,補助記号-読点,,,,,記号,、,,24
,I,今年,今年,コトシ,名詞-普通名詞-副詞可能,,,コトシ,コトシ,和,今年,コトシ,12847
,I,の,の,ノ,助詞-格助詞,,,ノ,ノ,和,の,ノ,28989
,I,年末,年末,ネンマツ,名詞-普通名詞-副詞可能,,,ネンマツ,ネンマツ,漢,年末,ネンマツ,28979
,I,調整,調整,チョウセイ,名詞-普通名詞-サ変可能,,,チョーセー,チョウセイ,漢,調整,チョウセイ,24040
,I,で,で,デ,助詞-格助詞,,,デ,デ,和,で,デ,25518
,I,は,は,ハ,助詞-係助詞,,,ワ,ハ,和,は,ハ,29321
,I,１,一,イチ,名詞-数詞,,,イチ,イチ,漢,１,イチ,2050
,I,６,六,ロク,名詞-数詞,,,ロク,ロク,漢,６,ロク,40932
,I,０,零,レイ,名詞-数詞,,,レー,レイ,漢,０,レイ,40560
,I,万,万,マン,名詞-数詞,,,マン,マン,漢,万,マン,36123
,I,円,円-助数詞,エン,名詞-普通名詞-助数詞可能,,,エン,エン,漢,円,エン,4149
,I,まで,まで,マデ,助詞-副助詞,,,マデ,マデ,和,まで,マデ,35891
,I,対応,対応,タイオウ,名詞-普通名詞-サ変可能,,,タイオー,タイオウ,漢,対応,タイオウ,21679
,I,する,為る,スル,動詞-非自立可能,サ行変格,連体形-一般,スル,スル,和,する,スル,19537
,I,こと,事,コト,名詞-普通名詞-一般,,,コト,コト,和,こと,コト,12836
,I,と,と,ト,助詞-格助詞,,,ト,ト,和,と,ト,25826
,I,いたし,致す,イタス,動詞-非自立可能,五段-サ行,連用形-一般,イタシ,イタシ,和,いたす,イタス,2004
,I,ます,ます,マス,助動詞,助動詞-マス,終止形-一般,マス,マス,和,ます,マス,35697
,I,が,が,ガ,助詞-接続助詞,,,ガ,ガ,和,が,ガ,7888
,I,、,、,,補助記号-読点,,,,,記号,、,,24
,I,基礎,基礎,キソ,名詞-普通名詞-一般,,,キソ,キソ,漢,基礎,キソ,8574
,I,控除,控除,コウジョ,名詞-普通名詞-サ変可能,,,コージョ,コウジョ,漢,控除,コウジョ,12139
,I,を,を,ヲ,助詞-格助詞,,,オ,ヲ,和,を,ヲ,41407
,I,物価,物価,ブッカ,名詞-普通名詞-一般,,,ブッカ,ブッカ,漢,物価,ブッカ,33365
,I,に,に,ニ,助詞-格助詞,,,ニ,ニ,和,に,ニ,28178
,I,連動,連動,レンドウ,名詞-普通名詞-サ変可能,,,レンドー,レンドウ,漢,連動,レンドウ,40811
,I,し,為る,スル,動詞-非自立可能,サ行変格,連用形-一般,シ,シ,和,する,スル,19537
,I,た,た,タ,助動詞,助動詞-タ,連体形-一般,タ,タ,和,た,タ,21642
,I,形,形,カタチ,名詞-普通名詞-一般,,,カタチ,カタチ,和,形,カタチ,6641
,I,で,で,デ,助詞-格助詞,,,デ,デ,和,で,デ,25518
,I,更に,更に,サラニ,副詞,,,サラニ,サラニ,和,更に,サラニ,14449
,I,引き上げる,引き上げる,ヒキアゲル,動詞-一般,下一段-ガ行,連体形-一般,ヒキアゲル,ヒキアゲル,和,引き上げる,ヒキアゲル,31209
,I,税制,税制,ゼイセイ,名詞-普通名詞-一般,,,ゼーセー,ゼイセイ,漢,税制,ゼイセイ,20702
,I,措置,措置,ソチ,名詞-普通名詞-サ変可能,,,ソチ,ソチ,漢,措置,ソチ,21327
,I,に,に,ニ,助詞-格助詞,,,ニ,ニ,和,に,ニ,28178
,I,つい,つく,ツク,動詞-一般,五段-カ行,連用形-イ音便,ツイ,ツイ,和,つく,ツク,24536
,I,て,て,テ,助詞-接続助詞,,,テ,テ,和,て,テ,24874
,I,、,、,,補助記号-読点,,,,,記号,、,,24
,I,真摯,真摯,シンシ,形状詞-一般,,,シンシ,シンシ,漢,真摯,シンシ,17346
,I,に,だ,ダ,助動詞,助動詞-ダ,連用形-ニ,ニ,ニ,和,だ,ダ,22916
,I,議論,議論,ギロン,名詞-普通名詞-サ変可能,,,ギロン,ギロン,漢,議論,ギロン,9967
,I,を,を,ヲ,助詞-格助詞,,,オ,ヲ,和,を,ヲ,41407
,I,進め,進める,ススメル,動詞-一般,下一段-マ行,連用形-一般,ススメ,ススメ,和,進める,ススメル,19189
,I,ます,ます,マス,助動詞,助動詞-マス,終止形-一般,マス,マス,和,ます,マス,35697
,I,。,。,,補助記号-句点,,,,,記号,。,,25
,B,　,　,,空白,,,,,記号,　,,23
,I,いわゆる,所謂,イワユル,連体詞,,,イワユル,イワユル,和,いわゆる,イワユル,2694
,I,高校,高校,コウコウ,名詞-普通名詞-一般,,,コーコー,コウコウ,漢,高校,コウコウ,12026
,I,の,の,ノ,助詞-格助詞,,,ノ,ノ,和,の,ノ,28989
,I,無償,無償,ムショウ,名詞-普通名詞-一般,,,ムショー,ムショウ,漢,無償,ムショウ,37106
,I,化,化,カ,接尾辞-名詞的-サ変可能,,,カ,カ,漢,化,カ,5577
,I,・,・,,補助記号-一般,,,,・,記号,・,,44
,I,給食,給食,キュウショク,名詞-普通名詞-サ変可能,,,キューショク,キュウショク,漢,給食,キュウショク,9004
,I,の,の,ノ,助詞-格助詞,,,ノ,ノ,和,の,ノ,28989
,I,無償,無償,ムショウ,名詞-普通名詞-一般,,,ムショー,ムショウ,漢,無償,ムショウ,37106
,I,化,化,カ,接尾辞-名詞的-サ変可能,,,カ,カ,漢,化,カ,5577
,I,に,に,ニ,助詞-格助詞,,,ニ,ニ,和,に,ニ,28178
,I,つい,つく,ツク,動詞-一般,五段-カ行,連用形-イ音便,ツイ,ツイ,和,つく,ツク,24536
,I,て,て,テ,助詞-接続助詞,,,テ,テ,和,て,テ,24874
,I,も,も,モ,助詞-係助詞,,,モ,モ,和,も,モ,37562
,I,、,、,,補助記号-読点,,,,,記号,、,,24
,I,これ,此れ,コレ,代名詞,,,コレ,コレ,和,これ,コレ,13095
,I,まで,まで,マデ,助詞-副助詞,,,マデ,マデ,和,まで,マデ,35891
,I,党派,党派,トウハ,名詞-普通名詞-一般,,,トーハ,トウハ,漢,党派,トウハ,26102
,I,を,を,ヲ,助詞-格助詞,,,オ,ヲ,和,を,ヲ,41407
,I,超え,越える,コエル,動詞-一般,下一段-ア行,連用形-一般,コエ,コエ,和,超える,コエル,12463
,I,て,て,テ,助詞-接続助詞,,,テ,テ,和,て,テ,24874
,I,積み重ね,積み重ねる,ツミカサネル,動詞-一般,下一段-ナ行,連用形-一般,ツミカサネ,ツミカサネ,和,積み重ねる,ツミカサネル,24752
,I,て,て,テ,助詞-接続助詞,,,テ,テ,和,て,テ,24874
,I,き,来る,クル,動詞-非自立可能,カ行変格,連用形-一般,キ,キ,和,くる,クル,10518
,I,た,た,タ,助動詞,助動詞-タ,連体形-一般,タ,タ,和,た,タ,21642
,I,議論,議論,ギロン,名詞-普通名詞-サ変可能,,,ギロン,ギロン,漢,議論,ギロン,9967
,I,を,を,ヲ,助詞-格助詞,,,オ,ヲ,和,を,ヲ,41407
,I,踏まえ,踏まえる,フマエル,動詞-一般,下一段-ア行,連用形-一般,フマエ,フマエ,和,踏まえる,フマエル,32991
,I,、,、,,補助記号-読点,,,,,記号,、,,24
,I,制度,制度,セイド,名詞-普通名詞-一般,,,セード,セイド,漢,制度,セイド,19939
,I,設計,設計,セッケイ,名詞-普通名詞-サ変可能,,,セッケー,セッケイ,漢,設計,セッケイ,20184
,I,の,の,ノ,助詞-格助詞,,,ノ,ノ,和,の,ノ,28989
,I,議論,議論,ギロン,名詞-普通名詞-サ変可能,,,ギロン,ギロン,漢,議論,ギロン,9967
,I,を,を,ヲ,助詞-格助詞,,,オ,ヲ,和,を,ヲ,41407
,I,進め,進める,ススメル,動詞-一般,下一段-マ行,連用形-一般,ススメ,ススメ,和,進める,ススメル,19189
,I,、,、,,補助記号-読点,,,,,記号,、,,24
,I,安定,安定,アンテイ,名詞-普通名詞-サ変形状詞可能,,,アンテー,アンテイ,漢,安定,アンテイ,1389
,I,財源,財源,ザイゲン,名詞-普通名詞-一般,,,ザイゲン,ザイゲン,漢,財源,ザイゲン,14777
,I,の,の,ノ,助詞-格助詞,,,ノ,ノ,和,の,ノ,28989
,I,確保,確保,カクホ,名詞-普通名詞-サ変可能,,,カクホ,カクホ,漢,確保,カクホ,6233
,I,と,と,ト,助詞-格助詞,,,ト,ト,和,と,ト,25826
,I,あわせ,合わせる,アワセル,動詞-一般,下一段-サ行,連用形-一般,アワセ,アワセ,和,あわせる,アワセル,1303
,I,て,て,テ,助詞-接続助詞,,,テ,テ,和,て,テ,24874
,I,来年,来年,ライネン,名詞-普通名詞-副詞可能,,,ライネン,ライネン,漢,来年,ライネン,39631
,I,４,四,シ,名詞-数詞,,,シ,シ,漢,４,シ,14929
,I,月,月,ガツ,名詞-普通名詞-助数詞可能,,,ガツ,ガツ,漢,月,ガツ,8121
,I,から,から,カラ,助詞-格助詞,,,カラ,カラ,和,から,カラ,7219
,I,実施,実施,ジッシ,名詞-普通名詞-サ変可能,,,ジッシ,ジッシ,漢,実施,ジッシ,17940
,I,し,為る,スル,動詞-非自立可能,サ行変格,連用形-一般,シ,シ,和,する,スル,19537
,I,ます,ます,マス,助動詞,助動詞-マス,終止形-一般,マス,マス,和,ます,マス,35697
,I,。,。,,補助記号-句点,,,,,記号,。,,25
,I,この,此の,コノ,連体詞,,,コノ,コノ,和,この,コノ,12905
,I,機会,機会,キカイ,名詞-普通名詞-一般,,,キカイ,キカイ,漢,機会,キカイ,8315
,I,に,に,ニ,助詞-格助詞,,,ニ,ニ,和,に,ニ,28178
,I,、,、,,補助記号-読点,,,,,記号,、,,24
,I,財政,財政,ザイセイ,名詞-普通名詞-一般,,,ザイセー,ザイセイ,漢,財政,ザイセイ,14788
,I,支援,支援,シエン,名詞-普通名詞-サ変可能,,,シエン,シエン,漢,支援,シエン,15014
,I,に,に,ニ,助詞-格助詞,,,ニ,ニ,和,に,ニ,28178
,I,とどまら,留まる,トドマル,動詞-一般,五段-ラ行,未然形-一般,トドマラ,トドマラ,和,とどまる,トドマル,26516
,I,ず,ず,ズ,助動詞,助動詞-ヌ,連用形-一般,ズ,ズ,和,ぬ,ヌ,19587
,I,、,、,,補助記号-読点,,,,,記号,、,,24
,I,日本,日本,ニッポン,名詞-固有名詞-地名-国,,,ニッポン,ニッポン,固,日本,ニッポン,28455
,I,の,の,ノ,助詞-格助詞,,,ノ,ノ,和,の,ノ,28989
,I,高校,高校,コウコウ,名詞-普通名詞-一般,,,コーコー,コウコウ,漢,高校,コウコウ,12026
,I,教育,教育,キョウイク,名詞-普通名詞-サ変可能,,,キョーイク,キョウイク,漢,教育,キョウイク,9155
,I,の,の,ノ,助詞-格助詞,,,ノ,ノ,和,の,ノ,28989
,I,在り,有る,アル,動詞-非自立可能,五段-ラ行,連用形-一般,アリ,アリ,和,在る,アル,1216
,I,方,方,カタ,接尾辞-名詞的-一般,,,カタ,カタ,和,方,カタ,6596
,I,に,に,ニ,助詞-格助詞,,,ニ,ニ,和,に,ニ,28178
,I,つい,つく,ツク,動詞-一般,五段-カ行,連用形-イ音便,ツイ,ツイ,和,つく,ツク,24536
,I,て,て,テ,助詞-接続助詞,,,テ,テ,和,て,テ,24874
,I,も,も,モ,助詞-係助詞,,,モ,モ,和,も,モ,37562
,I,見直し,見直し,ミナオシ,名詞-普通名詞-一般,,,ミナオシ,ミナオシ,和,見直し,ミナオシ,36681
,I,を,を,ヲ,助詞-格助詞,,,オ,ヲ,和,を,ヲ,41407
,I,進め,進める,ススメル,動詞-一般,下一段-マ行,連用形-一般,ススメ,ススメ,和,進める,ススメル,19189
,I,ます,ます,マス,助動詞,助動詞-マス,終止形-一般,マス,マス,和,ます,マス,35697
,I,。,。,,補助記号-句点,,,,,記号,。,,25
,B,　,　,,空白,,,,,記号,　,,23
,I,そして,そして,ソシテ,接続詞,,,ソシテ,ソシテ,和,そして,ソシテ,21297
,I,、,、,,補助記号-読点,,,,,記号,、,,24
,I,税,税,ゼイ,名詞-普通名詞-一般,,,ゼー,ゼイ,漢,税,ゼイ,20694
,I,・,・,,補助記号-一般,,,,・,記号,・,,44
,I,社会,社会,シャカイ,名詞-普通名詞-一般,,,シャカイ,シャカイ,漢,社会,シャカイ,15869
,I,保険,保険,ホケン,名詞-普通名詞-一般,,,ホケン,ホケン,漢,保険,ホケン,34644
,I,料,料,リョウ,接尾辞-名詞的-一般,,,リョー,リョウ,漢,料,リョウ,40195
,I,負担,負担,フタン,名詞-普通名詞-サ変可能,,,フタン,フタン,漢,負担,フタン,32875
,I,で,で,デ,助詞-格助詞,,,デ,デ,和,で,デ,25518
,I,苦しむ,苦しむ,クルシム,動詞-一般,五段-マ行,連体形-一般,クルシム,クルシム,和,苦しむ,クルシム,10527
,I,中,中,チュウ,接頭辞,,,チュー,チュウ,漢,中,チュウ,23743
,I,・,・,,補助記号-一般,,,,・,記号,・,,44
,I,低,低,テイ,接頭辞,,,テー,テイ,漢,低,テイ,24925
,I,所得,所得,ショトク,名詞-普通名詞-一般,,,ショトク,ショトク,漢,所得,ショトク,17040
,I,者,者,シャ,接尾辞-名詞的-一般,,,シャ,シャ,漢,者,シャ,15852
,I,の,の,ノ,助詞-格助詞,,,ノ,ノ,和,の,ノ,28989
,I,負担,負担,フタン,名詞-普通名詞-サ変可能,,,フタン,フタン,漢,負担,フタン,32875
,I,を,を,ヲ,助詞-格助詞,,,オ,ヲ,和,を,ヲ,41407
,I,軽減,軽減,ケイゲン,名詞-普通名詞-サ変可能,,,ケーゲン,ケイゲン,漢,軽減,ケイゲン,10926
,I,し,為る,スル,動詞-非自立可能,サ行変格,連用形-一般,シ,シ,和,する,スル,19537
,I,、,、,,補助記号-読点,,,,,記号,、,,24
,I,所得,所得,ショトク,名詞-普通名詞-一般,,,ショトク,ショトク,漢,所得,ショトク,17040
,I,に,に,ニ,助詞-格助詞,,,ニ,ニ,和,に,ニ,28178
,I,応じ,応ずる,オウズル,動詞-一般,サ行変格,連用形-一般,オージ,オウジ,混,応ずる,オウズル,4453
,I,て,て,テ,助詞-接続助詞,,,テ,テ,和,て,テ,24874
,I,手取り,手取り,テドリ,名詞-普通名詞-一般,,,テドリ,テドリ,和,手取り,テドリ,25225
,I,が,が,ガ,助詞-格助詞,,,ガ,ガ,和,が,ガ,7889
,I,増える,増える,フエル,動詞-一般,下一段-ア行,連体形-一般,フエル,フエル,和,増える,フエル,32476
,I,よう,様,ヨウ,形状詞-助動詞語幹,,,ヨー,ヨウ,漢,よう,ヨウ,39002
,I,に,だ,ダ,助動詞,助動詞-ダ,連用形-ニ,ニ,ニ,和,だ,ダ,22916
,I,し,為る,スル,動詞-非自立可能,サ行変格,未然形-一般,シ,シ,和,する,スル,19537
,I,なけれ,ない,ナイ,助動詞,助動詞-ナイ,仮定形-一般,ナケレ,ナケレ,和,ない,ナイ,27438
,I,ば,ば,バ,助詞-接続助詞,,,バ,バ,和,ば,バ,30503
,I,なり,成る,ナル,動詞-非自立可能,五段-ラ行,連用形-一般,ナリ,ナリ,和,なる,ナル,28061
,I,ませ,ます,マス,助動詞,助動詞-マス,未然形-一般,マセ,マセ,和,ます,マス,35697
,I,ん,ず,ズ,助動詞,助動詞-ヌ,終止形-撥音便,ン,ン,和,ぬ,ヌ,19587
,I,。,。,,補助記号-句点,,,,,記号,。,,25
,I,早期,早期,ソウキ,名詞-普通名詞-一般,,,ソーキ,ソウキ,漢,早期,ソウキ,20987
,I,に,に,ニ,助詞-格助詞,,,ニ,ニ,和,に,ニ,28178
,I,給付,給付,キュウフ,名詞-普通名詞-サ変可能,,,キューフ,キュウフ,漢,給付,キュウフ,9076
,I,付き,付き,ツキ,接尾辞-名詞的-一般,,,ツキ,ツキ,和,付き,ツキ,24483
,I,税額,税額,ゼイガク,名詞-普通名詞-一般,,,ゼーガク,ゼイガク,漢,税額,ゼイガク,20696
,I,控除,控除,コウジョ,名詞-普通名詞-サ変可能,,,コージョ,コウジョ,漢,控除,コウジョ,12139
,I,の,の,ノ,助詞-格助詞,,,ノ,ノ,和,の,ノ,28989
,I,制度,制度,セイド,名詞-普通名詞-一般,,,セード,セイド,漢,制度,セイド,19939
,I,設計,設計,セッケイ,名詞-普通名詞-サ変可能,,,セッケー,セッケイ,漢,設計,セッケイ,20184
,I,に,に,ニ,助詞-格助詞,,,ニ,ニ,和,に,ニ,28178
,I,着手,着手,チャクシュ,名詞-普通名詞-サ変可能,,,チャクシュ,チャクシュ,漢,着手,チャクシュ,23651
,I,し,為る,スル,動詞-非自立可能,サ行変格,連用形-一般,シ,シ,和,する,スル,19537
,I,ます,ます,マス,助動詞,助動詞-マス,終止形-一般,マス,マス,和,ます,マス,35697
,I,。,。,,補助記号-句点,,,,,記号,。,,25
,B,　,　,,空白,,,,,記号,　,,23
,I,米国,米国,ベイコク,名詞-固有名詞-地名-国,,,ベーコク,ベイコク,固,米国,ベイコク,34111
,I,の,の,ノ,助詞-格助詞,,,ノ,ノ,和,の,ノ,28989
,I,関税,関税,カンゼイ,名詞-普通名詞-一般,,,カンゼー,カンゼイ,漢,関税,カンゼイ,7682
,I,措置,措置,ソチ,名詞-普通名詞-サ変可能,,,ソチ,ソチ,漢,措置,ソチ,21327
,I,に,に,ニ,助詞-格助詞,,,ニ,ニ,和,に,ニ,28178
,I,対し,対する,タイスル,動詞-一般,サ行変格,連用形-一般,タイシ,タイシ,混,対する,タイスル,21823
,I,て,て,テ,助詞-接続助詞,,,テ,テ,和,て,テ,24874
,I,は,は,ハ,助詞-係助詞,,,ワ,ハ,和,は,ハ,29321
,I,、,、,,補助記号-読点,,,,,記号,、,,24
,I,中,中,チュウ,接頭辞,,,チュー,チュウ,漢,中,チュウ,23743
,I,小,小,ショウ,接頭辞,,,ショー,ショウ,漢,小,ショウ,16542
,I,企業,企業,キギョウ,名詞-普通名詞-一般,,,キギョー,キギョウ,漢,企業,キギョウ,8392
,I,向け,向け,ムケ,接尾辞-名詞的-一般,,,ムケ,ムケ,和,向け,ムケ,37047
,I,の,の,ノ,助詞-格助詞,,,ノ,ノ,和,の,ノ,28989
,I,資金,資金,シキン,名詞-普通名詞-一般,,,シキン,シキン,漢,資金,シキン,15155
,I,繰り,繰り,クリ,名詞-普通名詞-一般,,,クリ,クリ,和,繰り,クリ,10470
,I,支援,支援,シエン,名詞-普通名詞-サ変可能,,,シエン,シエン,漢,支援,シエン,15014
,I,等,等,トウ,接尾辞-名詞的-一般,,,トー,トウ,漢,等,トウ,25875
,I,、,、,,補助記号-読点,,,,,記号,、,,24
,I,事業,事業,ジギョウ,名詞-普通名詞-一般,,,ジギョー,ジギョウ,漢,事業,ジギョウ,17803
,I,者,者,シャ,接尾辞-名詞的-一般,,,シャ,シャ,漢,者,シャ,15852
,I,の,の,ノ,助詞-格助詞,,,ノ,ノ,和,の,ノ,28989
,I,状況,状況,ジョウキョウ,名詞-普通名詞-一般,,,ジョーキョー,ジョウキョウ,漢,状況,ジョウキョウ,18513
,I,や,や,ヤ,助詞-副助詞,,,ヤ,ヤ,和,や,ヤ,38083
,I,ニーズ,ニーズ-needs,ニーズ,名詞-普通名詞-一般,,,ニーズ,ニーズ,外,ニーズ,ニーズ,28673
,I,に,に,ニ,助詞-格助詞,,,ニ,ニ,和,に,ニ,28178
,I,応じ,応ずる,オウズル,動詞-一般,サ行変格,連用形-一般,オージ,オウジ,混,応ずる,オウズル,4453
,I,た,た,タ,助動詞,助動詞-タ,連体形-一般,タ,タ,和,た,タ,21642
,I,支援,支援,シエン,名詞-普通名詞-サ変可能,,,シエン,シエン,漢,支援,シエン,15014
,I,メニュー,メニュー-menu,メニュー,名詞-普通名詞-一般,,,メニュー,メニュー,外,メニュー,メニュー,37464
,I,を,を,ヲ,助詞-格助詞,,,オ,ヲ,和,を,ヲ,41407
,I,用意,用意,ヨウイ,名詞-普通名詞-サ変可能,,,ヨーイ,ヨウイ,漢,用意,ヨウイ,39015
,I,し,為る,スル,動詞-非自立可能,サ行変格,連用形-一般,シ,シ,和,する,スル,19537
,I,、,、,,補助記号-読点,,,,,記号,、,,24
,I,影響,影響,エイキョウ,名詞-普通名詞-サ変可能,,,エーキョー,エイキョウ,漢,影響,エイキョウ,3645
,I,の,の,ノ,助詞-格助詞,,,ノ,ノ,和,の,ノ,28989
,I,緩和,緩和,カンワ,名詞-普通名詞-サ変可能,,,カンワ,カンワ,漢,緩和,カンワ,7859
,I,に,に,ニ,助詞-格助詞,,,ニ,ニ,和,に,ニ,28178
,I,万全,万全,バンゼン,名詞-普通名詞-形状詞可能,,,バンゼン,バンゼン,漢,万全,バンゼン,30842
,I,を,を,ヲ,助詞-格助詞,,,オ,ヲ,和,を,ヲ,41407
,I,期し,期する,キスル,動詞-一般,サ行変格,連用形-一般,キシ,キシ,混,期する,キスル,8541
,I,ます,ます,マス,助動詞,助動詞-マス,終止形-一般,マス,マス,和,ます,マス,35697
,I,。,。,,補助記号-句点,,,,,記号,。,,25
,B,　,　,,空白,,,,,記号,　,,23
,I,中長期,中長期,チュウチョウキ,名詞-普通名詞-一般,,,チューチョーキ,チュウチョウキ,漢,中長期,チュウチョウキ,23861
,I,的,的,テキ,接尾辞-形状詞的,,,テキ,テキ,漢,的,テキ,25076
,I,に,だ,ダ,助動詞,助動詞-ダ,連用形-ニ,ニ,ニ,和,だ,ダ,22916
,I,は,は,ハ,助詞-係助詞,,,ワ,ハ,和,は,ハ,29321
,I,、,、,,補助記号-読点,,,,,記号,、,,24
,I,日本,日本,ニッポン,名詞-固有名詞-地名-国,,,ニッポン,ニッポン,固,日本,ニッポン,28455
,I,経済,経済,ケイザイ,名詞-普通名詞-一般,,,ケーザイ,ケイザイ,漢,経済,ケイザイ,10945
,I,の,の,ノ,助詞-格助詞,,,ノ,ノ,和,の,ノ,28989
,I,パイ,パイ-pie,パイ,名詞-普通名詞-一般,,,パイ,パイ,外,パイ,パイ,83669
,I,を,を,ヲ,助詞-格助詞,,,オ,ヲ,和,を,ヲ,41407
,I,大きく,大きい,オオキイ,形容詞-一般,形容詞,連用形-一般,オーキク,オオキク,和,大きい,オオキイ,4563
,I,し,為る,スル,動詞-非自立可能,サ行変格,連用形-一般,シ,シ,和,する,スル,19537
,I,て,て,テ,助詞-接続助詞,,,テ,テ,和,て,テ,24874
,I,いく,行く,イク,動詞-非自立可能,五段-カ行,連体形-一般,イク,イク,和,いく,イク,1713
,I,こと,事,コト,名詞-普通名詞-一般,,,コト,コト,和,こと,コト,12836
,I,が,が,ガ,助詞-格助詞,,,ガ,ガ,和,が,ガ,7889
,I,重要,重要,ジュウヨウ,形状詞-一般,,,ジューヨー,ジュウヨウ,漢,重要,ジュウヨウ,18245
,I,です,です,デス,助動詞,助動詞-デス,終止形-一般,デス,デス,和,です,デス,25653
,I,。,。,,補助記号-句点,,,,,記号,。,,25
,I,我が,我が,ワガ,連体詞,,,ワガ,ワガ,和,我が,ワガ,41188
,I,国,国,クニ,名詞-普通名詞-一般,,,クニ,クニ,和,国,クニ,10282
,I,の,の,ノ,助詞-格助詞,,,ノ,ノ,和,の,ノ,28989
,I,課題,課題,カダイ,名詞-普通名詞-一般,,,カダイ,カダイ,漢,課題,カダイ,6696
,I,を,を,ヲ,助詞-格助詞,,,オ,ヲ,和,を,ヲ,41407
,I,解決,解決,カイケツ,名詞-普通名詞-サ変可能,,,カイケツ,カイケツ,漢,解決,カイケツ,5691
,I,する,為る,スル,動詞-非自立可能,サ行変格,連体形-一般,スル,スル,和,する,スル,19537
,I,こと,事,コト,名詞-普通名詞-一般,,,コト,コト,和,こと,コト,12836
,I,に,に,ニ,助詞-格助詞,,,ニ,ニ,和,に,ニ,28178
,I,資する,資する,シスル,動詞-一般,サ行変格,連体形-一般,シスル,シスル,混,資する,シスル,15344
,I,先端,先端,センタン,名詞-普通名詞-一般,,,センタン,センタン,漢,先端,センタン,20554
,I,技術,技術,ギジュツ,名詞-普通名詞-一般,,,ギジュツ,ギジュツ,漢,技術,ギジュツ,9798
,I,を,を,ヲ,助詞-格助詞,,,オ,ヲ,和,を,ヲ,41407
,I,開花,開花,カイカ,名詞-普通名詞-サ変可能,,,カイカ,カイカ,漢,開花,カイカ,5651
,I,さ,為る,スル,動詞-非自立可能,サ行変格,未然形-サ,サ,サ,和,する,スル,19537
,I,せる,せる,セル,助動詞,下一段-サ行,連体形-一般,セル,セル,和,せる,セル,20355
,I,こと,事,コト,名詞-普通名詞-一般,,,コト,コト,和,こと,コト,12836
,I,で,だ,ダ,助動詞,助動詞-ダ,連用形-一般,デ,デ,和,だ,ダ,22916
,I,、,、,,補助記号-読点,,,,,記号,、,,24
,I,日本,日本,ニッポン,名詞-固有名詞-地名-国,,,ニッポン,ニッポン,固,日本,ニッポン,28455
,I,経済,経済,ケイザイ,名詞-普通名詞-一般,,,ケーザイ,ケイザイ,漢,経済,ケイザイ,10945
,I,の,の,ノ,助詞-格助詞,,,ノ,ノ,和,の,ノ,28989
,I,強い,強い,ツヨイ,形容詞-一般,形容詞,連体形-一般,ツヨイ,ツヨイ,和,強い,ツヨイ,24791
,I,成長,成長,セイチョウ,名詞-普通名詞-サ変可能,,,セーチョー,セイチョウ,漢,成長,セイチョウ,19911
,I,の,の,ノ,助詞-格助詞,,,ノ,ノ,和,の,ノ,28989
,I,実現,実現,ジツゲン,名詞-普通名詞-サ変可能,,,ジツゲン,ジツゲン,漢,実現,ジツゲン,17974
,I,を,を,ヲ,助詞-格助詞,,,オ,ヲ,和,を,ヲ,41407
,I,目指し,目指す,メザス,動詞-一般,五段-サ行,連用形-一般,メザシ,メザシ,和,目指す,メザス,37392
,I,ます,ます,マス,助動詞,助動詞-マス,終止形-一般,マス,マス,和,ます,マス,35697
,I,。,。,,補助記号-句点,,,,,記号,。,,25
,I,その,其の,ソノ,連体詞,,,ソノ,ソノ,和,その,ソノ,21394
,I,ため,為,タメ,名詞-普通名詞-副詞可能,,,タメ,タメ,和,ため,タメ,22686
,I,に,に,ニ,助詞-格助詞,,,ニ,ニ,和,に,ニ,28178
,I,、,、,,補助記号-読点,,,,,記号,、,,24
,I,「,「,,補助記号-括弧開,,,,,記号,「,,33
,I,日本,日本,ニッポン,名詞-固有名詞-地名-国,,,ニッポン,ニッポン,固,日本,ニッポン,28455
,I,成長,成長,セイチョウ,名詞-普通名詞-サ変可能,,,セーチョー,セイチョウ,漢,成長,セイチョウ,19911
,I,戦略,戦略,センリャク,名詞-普通名詞-一般,,,センリャク,センリャク,漢,戦略,センリャク,20666
,I,会議,会議,カイギ,名詞-普通名詞-サ変可能,,,カイギ,カイギ,漢,会議,カイギ,5679
,I,」,」,,補助記号-括弧閉,,,,,記号,」,,34
,I,を,を,ヲ,助詞-格助詞,,,オ,ヲ,和,を,ヲ,41407
,I,立ち上げ,立ち上げる,タチアゲル,動詞-一般,下一段-ガ行,連用形-一般,タチアゲ,タチアゲ,和,立ち上げる,タチアゲル,22378
,I,ます,ます,マス,助動詞,助動詞-マス,終止形-一般,マス,マス,和,ます,マス,35697
,I,。,。,,補助記号-句点,,,,,記号,。,,25
,B,　,　,,空白,,,,,記号,　,,23
,I,この,此の,コノ,連体詞,,,コノ,コノ,和,この,コノ,12905
,I,内閣,内閣,ナイカク,名詞-普通名詞-一般,,,ナイカク,ナイカク,漢,内閣,ナイカク,27449
,I,に,に,ニ,助詞-格助詞,,,ニ,ニ,和,に,ニ,28178
,I,おけ,於く,オク,動詞-一般,文語四段-カ行,命令形,オケ,オケ,和,おく,オク,4810
,I,る,り,リ,助動詞,文語助動詞-リ,連体形-一般,ル,ル,和,り,リ,39865
,I,成長,成長,セイチョウ,名詞-普通名詞-サ変可能,,,セーチョー,セイチョウ,漢,成長,セイチョウ,19911
,I,戦略,戦略,センリャク,名詞-普通名詞-一般,,,センリャク,センリャク,漢,戦略,センリャク,20666
,I,の,の,ノ,助詞-格助詞,,,ノ,ノ,和,の,ノ,28989
,I,肝,肝,キモ,名詞-普通名詞-一般,,,キモ,キモ,和,肝,キモ,8851
,I,は,は,ハ,助詞-係助詞,,,ワ,ハ,和,は,ハ,29321
,I,、,、,,補助記号-読点,,,,,記号,、,,24
,I,「,「,,補助記号-括弧開,,,,,記号,「,,33
,I,危機,危機,キキ,名詞-普通名詞-一般,,,キキ,キキ,漢,危機,キキ,8347
,I,管理,管理,カンリ,名詞-普通名詞-サ変可能,,,カンリ,カンリ,漢,管理,カンリ,7847
,I,投資,投資,トウシ,名詞-普通名詞-サ変可能,,,トーシ,トウシ,漢,投資,トウシ,25983
,I,」,」,,補助記号-括弧閉,,,,,記号,」,,34
,I,です,です,デス,助動詞,助動詞-デス,終止形-一般,デス,デス,和,です,デス,25653
,I,。,。,,補助記号-句点,,,,,記号,。,,25
,I,経済,経済,ケイザイ,名詞-普通名詞-一般,,,ケーザイ,ケイザイ,漢,経済,ケイザイ,10945
,I,安全,安全,アンゼン,名詞-普通名詞-形状詞可能,,,アンゼン,アンゼン,漢,安全,アンゼン,1366
,I,保障,保障,ホショウ,名詞-普通名詞-サ変可能,,,ホショー,ホショウ,漢,保障,ホショウ,34679
,I,、,、,,補助記号-読点,,,,,記号,、,,24
,I,食料,食料,ショクリョウ,名詞-普通名詞-一般,,,ショクリョー,ショクリョウ,漢,食料,ショクリョウ,16964
,I,安全,安全,アンゼン,名詞-普通名詞-形状詞可能,,,アンゼン,アンゼン,漢,安全,アンゼン,1366
,I,保障,保障,ホショウ,名詞-普通名詞-サ変可能,,,ホショー,ホショウ,漢,保障,ホショウ,34679
,I,、,、,,補助記号-読点,,,,,記号,、,,24
,I,エネルギー,エネルギー-energy,エネルギー,名詞-普通名詞-一般,,,エネルギー,エネルギー,外,エネルギー,エネルギー,3965
,I,安全,安全,アンゼン,名詞-普通名詞-形状詞可能,,,アンゼン,アンゼン,漢,安全,アンゼン,1366
,I,保障,保障,ホショウ,名詞-普通名詞-サ変可能,,,ホショー,ホショウ,漢,保障,ホショウ,34679
,I,、,、,,補助記号-読点,,,,,記号,、,,24
,I,健康,健康,ケンコウ,名詞-普通名詞-形状詞可能,,,ケンコー,ケンコウ,漢,健康,ケンコウ,11312
,I,医療,医療,イリョウ,名詞-普通名詞-一般,,,イリョー,イリョウ,漢,医療,イリョウ,2580
,I,安全,安全,アンゼン,名詞-普通名詞-形状詞可能,,,アンゼン,アンゼン,漢,安全,アンゼン,1366
,I,保障,保障,ホショウ,名詞-普通名詞-サ変可能,,,ホショー,ホショウ,漢,保障,ホショウ,34679
,I,、,、,,補助記号-読点,,,,,記号,、,,24
,I,国土,国土,コクド,名詞-普通名詞-一般,,,コクド,コクド,漢,国土,コクド,12556
,I,強靱,強靭,キョウジン,名詞-普通名詞-形状詞可能,,,キョージン,キョウジン,漢,強靱,キョウジン,9256
,I,化,化,カ,接尾辞-名詞的-サ変可能,,,カ,カ,漢,化,カ,5577
,I,対策,対策,タイサク,名詞-普通名詞-一般,,,タイサク,タイサク,漢,対策,タイサク,21763
,I,など,など,ナド,助詞-副助詞,,,ナド,ナド,和,など,ナド,27905
,I,の,の,ノ,助詞-格助詞,,,ノ,ノ,和,の,ノ,28989
,I,様々,様々,サマザマ,形状詞-一般,,,サマザマ,サマザマ,和,様々,サマザマ,14376
,I,な,だ,ダ,助動詞,助動詞-ダ,連体形-一般,ナ,ナ,和,だ,ダ,22916
,I,リスク,リスク-risk,リスク,名詞-普通名詞-一般,,,リスク,リスク,外,リスク,リスク,39979
,I,や,や,ヤ,助詞-副助詞,,,ヤ,ヤ,和,や,ヤ,38083
,I,社会,社会,シャカイ,名詞-普通名詞-一般,,,シャカイ,シャカイ,漢,社会,シャカイ,15869
,I,課題,課題,カダイ,名詞-普通名詞-一般,,,カダイ,カダイ,漢,課題,カダイ,6696
,I,に,に,ニ,助詞-格助詞,,,ニ,ニ,和,に,ニ,28178
,I,対し,対する,タイスル,動詞-一般,サ行変格,連用形-一般,タイシ,タイシ,混,対する,タイスル,21823
,I,、,、,,補助記号-読点,,,,,記号,、,,24
,I,官民,官民,カンミン,名詞-普通名詞-一般,,,カンミン,カンミン,漢,官民,カンミン,7823
,I,が,が,ガ,助詞-格助詞,,,ガ,ガ,和,が,ガ,7889
,I,手,手,テ,名詞-普通名詞-助数詞可能,,,テ,テ,和,手,テ,24877
,I,を,を,ヲ,助詞-格助詞,,,オ,ヲ,和,を,ヲ,41407
,I,携え,携える,タズサエル,動詞-一般,下一段-ア行,連用形-一般,タズサエ,タズサエ,和,携える,タズサエル,22307
,I,先手,先手,センテ,名詞-普通名詞-一般,,,センテ,センテ,混,先手,センテ,20576
,I,を,を,ヲ,助詞-格助詞,,,オ,ヲ,和,を,ヲ,41407
,I,打っ,打つ,ウツ,動詞-一般,五段-タ行,連用形-促音便,ウッ,ウッ,和,打つ,ウツ,3274
,I,て,て,テ,助詞-接続助詞,,,テ,テ,和,て,テ,24874
,I,行う,行う,オコナウ,動詞-一般,五段-ワア行,連体形-一般,オコナウ,オコナウ,和,行う,オコナウ,4875
,I,戦略,戦略,センリャク,名詞-普通名詞-一般,,,センリャク,センリャク,漢,戦略,センリャク,20666
,I,的,的,テキ,接尾辞-形状詞的,,,テキ,テキ,漢,的,テキ,25076
,I,な,だ,ダ,助動詞,助動詞-ダ,連体形-一般,ナ,ナ,和,だ,ダ,22916
,I,投資,投資,トウシ,名詞-普通名詞-サ変可能,,,トーシ,トウシ,漢,投資,トウシ,25983
,I,です,です,デス,助動詞,助動詞-デス,終止形-一般,デス,デス,和,です,デス,25653
,I,。,。,,補助記号-句点,,,,,記号,。,,25
,I,世界,世界,セカイ,名詞-普通名詞-一般,,,セカイ,セカイ,漢,世界,セカイ,20054
,I,共通,共通,キョウツウ,名詞-普通名詞-サ変形状詞可能,,,キョーツー,キョウツウ,漢,共通,キョウツウ,9290
,I,の,の,ノ,助詞-格助詞,,,ノ,ノ,和,の,ノ,28989
,I,課題,課題,カダイ,名詞-普通名詞-一般,,,カダイ,カダイ,漢,課題,カダイ,6696
,I,解決,解決,カイケツ,名詞-普通名詞-サ変可能,,,カイケツ,カイケツ,漢,解決,カイケツ,5691
,I,に,に,ニ,助詞-格助詞,,,ニ,ニ,和,に,ニ,28178
,I,資する,資する,シスル,動詞-一般,サ行変格,連体形-一般,シスル,シスル,混,資する,シスル,15344
,I,製品,製品,セイヒン,名詞-普通名詞-一般,,,セーヒン,セイヒン,漢,製品,セイヒン,19971
,I,・,・,,補助記号-一般,,,,・,記号,・,,44
,I,サービス,サービス-service,サービス,名詞-普通名詞-サ変可能,,,サービス,サービス,外,サービス,サービス,14744
,I,・,・,,補助記号-一般,,,,・,記号,・,,44
,I,インフラ,インフラ-infrastructure,インフラ,名詞-普通名詞-一般,,,インフラ,インフラ,外,インフラ,インフラ,120768
,I,を,を,ヲ,助詞-格助詞,,,オ,ヲ,和,を,ヲ,41407
,I,提供,提供,テイキョウ,名詞-普通名詞-サ変可能,,,テーキョー,テイキョウ,漢,提供,テイキョウ,24954
,I,できれ,出来る,デキル,動詞-非自立可能,上一段-カ行,仮定形-一般,デキレ,デキレ,和,できる,デキル,25624
,I,ば,ば,バ,助詞-接続助詞,,,バ,バ,和,ば,バ,30503
,I,、,、,,補助記号-読点,,,,,記号,、,,24
,I,更なる,更なる,サラナル,連体詞,,,サラナル,サラナル,和,更なる,サラナル,14447
,I,日本,日本,ニッポン,名詞-固有名詞-地名-国,,,ニッポン,ニッポン,固,日本,ニッポン,28455
,I,の,の,ノ,助詞-格助詞,,,ノ,ノ,和,の,ノ,28989
,I,成長,成長,セイチョウ,名詞-普通名詞-サ変可能,,,セーチョー,セイチョウ,漢,成長,セイチョウ,19911
,I,に,に,ニ,助詞-格助詞,,,ニ,ニ,和,に,ニ,28178
,I,つながり,繋がる,ツナガル,動詞-一般,五段-ラ行,連用形-一般,ツナガリ,ツナガリ,和,つながる,ツナガル,24672
,I,ます,ます,マス,助動詞,助動詞-マス,終止形-一般,マス,マス,和,ます,マス,35697
,I,。,。,,補助記号-句点,,,,,記号,。,,25
,I,未来,未来,ミライ,名詞-普通名詞-一般,,,ミライ,ミライ,漢,未来,ミライ,36904
,I,へ,へ,ヘ,助詞-格助詞,,,エ,ヘ,和,へ,ヘ,33819
,I,の,の,ノ,助詞-格助詞,,,ノ,ノ,和,の,ノ,28989
,I,不安,不安,フアン,名詞-普通名詞-形状詞可能,,,フアン,フアン,漢,不安,フアン,32348
,I,を,を,ヲ,助詞-格助詞,,,オ,ヲ,和,を,ヲ,41407
,I,希望,希望,キボウ,名詞-普通名詞-サ変可能,,,キボー,キボウ,漢,希望,キボウ,8811
,I,に,に,ニ,助詞-格助詞,,,ニ,ニ,和,に,ニ,28178
,I,変え,変える,カエル,動詞-一般,下一段-ア行,連用形-一般,カエ,カエ,和,変える,カエル,5977
,I,、,、,,補助記号-読点,,,,,記号,、,,24
,I,経済,経済,ケイザイ,名詞-普通名詞-一般,,,ケーザイ,ケイザイ,漢,経済,ケイザイ,10945
,I,の,の,ノ,助詞-格助詞,,,ノ,ノ,和,の,ノ,28989
,I,新た,新た,アラタ,形状詞-一般,,,アラタ,アラタ,和,新た,アラタ,1141
,I,な,だ,ダ,助動詞,助動詞-ダ,連体形-一般,ナ,ナ,和,だ,ダ,22916
,I,成長,成長,セイチョウ,名詞-普通名詞-サ変可能,,,セーチョー,セイチョウ,漢,成長,セイチョウ,19911
,I,を,を,ヲ,助詞-格助詞,,,オ,ヲ,和,を,ヲ,41407
,I,切り拓き,切り開く,キリヒラク,動詞-一般,五段-カ行,連用形-一般,キリヒラキ,キリヒラキ,和,切り拓く,キリヒラク,9536
,I,ます,ます,マス,助動詞,助動詞-マス,終止形-一般,マス,マス,和,ます,マス,35697
,I,。,。,,補助記号-句点,,,,,記号,。,,25
,B,　,　,,空白,,,,,記号,　,,23
,I,ＡＩ,ＡＩ,エーアイ,名詞-普通名詞-一般,,,エーアイ,エーアイ,記号,ＡＩ,エーアイ,4297
,I,・,・,,補助記号-一般,,,,・,記号,・,,44
,I,半,半,ハン,名詞-普通名詞-一般,,,ハン,ハン,漢,半,ハン,30305
,I,導体,導体,ドウタイ,名詞-普通名詞-一般,,,ドータイ,ドウタイ,漢,導体,ドウタイ,27112
,I,、,、,,補助記号-読点,,,,,記号,、,,24
,I,造船,造船,ゾウセン,名詞-普通名詞-サ変可能,,,ゾーセン,ゾウセン,漢,造船,ゾウセン,21578
,I,、,、,,補助記号-読点,,,,,記号,、,,24
,I,量子,量子,リョウシ,名詞-普通名詞-一般,,,リョーシ,リョウシ,漢,量子,リョウシ,40246
,I,、,、,,補助記号-読点,,,,,記号,、,,24
,I,バイオ,バイオ-bio,バイオ,名詞-普通名詞-一般,,,バイオ,バイオ,外,バイオ,バイオ,30521
,I,、,、,,補助記号-読点,,,,,記号,、,,24
,I,航空,航空,コウクウ,名詞-普通名詞-一般,,,コークー,コウクウ,漢,航空,コウクウ,11993
,I,・,・,,補助記号-一般,,,,・,記号,・,,44
,I,宇宙,宇宙,ウチュウ,名詞-普通名詞-一般,,,ウチュー,ウチュウ,漢,宇宙,ウチュウ,3249
,I,、,、,,補助記号-読点,,,,,記号,、,,24
,I,サイバー,サイバー-cyber,サイバー,形状詞-一般,,,サイバー,サイバー,外,サイバー,サイバー,71159
,I,セキュリティ,セキュリティー-security,セキュリティー,名詞-普通名詞-一般,,,セキュリティ,セキュリティ,外,セキュリティ,セキュリティ,20122
,I,等,等,トウ,接尾辞-名詞的-一般,,,トー,トウ,漢,等,トウ,25875
,I,の,の,ノ,助詞-格助詞,,,ノ,ノ,和,の,ノ,28989
,I,戦略,戦略,センリャク,名詞-普通名詞-一般,,,センリャク,センリャク,漢,戦略,センリャク,20666
,I,分野,分野,ブンヤ,名詞-普通名詞-一般,,,ブンヤ,ブンヤ,漢,分野,ブンヤ,33651
,I,に,に,ニ,助詞-格助詞,,,ニ,ニ,和,に,ニ,28178
,I,対し,対する,タイスル,動詞-一般,サ行変格,連用形-一般,タイシ,タイシ,混,対する,タイスル,21823
,I,て,て,テ,助詞-接続助詞,,,テ,テ,和,て,テ,24874
,I,、,、,,補助記号-読点,,,,,記号,、,,24
,I,大胆,大胆,ダイタン,形状詞-一般,,,ダイタン,ダイタン,漢,大胆,ダイタン,23029
,I,な,だ,ダ,助動詞,助動詞-ダ,連体形-一般,ナ,ナ,和,だ,ダ,22916
,I,投資,投資,トウシ,名詞-普通名詞-サ変可能,,,トーシ,トウシ,漢,投資,トウシ,25983
,I,促進,促進,ソクシン,名詞-普通名詞-サ変可能,,,ソクシン,ソクシン,漢,促進,ソクシン,21232
,I,、,、,,補助記号-読点,,,,,記号,、,,24
,I,国際,国際,コクサイ,名詞-普通名詞-一般,,,コクサイ,コクサイ,漢,国際,コクサイ,12524
,I,展開,展開,テンカイ,名詞-普通名詞-サ変可能,,,テンカイ,テンカイ,漢,展開,テンカイ,25355
,I,支援,支援,シエン,名詞-普通名詞-サ変可能,,,シエン,シエン,漢,支援,シエン,15014
,I,、,、,,補助記号-読点,,,,,記号,、,,24
,I,人材,人材,ジンザイ,名詞-普通名詞-一般,,,ジンザイ,ジンザイ,漢,人材,ジンザイ,18785
,I,育成,育成,イクセイ,名詞-普通名詞-サ変可能,,,イクセー,イクセイ,漢,育成,イクセイ,1724
,I,、,、,,補助記号-読点,,,,,記号,、,,24
,I,スタート,スタート-start,スタート,名詞-普通名詞-サ変可能,,,スタート,スタート,外,スタート,スタート,19233
,I,アップ,アップ-up,アップ,名詞-普通名詞-サ変可能,,,アップ,アップ,外,アップ,アップ,795
,I,振興,振興,シンコウ,名詞-普通名詞-サ変可能,,,シンコー,シンコウ,漢,振興,シンコウ,17318
,I,、,、,,補助記号-読点,,,,,記号,、,,24
,I,研究,研究,ケンキュウ,名詞-普通名詞-サ変可能,,,ケンキュー,ケンキュウ,漢,研究,ケンキュウ,11295
,I,開発,開発,カイハツ,名詞-普通名詞-サ変可能,,,カイハツ,カイハツ,漢,開発,カイハツ,5876
,I,、,、,,補助記号-読点,,,,,記号,、,,24
,I,産,産,サン,名詞-普通名詞-一般,,,サン,サン,漢,産,サン,14502
,I,学,学,ガク,接尾辞-名詞的-一般,,,ガク,ガク,漢,学,ガク,7998
,I,連携,連携,レンケイ,名詞-普通名詞-サ変可能,,,レンケー,レンケイ,漢,連携,レンケイ,40759
,I,、,、,,補助記号-読点,,,,,記号,、,,24
,I,国際,国際,コクサイ,名詞-普通名詞-一般,,,コクサイ,コクサイ,漢,国際,コクサイ,12524
,I,標準,標準,ヒョウジュン,名詞-普通名詞-一般,,,ヒョージュン,ヒョウジュン,漢,標準,ヒョウジュン,31754
,I,化,化,カ,接尾辞-名詞的-サ変可能,,,カ,カ,漢,化,カ,5577
,I,と,と,ト,助詞-格助詞,,,ト,ト,和,と,ト,25826
,I,いっ,言う,イウ,動詞-一般,五段-ワア行,連用形-促音便,イッ,イッ,和,いう,イウ,1571
,I,た,た,タ,助動詞,助動詞-タ,連体形-一般,タ,タ,和,た,タ,21642
,I,多角,多角,タカク,名詞-普通名詞-一般,,,タカク,タカク,漢,多角,タカク,22013
,I,的,的,テキ,接尾辞-形状詞的,,,テキ,テキ,漢,的,テキ,25076
,I,な,だ,ダ,助動詞,助動詞-ダ,連体形-一般,ナ,ナ,和,だ,ダ,22916
,I,観点,観点,カンテン,名詞-普通名詞-一般,,,カンテン,カンテン,漢,観点,カンテン,7733
,I,から,から,カラ,助詞-格助詞,,,カラ,カラ,和,から,カラ,7219
,I,の,の,ノ,助詞-格助詞,,,ノ,ノ,和,の,ノ,28989
,I,総合,総合,ソウゴウ,名詞-普通名詞-サ変可能,,,ソーゴー,ソウゴウ,漢,総合,ソウゴウ,21023
,I,支援,支援,シエン,名詞-普通名詞-サ変可能,,,シエン,シエン,漢,支援,シエン,15014
,I,策,策,サク,名詞-普通名詞-一般,,,サク,サク,漢,策,サク,13990
,I,を,を,ヲ,助詞-格助詞,,,オ,ヲ,和,を,ヲ,41407
,I,講ずる,講ずる,コウズル,動詞-一般,サ行変格,連体形-一般,コーズル,コウズル,混,講ずる,コウズル,12156
,I,こと,事,コト,名詞-普通名詞-一般,,,コト,コト,和,こと,コト,12836
,I,で,だ,ダ,助動詞,助動詞-ダ,連用形-一般,デ,デ,和,だ,ダ,22916
,I,、,、,,補助記号-読点,,,,,記号,、,,24
,I,官民,官民,カンミン,名詞-普通名詞-一般,,,カンミン,カンミン,漢,官民,カンミン,7823
,I,の,の,ノ,助詞-格助詞,,,ノ,ノ,和,の,ノ,28989
,I,積極,積極,セッキョク,名詞-普通名詞-一般,,,セッキョク,セッキョク,漢,積極,セッキョク,20177
,I,投資,投資,トウシ,名詞-普通名詞-サ変可能,,,トーシ,トウシ,漢,投資,トウシ,25983
,I,を,を,ヲ,助詞-格助詞,,,オ,ヲ,和,を,ヲ,41407
,I,引き出し,引き出す,ヒキダス,動詞-一般,五段-サ行,連用形-一般,ヒキダシ,ヒキダシ,和,引き出す,ヒキダス,31236
,I,ます,ます,マス,助動詞,助動詞-マス,終止形-一般,マス,マス,和,ます,マス,35697
,I,。,。,,補助記号-句点,,,,,記号,。,,25
,B,　,　,,空白,,,,,記号,　,,23
,I,「,「,,補助記号-括弧開,,,,,記号,「,,33
,I,世界,世界,セカイ,名詞-普通名詞-一般,,,セカイ,セカイ,漢,世界,セカイ,20054
,I,で,で,デ,助詞-格助詞,,,デ,デ,和,で,デ,25518
,I,最も,最も,モットモ,副詞,,,モットモ,モットモ,和,最も,モットモ,37801
,I,ＡＩ,ＡＩ,エーアイ,名詞-普通名詞-一般,,,エーアイ,エーアイ,記号,ＡＩ,エーアイ,4297
,I,を,を,ヲ,助詞-格助詞,,,オ,ヲ,和,を,ヲ,41407
,I,開発,開発,カイハツ,名詞-普通名詞-サ変可能,,,カイハツ,カイハツ,漢,開発,カイハツ,5876
,I,・,・,,補助記号-一般,,,,・,記号,・,,44
,I,活用,活用,カツヨウ,名詞-普通名詞-サ変可能,,,カツヨー,カツヨウ,漢,活用,カツヨウ,6817
,I,し,為る,スル,動詞-非自立可能,サ行変格,連用形-一般,シ,シ,和,する,スル,19537
,I,やすい,易い,ヤスイ,接尾辞-形容詞的,形容詞,連体形-一般,ヤスイ,ヤスイ,和,やすい,ヤスイ,38262
,I,国,国,クニ,名詞-普通名詞-一般,,,クニ,クニ,和,国,クニ,10282
,I,」,」,,補助記号-括弧閉,,,,,記号,」,,34
,I,を,を,ヲ,助詞-格助詞,,,オ,ヲ,和,を,ヲ,41407
,I,目指し,目指す,メザス,動詞-一般,五段-サ行,連用形-一般,メザシ,メザシ,和,目指す,メザス,37392
,I,て,て,テ,助詞-接続助詞,,,テ,テ,和,て,テ,24874
,I,、,、,,補助記号-読点,,,,,記号,、,,24
,I,データ,データ-data,データ,名詞-普通名詞-一般,,,データ,データ,外,データ,データ,25819
,I,連携,連携,レンケイ,名詞-普通名詞-サ変可能,,,レンケー,レンケイ,漢,連携,レンケイ,40759
,I,等,等,トウ,接尾辞-名詞的-一般,,,トー,トウ,漢,等,トウ,25875
,I,を,を,ヲ,助詞-格助詞,,,オ,ヲ,和,を,ヲ,41407
,I,通じ,通ずる,ツウズル,動詞-一般,サ行変格,連用形-一般,ツージ,ツウジ,混,通ずる,ツウズル,24416
,I,、,、,,補助記号-読点,,,,,記号,、,,24
,I,ＡＩ,ＡＩ,エーアイ,名詞-普通名詞-一般,,,エーアイ,エーアイ,記号,ＡＩ,エーアイ,4297
,I,を,を,ヲ,助詞-格助詞,,,オ,ヲ,和,を,ヲ,41407
,I,始め,始め,ハジメ,名詞-普通名詞-副詞可能,,,ハジメ,ハジメ,和,始め,ハジメ,29728
,I,と,と,ト,助詞-格助詞,,,ト,ト,和,と,ト,25826
,I,する,為る,スル,動詞-非自立可能,サ行変格,連体形-一般,スル,スル,和,する,スル,19537
,I,新しい,新しい,アタラシイ,形容詞-一般,形容詞,連体形-一般,アタラシー,アタラシイ,和,新しい,アタラシイ,748
,I,デジタル,デジタル-digital,デジタル,名詞-普通名詞-形状詞可能,,,デジタル,デジタル,外,デジタル,デジタル,25647
,I,技術,技術,ギジュツ,名詞-普通名詞-一般,,,ギジュツ,ギジュツ,漢,技術,ギジュツ,9798
,I,の,の,ノ,助詞-格助詞,,,ノ,ノ,和,の,ノ,28989
,I,研究,研究,ケンキュウ,名詞-普通名詞-サ変可能,,,ケンキュー,ケンキュウ,漢,研究,ケンキュウ,11295
,I,開発,開発,カイハツ,名詞-普通名詞-サ変可能,,,カイハツ,カイハツ,漢,開発,カイハツ,5876
,I,及び,及び,オヨビ,接続詞,,,オヨビ,オヨビ,和,及び,オヨビ,5315
,I,産業,産業,サンギョウ,名詞-普通名詞-一般,,,サンギョー,サンギョウ,漢,産業,サンギョウ,14544
,I,化,化,カ,接尾辞-名詞的-サ変可能,,,カ,カ,漢,化,カ,5577
,I,を,を,ヲ,助詞-格助詞,,,オ,ヲ,和,を,ヲ,41407
,I,加速,加速,カソク,名詞-普通名詞-サ変可能,,,カソク,カソク,漢,加速,カソク,6584
,I,さ,為る,スル,動詞-非自立可能,サ行変格,未然形-サ,サ,サ,和,する,スル,19537
,I,せ,せる,セル,助動詞,下一段-サ行,連用形-一般,セ,セ,和,せる,セル,20355
,I,ます,ます,マス,助動詞,助動詞-マス,終止形-一般,マス,マス,和,ます,マス,35697
,I,。,。,,補助記号-句点,,,,,記号,。,,25
,I,加え,加える,クワエル,動詞-一般,下一段-ア行,連用形-一般,クワエ,クワエ,和,加える,クワエル,10636
,I,て,て,テ,助詞-接続助詞,,,テ,テ,和,て,テ,24874
,I,、,、,,補助記号-読点,,,,,記号,、,,24
,I,コンテンツ,コンテンツ-contents,コンテンツ,名詞-普通名詞-一般,,,コンテンツ,コンテンツ,外,コンテンツ,コンテンツ,13221
,I,産業,産業,サンギョウ,名詞-普通名詞-一般,,,サンギョー,サンギョウ,漢,産業,サンギョウ,14544
,I,を,を,ヲ,助詞-格助詞,,,オ,ヲ,和,を,ヲ,41407
,I,含め,含める,フクメル,動詞-一般,下一段-マ行,連用形-一般,フクメ,フクメ,和,含める,フクメル,32688
,I,た,た,タ,助動詞,助動詞-タ,連体形-一般,タ,タ,和,た,タ,21642
,I,デジタル,デジタル-digital,デジタル,名詞-普通名詞-形状詞可能,,,デジタル,デジタル,外,デジタル,デジタル,25647
,I,関連,関連,カンレン,名詞-普通名詞-サ変可能,,,カンレン,カンレン,漢,関連,カンレン,7855
,I,産業,産業,サンギョウ,名詞-普通名詞-一般,,,サンギョー,サンギョウ,漢,産業,サンギョウ,14544
,I,の,の,ノ,助詞-格助詞,,,ノ,ノ,和,の,ノ,28989
,I,海外,海外,カイガイ,名詞-普通名詞-一般,,,カイガイ,カイガイ,漢,海外,カイガイ,5660
,I,展開,展開,テンカイ,名詞-普通名詞-サ変可能,,,テンカイ,テンカイ,漢,展開,テンカイ,25355
,I,を,を,ヲ,助詞-格助詞,,,オ,ヲ,和,を,ヲ,41407
,I,支援,支援,シエン,名詞-普通名詞-サ変可能,,,シエン,シエン,漢,支援,シエン,15014
,I,し,為る,スル,動詞-非自立可能,サ行変格,連用形-一般,シ,シ,和,する,スル,19537
,I,ます,ます,マス,助動詞,助動詞-マス,終止形-一般,マス,マス,和,ます,マス,35697
,I,。,。,,補助記号-句点,,,,,記号,。,,25
,B,　,　,,空白,,,,,記号,　,,23
,I,坂口,サカグチ,サカグチ,名詞-固有名詞-人名-姓,,,サカグチ,サカグチ,固,坂口,サカグチ,13899
,I,志,志,シ,接尾辞-名詞的-一般,,,シ,シ,漢,志,シ,14939
,I,文,フミ,フミ,名詞-固有名詞-人名-名,,,フミ,フミ,固,文,フミ,32993
,I,さん,さん,サン,接尾辞-名詞的-一般,,,サン,サン,和,さん,サン,14495
,I,、,、,,補助記号-読点,,,,,記号,、,,24
,I,北川,キタガワ,キタガワ,名詞-固有名詞-人名-姓,,,キタガワ,キタガワ,固,北川,キタガワ,8607
,I,進,ススム,ススム,名詞-固有名詞-人名-名,,,ススム,ススム,固,進,ススム,19184
,I,さん,さん,サン,接尾辞-名詞的-一般,,,サン,サン,和,さん,サン,14495
,I,の,の,ノ,助詞-格助詞,,,ノ,ノ,和,の,ノ,28989
,I,ノーベル,ノーベル-Nobel,ノーベル,名詞-固有名詞-人名-一般,,,ノーベル,ノーベル,固,ノーベル,ノーベル,29317
,I,賞,賞,ショウ,名詞-普通名詞-一般,,,ショー,ショウ,漢,賞,ショウ,16565
,I,受賞,受賞,ジュショウ,名詞-普通名詞-サ変可能,,,ジュショー,ジュショウ,漢,受賞,ジュショウ,18296
,I,を,を,ヲ,助詞-格助詞,,,オ,ヲ,和,を,ヲ,41407
,I,お,御,オ,接頭辞,,,オ,オ,和,お,オ,4350
,I,祝い,祝い,イワイ,名詞-普通名詞-一般,,,イワイ,イワイ,和,祝い,イワイ,2639
,I,申し上げ,申し上げる,モウシアゲル,動詞-一般,下一段-ガ行,連用形-一般,モーシアゲ,モウシアゲ,和,申し上げる,モウシアゲル,37589
,I,ます,ます,マス,助動詞,助動詞-マス,終止形-一般,マス,マス,和,ます,マス,35697
,I,。,。,,補助記号-句点,,,,,記号,。,,25
,I,強い,強い,ツヨイ,形容詞-一般,形容詞,連体形-一般,ツヨイ,ツヨイ,和,強い,ツヨイ,24791
,I,経済,経済,ケイザイ,名詞-普通名詞-一般,,,ケーザイ,ケイザイ,漢,経済,ケイザイ,10945
,I,の,の,ノ,助詞-格助詞,,,ノ,ノ,和,の,ノ,28989
,I,基盤,基盤,キバン,名詞-普通名詞-一般,,,キバン,キバン,漢,基盤,キバン,8785
,I,と,と,ト,助詞-格助詞,,,ト,ト,和,と,ト,25826
,I,なる,成る,ナル,動詞-非自立可能,五段-ラ行,連体形-一般,ナル,ナル,和,なる,ナル,28061
,I,の,の,ノ,助詞-準体助詞,,,ノ,ノ,和,の,ノ,28990
,I,は,は,ハ,助詞-係助詞,,,ワ,ハ,和,は,ハ,29321
,I,、,、,,補助記号-読点,,,,,記号,、,,24
,I,優れ,優れる,スグレル,動詞-一般,下一段-ラ行,連用形-一般,スグレ,スグレ,和,優れる,スグレル,19137
,I,た,た,タ,助動詞,助動詞-タ,連体形-一般,タ,タ,和,た,タ,21642
,I,科学,科学,カガク,名詞-普通名詞-サ変可能,,,カガク,カガク,漢,科学,カガク,6029
,I,技術,技術,ギジュツ,名詞-普通名詞-一般,,,ギジュツ,ギジュツ,漢,技術,ギジュツ,9798
,I,力,力,リョク,接尾辞-名詞的-一般,,,リョク,リョク,漢,力,リョク,40327
,I,で,だ,ダ,助動詞,助動詞-ダ,連用形-一般,デ,デ,和,だ,ダ,22916
,I,あり,有る,アル,動詞-非自立可能,五段-ラ行,連用形-一般,アリ,アリ,和,ある,アル,1216
,I,、,、,,補助記号-読点,,,,,記号,、,,24
,I,イノベーション,イノベーション-innovation,イノベーション,名詞-普通名詞-一般,,,イノベーション,イノベーション,外,イノベーション,イノベーション,2406
,I,を,を,ヲ,助詞-格助詞,,,オ,ヲ,和,を,ヲ,41407
,I,興す,起こす,オコス,動詞-一般,五段-サ行,連体形-一般,オコス,オコス,和,興す,オコス,4872
,I,こと,事,コト,名詞-普通名詞-一般,,,コト,コト,和,こと,コト,12836
,I,の,の,ノ,助詞-格助詞,,,ノ,ノ,和,の,ノ,28989
,I,できる,出来る,デキル,動詞-非自立可能,上一段-カ行,連体形-一般,デキル,デキル,和,できる,デキル,25624
,I,人材,人材,ジンザイ,名詞-普通名詞-一般,,,ジンザイ,ジンザイ,漢,人材,ジンザイ,18785
,I,です,です,デス,助動詞,助動詞-デス,終止形-一般,デス,デス,和,です,デス,25653
,I,。,。,,補助記号-句点,,,,,記号,。,,25
,I,公,公,コウ,名詞-普通名詞-一般,,,コー,コウ,漢,公,コウ,11826
,I,教育,教育,キョウイク,名詞-普通名詞-サ変可能,,,キョーイク,キョウイク,漢,教育,キョウイク,9155
,I,の,の,ノ,助詞-格助詞,,,ノ,ノ,和,の,ノ,28989
,I,強化,強化,キョウカ,名詞-普通名詞-サ変可能,,,キョーカ,キョウカ,漢,強化,キョウカ,9167
,I,や,や,ヤ,助詞-副助詞,,,ヤ,ヤ,和,や,ヤ,38083
,I,大学,大学,ダイガク,名詞-普通名詞-一般,,,ダイガク,ダイガク,漢,大学,ダイガク,22965
,I,改革,改革,カイカク,名詞-普通名詞-サ変可能,,,カイカク,カイカク,漢,改革,カイカク,5655
,I,を,を,ヲ,助詞-格助詞,,,オ,ヲ,和,を,ヲ,41407
,I,進める,進める,ススメル,動詞-一般,下一段-マ行,終止形-一般,ススメル,ススメル,和,進める,ススメル,19189
,I,と,と,ト,助詞-格助詞,,,ト,ト,和,と,ト,25826
,I,とも,共,トモ,名詞-普通名詞-一般,,,トモ,トモ,和,とも,トモ,26643
,I,に,に,ニ,助詞-格助詞,,,ニ,ニ,和,に,ニ,28178
,I,、,、,,補助記号-読点,,,,,記号,、,,24
,I,科学,科学,カガク,名詞-普通名詞-サ変可能,,,カガク,カガク,漢,科学,カガク,6029
,I,技術,技術,ギジュツ,名詞-普通名詞-一般,,,ギジュツ,ギジュツ,漢,技術,ギジュツ,9798
,I,・,・,,補助記号-一般,,,,・,記号,・,,44
,I,人材,人材,ジンザイ,名詞-普通名詞-一般,,,ジンザイ,ジンザイ,漢,人材,ジンザイ,18785
,I,育成,育成,イクセイ,名詞-普通名詞-サ変可能,,,イクセー,イクセイ,漢,育成,イクセイ,1724
,I,に,に,ニ,助詞-格助詞,,,ニ,ニ,和,に,ニ,28178
,I,資する,資する,シスル,動詞-一般,サ行変格,連体形-一般,シスル,シスル,混,資する,シスル,15344
,I,戦略,戦略,センリャク,名詞-普通名詞-一般,,,センリャク,センリャク,漢,戦略,センリャク,20666
,I,的,的,テキ,接尾辞-形状詞的,,,テキ,テキ,漢,的,テキ,25076
,I,支援,支援,シエン,名詞-普通名詞-サ変可能,,,シエン,シエン,漢,支援,シエン,15014
,I,を,を,ヲ,助詞-格助詞,,,オ,ヲ,和,を,ヲ,41407
,I,行い,行う,オコナウ,動詞-一般,五段-ワア行,連用形-一般,オコナイ,オコナイ,和,行う,オコナウ,4875
,I,、,、,,補助記号-読点,,,,,記号,、,,24
,I,「,「,,補助記号-括弧開,,,,,記号,「,,33
,I,新,新,シン,接頭辞,,,シン,シン,漢,新,シン,17231
,I,技術,技術,ギジュツ,名詞-普通名詞-一般,,,ギジュツ,ギジュツ,漢,技術,ギジュツ,9798
,I,立国,立国,リッコク,名詞-普通名詞-一般,,,リッコク,リッコク,漢,立国,リッコク,40015
,I,」,」,,補助記号-括弧閉,,,,,記号,」,,34
,I,を,を,ヲ,助詞-格助詞,,,オ,ヲ,和,を,ヲ,41407
,I,目指し,目指す,メザス,動詞-一般,五段-サ行,連用形-一般,メザシ,メザシ,和,目指す,メザス,37392
,I,ます,ます,マス,助動詞,助動詞-マス,終止形-一般,マス,マス,和,ます,マス,35697
,I,。,。,,補助記号-句点,,,,,記号,。,,25
,B,　,　,,空白,,,,,記号,　,,23
,I,そして,そして,ソシテ,接続詞,,,ソシテ,ソシテ,和,そして,ソシテ,21297
,I,、,、,,補助記号-読点,,,,,記号,、,,24
,I,成長,成長,セイチョウ,名詞-普通名詞-サ変可能,,,セーチョー,セイチョウ,漢,成長,セイチョウ,19911
,I,戦略,戦略,センリャク,名詞-普通名詞-一般,,,センリャク,センリャク,漢,戦略,センリャク,20666
,I,を,を,ヲ,助詞-格助詞,,,オ,ヲ,和,を,ヲ,41407
,I,加速,加速,カソク,名詞-普通名詞-サ変可能,,,カソク,カソク,漢,加速,カソク,6584
,I,さ,為る,スル,動詞-非自立可能,サ行変格,未然形-サ,サ,サ,和,する,スル,19537
,I,せる,せる,セル,助動詞,下一段-サ行,連体形-一般,セル,セル,和,せる,セル,20355
,I,ため,為,タメ,名詞-普通名詞-副詞可能,,,タメ,タメ,和,ため,タメ,22686
,I,に,に,ニ,助詞-格助詞,,,ニ,ニ,和,に,ニ,28178
,I,は,は,ハ,助詞-係助詞,,,ワ,ハ,和,は,ハ,29321
,I,、,、,,補助記号-読点,,,,,記号,、,,24
,I,金融,金融,キンユウ,名詞-普通名詞-サ変可能,,,キンユー,キンユウ,漢,金融,キンユウ,9728
,I,の,の,ノ,助詞-格助詞,,,ノ,ノ,和,の,ノ,28989
,I,力,力,チカラ,名詞-普通名詞-一般,,,チカラ,チカラ,和,力,チカラ,23443
,I,が,が,ガ,助詞-格助詞,,,ガ,ガ,和,が,ガ,7889
,I,必要,必要,ヒツヨウ,名詞-普通名詞-形状詞可能,,,ヒツヨー,ヒツヨウ,漢,必要,ヒツヨウ,31473
,I,です,です,デス,助動詞,助動詞-デス,終止形-一般,デス,デス,和,です,デス,25653
,I,。,。,,補助記号-句点,,,,,記号,。,,25
,I,「,「,,補助記号-括弧開,,,,,記号,「,,33
,I,資産,資産,シサン,名詞-普通名詞-一般,,,シサン,シサン,漢,資産,シサン,15263
,I,運用,運用,ウンヨウ,名詞-普通名詞-サ変可能,,,ウンヨー,ウンヨウ,漢,運用,ウンヨウ,3602
,I,立国,立国,リッコク,名詞-普通名詞-一般,,,リッコク,リッコク,漢,立国,リッコク,40015
,I,」,」,,補助記号-括弧閉,,,,,記号,」,,34
,I,に,に,ニ,助詞-格助詞,,,ニ,ニ,和,に,ニ,28178
,I,向け,向ける,ムケル,動詞-一般,下一段-カ行,連用形-一般,ムケ,ムケ,和,向ける,ムケル,88132
,I,た,た,タ,助動詞,助動詞-タ,連体形-一般,タ,タ,和,た,タ,21642
,I,貯蓄,貯蓄,チョチク,名詞-普通名詞-サ変可能,,,チョチク,チョチク,漢,貯蓄,チョチク,24182
,I,から,から,カラ,助詞-格助詞,,,カラ,カラ,和,から,カラ,7219
,I,投資,投資,トウシ,名詞-普通名詞-サ変可能,,,トーシ,トウシ,漢,投資,トウシ,25983
,I,へ,へ,ヘ,助詞-格助詞,,,エ,ヘ,和,へ,ヘ,33819
,I,の,の,ノ,助詞-格助詞,,,ノ,ノ,和,の,ノ,28989
,I,取組,取り組み,トリクミ,名詞-普通名詞-一般,,,トリクミ,トリクミ,和,取組,トリクミ,26779
,I,の,の,ノ,助詞-格助詞,,,ノ,ノ,和,の,ノ,28989
,I,成果,成果,セイカ,名詞-普通名詞-一般,,,セーカ,セイカ,漢,成果,セイカ,19714
,I,に,に,ニ,助詞-格助詞,,,ニ,ニ,和,に,ニ,28178
,I,基づき,基づく,モトヅク,動詞-一般,五段-カ行,連用形-一般,モトズキ,モトヅキ,和,基づく,モトヅク,37837
,I,、,、,,補助記号-読点,,,,,記号,、,,24
,I,金融,金融,キンユウ,名詞-普通名詞-サ変可能,,,キンユー,キンユウ,漢,金融,キンユウ,9728
,I,を,を,ヲ,助詞-格助詞,,,オ,ヲ,和,を,ヲ,41407
,I,通じ,通ずる,ツウズル,動詞-一般,サ行変格,連用形-一般,ツージ,ツウジ,混,通ずる,ツウズル,24416
,I,、,、,,補助記号-読点,,,,,記号,、,,24
,I,日本,日本,ニッポン,名詞-固有名詞-地名-国,,,ニッポン,ニッポン,固,日本,ニッポン,28455
,I,経済,経済,ケイザイ,名詞-普通名詞-一般,,,ケーザイ,ケイザイ,漢,経済,ケイザイ,10945
,I,と,と,ト,助詞-格助詞,,,ト,ト,和,と,ト,25826
,I,地方,地方,チホウ,名詞-普通名詞-一般,,,チホー,チホウ,漢,地方,チホウ,23612
,I,経済,経済,ケイザイ,名詞-普通名詞-一般,,,ケーザイ,ケイザイ,漢,経済,ケイザイ,10945
,I,の,の,ノ,助詞-格助詞,,,ノ,ノ,和,の,ノ,28989
,I,潜在,潜在,センザイ,名詞-普通名詞-サ変可能,,,センザイ,センザイ,漢,潜在,センザイ,20472
,I,力,力,リョク,接尾辞-名詞的-一般,,,リョク,リョク,漢,力,リョク,40327
,I,を,を,ヲ,助詞-格助詞,,,オ,ヲ,和,を,ヲ,41407
,I,解き放つ,解き放つ,トキハナツ,動詞-一般,五段-タ行,連体形-一般,トキハナツ,トキハナツ,和,解き放つ,トキハナツ,60595
,I,ため,為,タメ,名詞-普通名詞-副詞可能,,,タメ,タメ,和,ため,タメ,22686
,I,の,の,ノ,助詞-格助詞,,,ノ,ノ,和,の,ノ,28989
,I,戦略,戦略,センリャク,名詞-普通名詞-一般,,,センリャク,センリャク,漢,戦略,センリャク,20666
,I,を,を,ヲ,助詞-格助詞,,,オ,ヲ,和,を,ヲ,41407
,I,策定,策定,サクテイ,名詞-普通名詞-サ変可能,,,サクテー,サクテイ,漢,策定,サクテイ,14024
,I,し,為る,スル,動詞-非自立可能,サ行変格,連用形-一般,シ,シ,和,する,スル,19537
,I,、,、,,補助記号-読点,,,,,記号,、,,24
,I,官民,官民,カンミン,名詞-普通名詞-一般,,,カンミン,カンミン,漢,官民,カンミン,7823
,I,連携,連携,レンケイ,名詞-普通名詞-サ変可能,,,レンケー,レンケイ,漢,連携,レンケイ,40759
,I,で,で,デ,助詞-格助詞,,,デ,デ,和,で,デ,25518
,I,取り組ん,取り組む,トリクム,動詞-一般,五段-マ行,連用形-撥音便,トリクン,トリクン,和,取り組む,トリクム,26780
,I,で,て,テ,助詞-接続助詞,,,デ,デ,和,で,デ,24874
,I,いき,行く,イク,動詞-非自立可能,五段-カ行,連用形-一般,イキ,イキ,和,いく,イク,1713
,I,ます,ます,マス,助動詞,助動詞-マス,終止形-一般,マス,マス,和,ます,マス,35697
,I,。,。,,補助記号-句点,,,,,記号,。,,25
,B,　,　,,空白,,,,,記号,　,,23
,I,こう,こう,コウ,副詞,,,コー,コウ,和,こう,コウ,11822
,I,し,為る,スル,動詞-非自立可能,サ行変格,連用形-一般,シ,シ,和,する,スル,19537
,I,て,て,テ,助詞-接続助詞,,,テ,テ,和,て,テ,24874
,I,日本,日本,ニッポン,名詞-固有名詞-地名-国,,,ニッポン,ニッポン,固,日本,ニッポン,28455
,I,の,の,ノ,助詞-格助詞,,,ノ,ノ,和,の,ノ,28989
,I,供給,供給,キョウキュウ,名詞-普通名詞-サ変可能,,,キョーキュー,キョウキュウ,漢,供給,キョウキュウ,9187
,I,構造,構造,コウゾウ,名詞-普通名詞-一般,,,コーゾー,コウゾウ,漢,構造,コウゾウ,12199
,I,を,を,ヲ,助詞-格助詞,,,オ,ヲ,和,を,ヲ,41407
,I,強化,強化,キョウカ,名詞-普通名詞-サ変可能,,,キョーカ,キョウカ,漢,強化,キョウカ,9167
,I,し,為る,スル,動詞-非自立可能,サ行変格,連用形-一般,シ,シ,和,する,スル,19537
,I,、,、,,補助記号-読点,,,,,記号,、,,24
,I,世界,世界,セカイ,名詞-普通名詞-一般,,,セカイ,セカイ,漢,世界,セカイ,20054
,I,の,の,ノ,助詞-格助詞,,,ノ,ノ,和,の,ノ,28989
,I,投資,投資,トウシ,名詞-普通名詞-サ変可能,,,トーシ,トウシ,漢,投資,トウシ,25983
,I,家,家,カ,接尾辞-名詞的-一般,,,カ,カ,漢,家,カ,5580
,I,が,が,ガ,助詞-格助詞,,,ガ,ガ,和,が,ガ,7889
,I,信頼,信頼,シンライ,名詞-普通名詞-サ変可能,,,シンライ,シンライ,漢,信頼,シンライ,17578
,I,を,を,ヲ,助詞-格助詞,,,オ,ヲ,和,を,ヲ,41407
,I,寄せる,寄せる,ヨセル,動詞-一般,下一段-サ行,連体形-一般,ヨセル,ヨセル,和,寄せる,ヨセル,39356
,I,経済,経済,ケイザイ,名詞-普通名詞-一般,,,ケーザイ,ケイザイ,漢,経済,ケイザイ,10945
,I,を,を,ヲ,助詞-格助詞,,,オ,ヲ,和,を,ヲ,41407
,I,実現,実現,ジツゲン,名詞-普通名詞-サ変可能,,,ジツゲン,ジツゲン,漢,実現,ジツゲン,17974
,I,する,為る,スル,動詞-非自立可能,サ行変格,連体形-一般,スル,スル,和,する,スル,19537
,I,こと,事,コト,名詞-普通名詞-一般,,,コト,コト,和,こと,コト,12836
,I,で,だ,ダ,助動詞,助動詞-ダ,連用形-一般,デ,デ,和,だ,ダ,22916
,I,、,、,,補助記号-読点,,,,,記号,、,,24
,I,世界,世界,セカイ,名詞-普通名詞-一般,,,セカイ,セカイ,漢,世界,セカイ,20054
,I,の,の,ノ,助詞-格助詞,,,ノ,ノ,和,の,ノ,28989
,I,資本,資本,シホン,名詞-普通名詞-一般,,,シホン,シホン,漢,資本,シホン,15713
,I,が,が,ガ,助詞-格助詞,,,ガ,ガ,和,が,ガ,7889
,I,流れ込む,流れ込む,ナガレコム,動詞-一般,五段-マ行,連体形-一般,ナガレコム,ナガレコム,和,流れ込む,ナガレコム,27752
,I,好,好,コウ,接頭辞,,,コー,コウ,漢,好,コウ,11833
,I,循環,循環,ジュンカン,名詞-普通名詞-サ変可能,,,ジュンカン,ジュンカン,漢,循環,ジュンカン,18390
,I,を,を,ヲ,助詞-格助詞,,,オ,ヲ,和,を,ヲ,41407
,I,生み出し,生み出す,ウミダス,動詞-一般,五段-サ行,連用形-一般,ウミダシ,ウミダシ,和,生み出す,ウミダス,3385
,I,ます,ます,マス,助動詞,助動詞-マス,終止形-一般,マス,マス,和,ます,マス,35697
,I,。,。,,補助記号-句点,,,,,記号,。,,25
,B,　,　,,空白,,,,,記号,　,,23
,I,地域,地域,チイキ,名詞-普通名詞-一般,,,チイキ,チイキ,漢,地域,チイキ,23397
,I,を,を,ヲ,助詞-格助詞,,,オ,ヲ,和,を,ヲ,41407
,I,活性,活性,カッセイ,名詞-普通名詞-サ変可能,,,カッセー,カッセイ,漢,活性,カッセイ,6746
,I,化,化,カ,接尾辞-名詞的-サ変可能,,,カ,カ,漢,化,カ,5577
,I,さ,為る,スル,動詞-非自立可能,サ行変格,未然形-サ,サ,サ,和,する,スル,19537
,I,せ,せる,セル,助動詞,下一段-サ行,連用形-一般,セ,セ,和,せる,セル,20355
,I,、,、,,補助記号-読点,,,,,記号,、,,24
,I,食料,食料,ショクリョウ,名詞-普通名詞-一般,,,ショクリョー,ショクリョウ,漢,食料,ショクリョウ,16964
,I,安全,安全,アンゼン,名詞-普通名詞-形状詞可能,,,アンゼン,アンゼン,漢,安全,アンゼン,1366
,I,保障,保障,ホショウ,名詞-普通名詞-サ変可能,,,ホショー,ホショウ,漢,保障,ホショウ,34679
,I,を,を,ヲ,助詞-格助詞,,,オ,ヲ,和,を,ヲ,41407
,I,確保,確保,カクホ,名詞-普通名詞-サ変可能,,,カクホ,カクホ,漢,確保,カクホ,6233
,I,する,為る,スル,動詞-非自立可能,サ行変格,連体形-一般,スル,スル,和,する,スル,19537
,I,観点,観点,カンテン,名詞-普通名詞-一般,,,カンテン,カンテン,漢,観点,カンテン,7733
,I,から,から,カラ,助詞-格助詞,,,カラ,カラ,和,から,カラ,7219
,I,、,、,,補助記号-読点,,,,,記号,、,,24
,I,農林,農林,ノウリン,名詞-普通名詞-一般,,,ノーリン,ノウリン,漢,農林,ノウリン,29074
,I,水産,水産,スイサン,名詞-普通名詞-一般,,,スイサン,スイサン,漢,水産,スイサン,18905
,I,業,業,ギョウ,接尾辞-名詞的-一般,,,ギョー,ギョウ,漢,業,ギョウ,9884
,I,の,の,ノ,助詞-格助詞,,,ノ,ノ,和,の,ノ,28989
,I,振興,振興,シンコウ,名詞-普通名詞-サ変可能,,,シンコー,シンコウ,漢,振興,シンコウ,17318
,I,が,が,ガ,助詞-格助詞,,,ガ,ガ,和,が,ガ,7889
,I,重要,重要,ジュウヨウ,形状詞-一般,,,ジューヨー,ジュウヨウ,漢,重要,ジュウヨウ,18245
,I,です,です,デス,助動詞,助動詞-デス,終止形-一般,デス,デス,和,です,デス,25653
,I,。,。,,補助記号-句点,,,,,記号,。,,25
,I,農業,農業,ノウギョウ,名詞-普通名詞-一般,,,ノーギョー,ノウギョウ,漢,農業,ノウギョウ,29022
,I,に,に,ニ,助詞-格助詞,,,ニ,ニ,和,に,ニ,28178
,I,つい,つく,ツク,動詞-一般,五段-カ行,連用形-イ音便,ツイ,ツイ,和,つく,ツク,24536
,I,て,て,テ,助詞-接続助詞,,,テ,テ,和,て,テ,24874
,I,は,は,ハ,助詞-係助詞,,,ワ,ハ,和,は,ハ,29321
,I,、,、,,補助記号-読点,,,,,記号,、,,24
,I,５,五,ゴ,名詞-数詞,,,ゴ,ゴ,漢,５,ゴ,13327
,I,年間,年間,ネンカン,名詞-普通名詞-助数詞可能,,,ネンカン,ネンカン,漢,年間,ネンカン,28934
,I,の,の,ノ,助詞-格助詞,,,ノ,ノ,和,の,ノ,28989
,I,「,「,,補助記号-括弧開,,,,,記号,「,,33
,I,農業,農業,ノウギョウ,名詞-普通名詞-一般,,,ノーギョー,ノウギョウ,漢,農業,ノウギョウ,29022
,I,構造,構造,コウゾウ,名詞-普通名詞-一般,,,コーゾー,コウゾウ,漢,構造,コウゾウ,12199
,I,転換,転換,テンカン,名詞-普通名詞-サ変可能,,,テンカン,テンカン,漢,転換,テンカン,25359
,I,集中,集中,シュウチュウ,名詞-普通名詞-サ変可能,,,シューチュー,シュウチュウ,漢,集中,シュウチュウ,16172
,I,対策,対策,タイサク,名詞-普通名詞-一般,,,タイサク,タイサク,漢,対策,タイサク,21763
,I,期間,期間,キカン,名詞-普通名詞-一般,,,キカン,キカン,漢,期間,キカン,8329
,I,」,」,,補助記号-括弧閉,,,,,記号,」,,34
,I,に,に,ニ,助詞-格助詞,,,ニ,ニ,和,に,ニ,28178
,I,おい,於く,オク,動詞-一般,五段-カ行,連用形-イ音便,オイ,オイ,和,おく,オク,4810
,I,て,て,テ,助詞-接続助詞,,,テ,テ,和,て,テ,24874
,I,別枠,別枠,ベツワク,名詞-普通名詞-一般,,,ベツワク,ベツワク,混,別枠,ベツワク,34201
,I,予算,予算,ヨサン,名詞-普通名詞-一般,,,ヨサン,ヨサン,漢,予算,ヨサン,39262
,I,を,を,ヲ,助詞-格助詞,,,オ,ヲ,和,を,ヲ,41407
,I,確保,確保,カクホ,名詞-普通名詞-サ変可能,,,カクホ,カクホ,漢,確保,カクホ,6233
,I,し,為る,スル,動詞-非自立可能,サ行変格,連用形-一般,シ,シ,和,する,スル,19537
,I,ます,ます,マス,助動詞,助動詞-マス,終止形-一般,マス,マス,和,ます,マス,35697
,I,。,。,,補助記号-句点,,,,,記号,。,,25
,I,世界,世界,セカイ,名詞-普通名詞-一般,,,セカイ,セカイ,漢,世界,セカイ,20054
,I,トップ,トップ-top,トップ,名詞-普通名詞-一般,,,トップ,トップ,外,トップ,トップ,26491
,I,レベル,レベル-level,レベル,名詞-普通名詞-一般,,,レベル,レベル,外,レベル,レベル,40734
,I,の,の,ノ,助詞-格助詞,,,ノ,ノ,和,の,ノ,28989
,I,植物,植物,ショクブツ,名詞-普通名詞-一般,,,ショクブツ,ショクブツ,漢,植物,ショクブツ,16951
,I,工場,工場,コウジョウ,名詞-普通名詞-一般,,,コージョー,コウジョウ,漢,工場,コウジョウ,12143
,I,、,、,,補助記号-読点,,,,,記号,、,,24
,I,陸上,陸上,リクジョウ,名詞-普通名詞-一般,,,リクジョー,リクジョウ,漢,陸上,リクジョウ,39936
,I,養殖,養殖,ヨウショク,名詞-普通名詞-サ変可能,,,ヨーショク,ヨウショク,漢,養殖,ヨウショク,39080
,I,、,、,,補助記号-読点,,,,,記号,、,,24
,I,衛星,衛星,エイセイ,名詞-普通名詞-一般,,,エーセー,エイセイ,漢,衛星,エイセイ,3675
,I,情報,情報,ジョウホウ,名詞-普通名詞-一般,,,ジョーホー,ジョウホウ,漢,情報,ジョウホウ,18630
,I,、,、,,補助記号-読点,,,,,記号,、,,24
,I,ＡＩ,ＡＩ,エーアイ,名詞-普通名詞-一般,,,エーアイ,エーアイ,記号,ＡＩ,エーアイ,4297
,I,解析,解析,カイセキ,名詞-普通名詞-サ変可能,,,カイセキ,カイセキ,漢,解析,カイセキ,5785
,I,、,、,,補助記号-読点,,,,,記号,、,,24
,I,センサー,センサー-sensor,センサー,名詞-普通名詞-一般,,,センサー,センサー,外,センサー,センサー,20469
,I,など,など,ナド,助詞-副助詞,,,ナド,ナド,和,など,ナド,27905
,I,の,の,ノ,助詞-格助詞,,,ノ,ノ,和,の,ノ,28989
,I,先端,先端,センタン,名詞-普通名詞-一般,,,センタン,センタン,漢,先端,センタン,20554
,I,技術,技術,ギジュツ,名詞-普通名詞-一般,,,ギジュツ,ギジュツ,漢,技術,ギジュツ,9798
,I,も,も,モ,助詞-係助詞,,,モ,モ,和,も,モ,37562
,I,活用,活用,カツヨウ,名詞-普通名詞-サ変可能,,,カツヨー,カツヨウ,漢,活用,カツヨウ,6817
,I,し,為る,スル,動詞-非自立可能,サ行変格,連用形-一般,シ,シ,和,する,スル,19537
,I,、,、,,補助記号-読点,,,,,記号,、,,24
,I,輸出,輸出,ユシュツ,名詞-普通名詞-サ変可能,,,ユシュツ,ユシュツ,漢,輸出,ユシュツ,38828
,I,を,を,ヲ,助詞-格助詞,,,オ,ヲ,和,を,ヲ,41407
,I,促進,促進,ソクシン,名詞-普通名詞-サ変可能,,,ソクシン,ソクシン,漢,促進,ソクシン,21232
,I,し,為る,スル,動詞-非自立可能,サ行変格,連用形-一般,シ,シ,和,する,スル,19537
,I,、,、,,補助記号-読点,,,,,記号,、,,24
,I,稼げる,稼ぐ,カセグ,動詞-一般,下一段-ガ行,連体形-一般,カセゲル,カセゲル,和,稼げる,カセゲル,6560
,I,農林,農林,ノウリン,名詞-普通名詞-一般,,,ノーリン,ノウリン,漢,農林,ノウリン,29074
,I,水産,水産,スイサン,名詞-普通名詞-一般,,,スイサン,スイサン,漢,水産,スイサン,18905
,I,業,業,ギョウ,接尾辞-名詞的-一般,,,ギョー,ギョウ,漢,業,ギョウ,9884
,I,を,を,ヲ,助詞-格助詞,,,オ,ヲ,和,を,ヲ,41407
,I,創り出し,作り出す,ツクリダス,動詞-一般,五段-サ行,連用形-一般,ツクリダシ,ツクリダシ,和,創り出す,ツクリダス,24556
,I,ます,ます,マス,助動詞,助動詞-マス,終止形-一般,マス,マス,和,ます,マス,35697
,I,。,。,,補助記号-句点,,,,,記号,。,,25
,B,　,　,,空白,,,,,記号,　,,23
,I,国民,国民,コクミン,名詞-普通名詞-一般,,,コクミン,コクミン,漢,国民,コクミン,12579
,I,生活,生活,セイカツ,名詞-普通名詞-サ変可能,,,セーカツ,セイカツ,漢,生活,セイカツ,19728
,I,及び,及び,オヨビ,接続詞,,,オヨビ,オヨビ,和,及び,オヨビ,5315
,I,国内,国内,コクナイ,名詞-普通名詞-一般,,,コクナイ,コクナイ,漢,国内,コクナイ,12558
,I,産業,産業,サンギョウ,名詞-普通名詞-一般,,,サンギョー,サンギョウ,漢,産業,サンギョウ,14544
,I,を,を,ヲ,助詞-格助詞,,,オ,ヲ,和,を,ヲ,41407
,I,持続,持続,ジゾク,名詞-普通名詞-サ変可能,,,ジゾク,ジゾク,漢,持続,ジゾク,17905
,I,さ,為る,スル,動詞-非自立可能,サ行変格,未然形-サ,サ,サ,和,する,スル,19537
,I,せ,せる,セル,助動詞,下一段-サ行,連用形-一般,セ,セ,和,せる,セル,20355
,I,、,、,,補助記号-読点,,,,,記号,、,,24
,I,更に,更に,サラニ,接続詞,,,サラニ,サラニ,和,更に,サラニ,14448
,I,立地,立地,リッチ,名詞-普通名詞-サ変可能,,,リッチ,リッチ,漢,立地,リッチ,40025
,I,競争,競争,キョウソウ,名詞-普通名詞-サ変可能,,,キョーソー,キョウソウ,漢,競争,キョウソウ,9269
,I,力,力,リョク,接尾辞-名詞的-一般,,,リョク,リョク,漢,力,リョク,40327
,I,を,を,ヲ,助詞-格助詞,,,オ,ヲ,和,を,ヲ,41407
,I,強化,強化,キョウカ,名詞-普通名詞-サ変可能,,,キョーカ,キョウカ,漢,強化,キョウカ,9167
,I,し,為る,スル,動詞-非自立可能,サ行変格,連用形-一般,シ,シ,和,する,スル,19537
,I,て,て,テ,助詞-接続助詞,,,テ,テ,和,て,テ,24874
,I,いく,行く,イク,動詞-非自立可能,五段-カ行,連体形-一般,イク,イク,和,いく,イク,1713
,I,ため,為,タメ,名詞-普通名詞-副詞可能,,,タメ,タメ,和,ため,タメ,22686
,I,に,に,ニ,助詞-格助詞,,,ニ,ニ,和,に,ニ,28178
,I,、,、,,補助記号-読点,,,,,記号,、,,24
,I,エネルギー,エネルギー-energy,エネルギー,名詞-普通名詞-一般,,,エネルギー,エネルギー,外,エネルギー,エネルギー,3965
,I,の,の,ノ,助詞-格助詞,,,ノ,ノ,和,の,ノ,28989
,I,安定,安定,アンテイ,名詞-普通名詞-サ変形状詞可能,,,アンテー,アンテイ,漢,安定,アンテイ,1389
,I,的,的,テキ,接尾辞-形状詞的,,,テキ,テキ,漢,的,テキ,25076
,I,で,だ,ダ,助動詞,助動詞-ダ,連用形-一般,デ,デ,和,だ,ダ,22916
,I,安価,安価,アンカ,形状詞-一般,,,アンカ,アンカ,漢,安価,アンカ,1326
,I,な,だ,ダ,助動詞,助動詞-ダ,連体形-一般,ナ,ナ,和,だ,ダ,22916
,I,供給,供給,キョウキュウ,名詞-普通名詞-サ変可能,,,キョーキュー,キョウキュウ,漢,供給,キョウキュウ,9187
,I,が,が,ガ,助詞-格助詞,,,ガ,ガ,和,が,ガ,7889
,I,不可欠,不可欠,フカケツ,形状詞-一般,,,フカケツ,フカケツ,漢,不可欠,フカケツ,32527
,I,です,です,デス,助動詞,助動詞-デス,終止形-一般,デス,デス,和,です,デス,25653
,I,。,。,,補助記号-句点,,,,,記号,。,,25
,I,特に,特に,トクニ,副詞,,,トクニ,トクニ,混,特に,トクニ,26323
,I,、,、,,補助記号-読点,,,,,記号,、,,24
,I,原子,原子,ゲンシ,名詞-普通名詞-一般,,,ゲンシ,ゲンシ,漢,原子,ゲンシ,11670
,I,力,力,リョク,接尾辞-名詞的-一般,,,リョク,リョク,漢,力,リョク,40327
,I,や,や,ヤ,助詞-副助詞,,,ヤ,ヤ,和,や,ヤ,38083
,I,ペロブスカイト,,,名詞,,,,,,,,　
,I,太陽,太陽,タイヨウ,名詞-普通名詞-一般,,,タイヨー,タイヨウ,漢,太陽,タイヨウ,21945
,I,電池,電池,デンチ,名詞-普通名詞-一般,,,デンチ,デンチ,漢,電池,デンチ,25784
,I,を,を,ヲ,助詞-格助詞,,,オ,ヲ,和,を,ヲ,41407
,I,始め,始め,ハジメ,名詞-普通名詞-副詞可能,,,ハジメ,ハジメ,和,始め,ハジメ,29728
,I,と,と,ト,助詞-格助詞,,,ト,ト,和,と,ト,25826
,I,する,為る,スル,動詞-非自立可能,サ行変格,連体形-一般,スル,スル,和,する,スル,19537
,I,国産,国産,コクサン,名詞-普通名詞-一般,,,コクサン,コクサン,漢,国産,コクサン,12526
,I,エネルギー,エネルギー-energy,エネルギー,名詞-普通名詞-一般,,,エネルギー,エネルギー,外,エネルギー,エネルギー,3965
,I,は,は,ハ,助詞-係助詞,,,ワ,ハ,和,は,ハ,29321
,I,重要,重要,ジュウヨウ,形状詞-一般,,,ジューヨー,ジュウヨウ,漢,重要,ジュウヨウ,18245
,I,です,です,デス,助動詞,助動詞-デス,終止形-一般,デス,デス,和,です,デス,25653
,I,。,。,,補助記号-句点,,,,,記号,。,,25
,I,ＧＸ,ＧＸ,ジーエックス,名詞-普通名詞-一般,,,ジーエックス,ジーエックス,記号,ＧＸ,ジーエックス,91360
,I,予算,予算,ヨサン,名詞-普通名詞-一般,,,ヨサン,ヨサン,漢,予算,ヨサン,39262
,I,を,を,ヲ,助詞-格助詞,,,オ,ヲ,和,を,ヲ,41407
,I,用い,用いる,モチイル,動詞-一般,上一段-ア行,連用形-一般,モチイ,モチイ,和,用いる,モチイル,37748
,I,ながら,ながら,ナガラ,助詞-接続助詞,,,ナガラ,ナガラ,和,ながら,ナガラ,27743
,I,、,、,,補助記号-読点,,,,,記号,、,,24
,I,地域,地域,チイキ,名詞-普通名詞-一般,,,チイキ,チイキ,漢,地域,チイキ,23397
,I,の,の,ノ,助詞-格助詞,,,ノ,ノ,和,の,ノ,28989
,I,理解,理解,リカイ,名詞-普通名詞-サ変可能,,,リカイ,リカイ,漢,理解,リカイ,39891
,I,や,や,ヤ,助詞-副助詞,,,ヤ,ヤ,和,や,ヤ,38083
,I,環境,環境,カンキョウ,名詞-普通名詞-一般,,,カンキョー,カンキョウ,漢,環境,カンキョウ,7531
,I,へ,へ,ヘ,助詞-格助詞,,,エ,ヘ,和,へ,ヘ,33819
,I,の,の,ノ,助詞-格助詞,,,ノ,ノ,和,の,ノ,28989
,I,配慮,配慮,ハイリョ,名詞-普通名詞-サ変可能,,,ハイリョ,ハイリョ,漢,配慮,ハイリョ,29488
,I,を,を,ヲ,助詞-格助詞,,,オ,ヲ,和,を,ヲ,41407
,I,前提,前提,ゼンテイ,名詞-普通名詞-一般,,,ゼンテー,ゼンテイ,漢,前提,ゼンテイ,20857
,I,に,に,ニ,助詞-格助詞,,,ニ,ニ,和,に,ニ,28178
,I,、,、,,補助記号-読点,,,,,記号,、,,24
,I,脱炭,脱炭,ダッタン,名詞-普通名詞-サ変可能,,,ダッタン,ダッタン,漢,脱炭,ダッタン,232669
,I,素,素,ソ,接尾辞-名詞的-一般,,,ソ,ソ,漢,素,ソ,20926
,I,電源,電源,デンゲン,名詞-普通名詞-一般,,,デンゲン,デンゲン,漢,電源,デンゲン,25759
,I,を,を,ヲ,助詞-格助詞,,,オ,ヲ,和,を,ヲ,41407
,I,最大,最大,サイダイ,名詞-普通名詞-一般,,,サイダイ,サイダイ,漢,最大,サイダイ,13770
,I,限,限,ゲン,接尾辞-名詞的-副詞可能,,,ゲン,ゲン,漢,限,ゲン,11621
,I,活用,活用,カツヨウ,名詞-普通名詞-サ変可能,,,カツヨー,カツヨウ,漢,活用,カツヨウ,6817
,I,する,為る,スル,動詞-非自立可能,サ行変格,終止形-一般,スル,スル,和,する,スル,19537
,I,と,と,ト,助詞-格助詞,,,ト,ト,和,と,ト,25826
,I,とも,共,トモ,名詞-普通名詞-一般,,,トモ,トモ,和,とも,トモ,26643
,I,に,に,ニ,助詞-格助詞,,,ニ,ニ,和,に,ニ,28178
,I,、,、,,補助記号-読点,,,,,記号,、,,24
,I,光電,光電,コウデン,名詞-普通名詞-一般,,,コーデン,コウデン,漢,光電,コウデン,52128
,I,融合,融合,ユウゴウ,名詞-普通名詞-サ変可能,,,ユーゴー,ユウゴウ,漢,融合,ユウゴウ,38649
,I,技術,技術,ギジュツ,名詞-普通名詞-一般,,,ギジュツ,ギジュツ,漢,技術,ギジュツ,9798
,I,等,等,トウ,接尾辞-名詞的-一般,,,トー,トウ,漢,等,トウ,25875
,I,に,に,ニ,助詞-格助詞,,,ニ,ニ,和,に,ニ,28178
,I,よる,因る,ヨル,動詞-一般,五段-ラ行,連体形-一般,ヨル,ヨル,和,よる,ヨル,39521
,I,徹底,徹底,テッテイ,名詞-普通名詞-サ変可能,,,テッテー,テッテイ,漢,徹底,テッテイ,25178
,I,し,為る,スル,動詞-非自立可能,サ行変格,連用形-一般,シ,シ,和,する,スル,19537
,I,た,た,タ,助動詞,助動詞-タ,連体形-一般,タ,タ,和,た,タ,21642
,I,省エネ,省エネ,ショウエネ,名詞-普通名詞-一般,,,ショーエネ,ショウエネ,混,省エネ,ショウエネ,16581
,I,や,や,ヤ,助詞-副助詞,,,ヤ,ヤ,和,や,ヤ,38083
,I,燃料,燃料,ネンリョウ,名詞-普通名詞-一般,,,ネンリョー,ネンリョウ,漢,燃料,ネンリョウ,28982
,I,転換,転換,テンカン,名詞-普通名詞-サ変可能,,,テンカン,テンカン,漢,転換,テンカン,25359
,I,を,を,ヲ,助詞-格助詞,,,オ,ヲ,和,を,ヲ,41407
,I,進め,進める,ススメル,動詞-一般,下一段-マ行,連用形-一般,ススメ,ススメ,和,進める,ススメル,19189
,I,ます,ます,マス,助動詞,助動詞-マス,終止形-一般,マス,マス,和,ます,マス,35697
,I,。,。,,補助記号-句点,,,,,記号,。,,25
,I,また,又,マタ,接続詞,,,マタ,マタ,和,また,マタ,35734
,I,、,、,,補助記号-読点,,,,,記号,、,,24
,I,次,次,ジ,接頭辞,,,ジ,ジ,漢,次,ジ,17688
,I,世代,世代,セダイ,名詞-普通名詞-一般,,,セダイ,セダイ,漢,世代,セダイ,20160
,I,革新,革新,カクシン,名詞-普通名詞-サ変可能,,,カクシン,カクシン,漢,革新,カクシン,6180
,I,炉,炉,ロ,名詞-普通名詞-一般,,,ロ,ロ,漢,炉,ロ,40849
,I,や,や,ヤ,助詞-副助詞,,,ヤ,ヤ,和,や,ヤ,38083
,I,フュージョン,フュージョン-fusion,フュージョン,名詞-普通名詞-一般,,,フュージョン,フュージョン,外,フュージョン,フュージョン,33032
,I,エネルギー,エネルギー-energy,エネルギー,名詞-普通名詞-一般,,,エネルギー,エネルギー,外,エネルギー,エネルギー,3965
,I,の,の,ノ,助詞-格助詞,,,ノ,ノ,和,の,ノ,28989
,I,早期,早期,ソウキ,名詞-普通名詞-一般,,,ソーキ,ソウキ,漢,早期,ソウキ,20987
,I,の,の,ノ,助詞-格助詞,,,ノ,ノ,和,の,ノ,28989
,I,社会,社会,シャカイ,名詞-普通名詞-一般,,,シャカイ,シャカイ,漢,社会,シャカイ,15869
,I,実装,実装,ジッソウ,名詞-普通名詞-サ変可能,,,ジッソー,ジッソウ,漢,実装,ジッソウ,17953
,I,を,を,ヲ,助詞-格助詞,,,オ,ヲ,和,を,ヲ,41407
,I,目指し,目指す,メザス,動詞-一般,五段-サ行,連用形-一般,メザシ,メザシ,和,目指す,メザス,37392
,I,ます,ます,マス,助動詞,助動詞-マス,終止形-一般,マス,マス,和,ます,マス,35697
,I,。,。,,補助記号-句点,,,,,記号,。,,25
,B,　,　,,空白,,,,,記号,　,,23
,I,こう,こう,コウ,副詞,,,コー,コウ,和,こう,コウ,11822
,I,し,為る,スル,動詞-非自立可能,サ行変格,連用形-一般,シ,シ,和,する,スル,19537
,I,た,た,タ,助動詞,助動詞-タ,連体形-一般,タ,タ,和,た,タ,21642
,I,施策,施策,シサク,名詞-普通名詞-一般,,,シサク,シサク,漢,施策,シサク,15256
,I,を,を,ヲ,助詞-格助詞,,,オ,ヲ,和,を,ヲ,41407
,I,直ちに,直ちに,タダチニ,副詞,,,タダチニ,タダチニ,和,直ちに,タダチニ,22357
,I,具体,具体,グタイ,名詞-普通名詞-一般,,,グタイ,グタイ,漢,具体,グタイ,10724
,I,化,化,カ,接尾辞-名詞的-サ変可能,,,カ,カ,漢,化,カ,5577
,I,さ,為る,スル,動詞-非自立可能,サ行変格,未然形-サ,サ,サ,和,する,スル,19537
,I,せ,せる,セル,助動詞,下一段-サ行,連用形-一般,セ,セ,和,せる,セル,20355
,I,て,て,テ,助詞-接続助詞,,,テ,テ,和,て,テ,24874
,I,まいり,参る,マイル,動詞-非自立可能,五段-ラ行,連用形-一般,マイリ,マイリ,和,まいる,マイル,35450
,I,ます,ます,マス,助動詞,助動詞-マス,終止形-一般,マス,マス,和,ます,マス,35697
,I,。,。,,補助記号-句点,,,,,記号,。,,25
,I,我が,我が,ワガ,連体詞,,,ワガ,ワガ,和,我が,ワガ,41188
,I,国,国,クニ,名詞-普通名詞-一般,,,クニ,クニ,和,国,クニ,10282
,I,の,の,ノ,助詞-格助詞,,,ノ,ノ,和,の,ノ,28989
,I,総力,総力,ソウリョク,名詞-普通名詞-一般,,,ソーリョク,ソウリョク,漢,総力,ソウリョク,21187
,I,を,を,ヲ,助詞-格助詞,,,オ,ヲ,和,を,ヲ,41407
,I,挙げ,上げる,アゲル,動詞-非自立可能,下一段-ガ行,連用形-一般,アゲ,アゲ,和,挙げる,アゲル,524
,I,て,て,テ,助詞-接続助詞,,,テ,テ,和,て,テ,24874
,I,、,、,,補助記号-読点,,,,,記号,、,,24
,I,強い,強い,ツヨイ,形容詞-一般,形容詞,連体形-一般,ツヨイ,ツヨイ,和,強い,ツヨイ,24791
,I,経済,経済,ケイザイ,名詞-普通名詞-一般,,,ケーザイ,ケイザイ,漢,経済,ケイザイ,10945
,I,を,を,ヲ,助詞-格助詞,,,オ,ヲ,和,を,ヲ,41407
,I,実現,実現,ジツゲン,名詞-普通名詞-サ変可能,,,ジツゲン,ジツゲン,漢,実現,ジツゲン,17974
,I,し,為る,スル,動詞-非自立可能,サ行変格,連用形-一般,シ,シ,和,する,スル,19537
,I,て,て,テ,助詞-接続助詞,,,テ,テ,和,て,テ,24874
,I,いこう,行く,イク,動詞-非自立可能,五段-カ行,意志推量形,イコー,イコウ,和,いく,イク,1713
,I,で,で,デ,助詞-格助詞,,,デ,デ,和,で,デ,25518
,I,は,は,ハ,助詞-係助詞,,,ワ,ハ,和,は,ハ,29321
,I,あり,有る,アル,動詞-非自立可能,五段-ラ行,連用形-一般,アリ,アリ,和,ある,アル,1216
,I,ませ,ます,マス,助動詞,助動詞-マス,未然形-一般,マセ,マセ,和,ます,マス,35697
,I,ん,ず,ズ,助動詞,助動詞-ヌ,終止形-撥音便,ン,ン,和,ぬ,ヌ,19587
,I,か,か,カ,助詞-終助詞,,,カ,カ,和,か,カ,5569
,I,。,。,,補助記号-句点,,,,,記号,。,,25
,B,　,　,,空白,,,,,記号,　,,23
,I,日本,日本,ニッポン,名詞-固有名詞-地名-国,,,ニッポン,ニッポン,固,日本,ニッポン,28455
,I,は,は,ハ,助詞-係助詞,,,ワ,ハ,和,は,ハ,29321
,I,世界,世界,セカイ,名詞-普通名詞-一般,,,セカイ,セカイ,漢,世界,セカイ,20054
,I,有数,有数,ユウスウ,形状詞-一般,,,ユースー,ユウスウ,漢,有数,ユウスウ,38673
,I,の,の,ノ,助詞-格助詞,,,ノ,ノ,和,の,ノ,28989
,I,災害,災害,サイガイ,名詞-普通名詞-一般,,,サイガイ,サイガイ,漢,災害,サイガイ,13666
,I,大国,大国,タイコク,名詞-普通名詞-一般,,,タイコク,タイコク,漢,大国,タイコク,21755
,I,です,です,デス,助動詞,助動詞-デス,終止形-一般,デス,デス,和,です,デス,25653
,I,。,。,,補助記号-句点,,,,,記号,。,,25
,I,南海,南海,ナンカイ,名詞-普通名詞-一般,,,ナンカイ,ナンカイ,漢,南海,ナンカイ,180200
,I,トラフ,トラフ-trough,トラフ,名詞-普通名詞-一般,,,トラフ,トラフ,外,トラフ,トラフ,133920
,I,地震,地震,ジシン,名詞-普通名詞-一般,,,ジシン,ジシン,漢,地震,ジシン,17857
,I,、,、,,補助記号-読点,,,,,記号,、,,24
,I,首都,首都,シュト,名詞-普通名詞-一般,,,シュト,シュト,漢,首都,シュト,16417
,I,直下,直下,チョッカ,名詞-普通名詞-サ変可能,,,チョッカ,チョッカ,漢,直下,チョッカ,24183
,I,地震,地震,ジシン,名詞-普通名詞-一般,,,ジシン,ジシン,漢,地震,ジシン,17857
,I,等,等,トウ,接尾辞-名詞的-一般,,,トー,トウ,漢,等,トウ,25875
,I,の,の,ノ,助詞-格助詞,,,ノ,ノ,和,の,ノ,28989
,I,巨大,巨大,キョダイ,形状詞-一般,,,キョダイ,キョダイ,漢,巨大,キョダイ,9418
,I,災害,災害,サイガイ,名詞-普通名詞-一般,,,サイガイ,サイガイ,漢,災害,サイガイ,13666
,I,に,に,ニ,助詞-格助詞,,,ニ,ニ,和,に,ニ,28178
,I,対する,対する,タイスル,動詞-一般,サ行変格,連体形-一般,タイスル,タイスル,混,対する,タイスル,21823
,I,事前,事前,ジゼン,名詞-普通名詞-一般,,,ジゼン,ジゼン,漢,事前,ジゼン,17895
,I,防災,防災,ボウサイ,名詞-普通名詞-一般,,,ボーサイ,ボウサイ,漢,防災,ボウサイ,35064
,I,、,、,,補助記号-読点,,,,,記号,、,,24
,I,そして,そして,ソシテ,接続詞,,,ソシテ,ソシテ,和,そして,ソシテ,21297
,I,発生,発生,ハッセイ,名詞-普通名詞-サ変可能,,,ハッセー,ハッセイ,漢,発生,ハッセイ,29872
,I,し,為る,スル,動詞-非自立可能,サ行変格,連用形-一般,シ,シ,和,する,スル,19537
,I,て,て,テ,助詞-接続助詞,,,テ,テ,和,て,テ,24874
,I,しまっ,仕舞う,シマウ,動詞-非自立可能,五段-ワア行,連用形-促音便,シマッ,シマッ,和,しまう,シマウ,15738
,I,た,た,タ,助動詞,助動詞-タ,連体形-一般,タ,タ,和,た,タ,21642
,I,災害,災害,サイガイ,名詞-普通名詞-一般,,,サイガイ,サイガイ,漢,災害,サイガイ,13666
,I,の,の,ノ,助詞-格助詞,,,ノ,ノ,和,の,ノ,28989
,I,応急,応急,オウキュウ,名詞-普通名詞-一般,,,オーキュー,オウキュウ,漢,応急,オウキュウ,4414
,I,対策,対策,タイサク,名詞-普通名詞-一般,,,タイサク,タイサク,漢,対策,タイサク,21763
,I,、,、,,補助記号-読点,,,,,記号,、,,24
,I,復旧,復旧,フッキュウ,名詞-普通名詞-サ変可能,,,フッキュー,フッキュウ,漢,復旧,フッキュウ,32899
,I,・,・,,補助記号-一般,,,,・,記号,・,,44
,I,復興,復興,フッコウ,名詞-普通名詞-サ変可能,,,フッコー,フッコウ,漢,復興,フッコウ,32907
,I,は,は,ハ,助詞-係助詞,,,ワ,ハ,和,は,ハ,29321
,I,、,、,,補助記号-読点,,,,,記号,、,,24
,I,国,国,クニ,名詞-普通名詞-一般,,,クニ,クニ,和,国,クニ,10282
,I,と,と,ト,助詞-格助詞,,,ト,ト,和,と,ト,25826
,I,し,為る,スル,動詞-非自立可能,サ行変格,連用形-一般,シ,シ,和,する,スル,19537
,I,て,て,テ,助詞-接続助詞,,,テ,テ,和,て,テ,24874
,I,対応,対応,タイオウ,名詞-普通名詞-サ変可能,,,タイオー,タイオウ,漢,対応,タイオウ,21679
,I,す,為る,スル,動詞-非自立可能,文語サ行変格,終止形-一般,ス,ス,和,す,ス,19537
,I,べき,べし,ベシ,助動詞,文語助動詞-ベシ,連体形-一般,ベキ,ベキ,和,べし,ベシ,34137
,I,最,最,サイ,接頭辞,,,サイ,サイ,漢,最,サイ,13633
,I,優先,優先,ユウセン,名詞-普通名詞-サ変可能,,,ユーセン,ユウセン,漢,優先,ユウセン,38684
,I,課題,課題,カダイ,名詞-普通名詞-一般,,,カダイ,カダイ,漢,課題,カダイ,6696
,I,です,です,デス,助動詞,助動詞-デス,終止形-一般,デス,デス,和,です,デス,25653
,I,。,。,,補助記号-句点,,,,,記号,。,,25
,B,　,　,,空白,,,,,記号,　,,23
,I,防災,防災,ボウサイ,名詞-普通名詞-一般,,,ボーサイ,ボウサイ,漢,防災,ボウサイ,35064
,I,体制,体制,タイセイ,名詞-普通名詞-一般,,,タイセー,タイセイ,漢,体制,タイセイ,21825
,I,の,の,ノ,助詞-格助詞,,,ノ,ノ,和,の,ノ,28989
,I,抜本,抜本,バッポン,名詞-普通名詞-一般,,,バッポン,バッポン,漢,抜本,バッポン,30709
,I,的,的,テキ,接尾辞-形状詞的,,,テキ,テキ,漢,的,テキ,25076
,I,強化,強化,キョウカ,名詞-普通名詞-サ変可能,,,キョーカ,キョウカ,漢,強化,キョウカ,9167
,I,を,を,ヲ,助詞-格助詞,,,オ,ヲ,和,を,ヲ,41407
,I,図る,図る,ハカル,動詞-一般,五段-ラ行,終止形-一般,ハカル,ハカル,和,図る,ハカル,29531
,I,べく,べし,ベシ,助動詞,文語助動詞-ベシ,連用形-一般,ベク,ベク,和,べし,ベシ,34137
,I,、,、,,補助記号-読点,,,,,記号,、,,24
,I,来,来,ライ,接頭辞,,,ライ,ライ,漢,来,ライ,39575
,I,年度,年度,ネンド,名詞-普通名詞-一般,,,ネンド,ネンド,漢,年度,ネンド,28969
,I,の,の,ノ,助詞-格助詞,,,ノ,ノ,和,の,ノ,28989
,I,防災,防災,ボウサイ,名詞-普通名詞-一般,,,ボーサイ,ボウサイ,漢,防災,ボウサイ,35064
,I,庁,庁,チョウ,接尾辞-名詞的-一般,,,チョー,チョウ,漢,庁,チョウ,23939
,I,の,の,ノ,助詞-格助詞,,,ノ,ノ,和,の,ノ,28989
,I,設立,設立,セツリツ,名詞-普通名詞-サ変可能,,,セツリツ,セツリツ,漢,設立,セツリツ,20286
,I,に,に,ニ,助詞-格助詞,,,ニ,ニ,和,に,ニ,28178
,I,向け,向ける,ムケル,動詞-一般,下一段-カ行,連用形-一般,ムケ,ムケ,和,向ける,ムケル,88132
,I,、,、,,補助記号-読点,,,,,記号,、,,24
,I,準備,準備,ジュンビ,名詞-普通名詞-サ変可能,,,ジュンビ,ジュンビ,漢,準備,ジュンビ,18437
,I,を,を,ヲ,助詞-格助詞,,,オ,ヲ,和,を,ヲ,41407
,I,加速,加速,カソク,名詞-普通名詞-サ変可能,,,カソク,カソク,漢,加速,カソク,6584
,I,し,為る,スル,動詞-非自立可能,サ行変格,連用形-一般,シ,シ,和,する,スル,19537
,I,ます,ます,マス,助動詞,助動詞-マス,終止形-一般,マス,マス,和,ます,マス,35697
,I,。,。,,補助記号-句点,,,,,記号,。,,25
,I,あわせ,合わせる,アワセル,動詞-一般,下一段-サ行,連用形-一般,アワセ,アワセ,和,あわせる,アワセル,1303
,I,て,て,テ,助詞-接続助詞,,,テ,テ,和,て,テ,24874
,I,、,、,,補助記号-読点,,,,,記号,、,,24
,I,国,国,クニ,名詞-普通名詞-一般,,,クニ,クニ,和,国,クニ,10282
,I,・,・,,補助記号-一般,,,,・,記号,・,,44
,I,自治,自治,ジチ,名詞-普通名詞-一般,,,ジチ,ジチ,漢,自治,ジチ,17918
,I,体,体,タイ,名詞-普通名詞-助数詞可能,,,タイ,タイ,漢,体,タイ,21657
,I,に,に,ニ,助詞-格助詞,,,ニ,ニ,和,に,ニ,28178
,I,よる,因る,ヨル,動詞-一般,五段-ラ行,連体形-一般,ヨル,ヨル,和,よる,ヨル,39521
,I,シミュレーション,シミュレーション-simulation,シミュレーション,名詞-普通名詞-サ変可能,,,シミュレーション,シミュレーション,外,シミュレーション,シミュレーション,15768
,I,に,に,ニ,助詞-格助詞,,,ニ,ニ,和,に,ニ,28178
,I,より,因る,ヨル,動詞-一般,五段-ラ行,連用形-一般,ヨリ,ヨリ,和,よる,ヨル,39521
,I,リスク,リスク-risk,リスク,名詞-普通名詞-一般,,,リスク,リスク,外,リスク,リスク,39979
,I,を,を,ヲ,助詞-格助詞,,,オ,ヲ,和,を,ヲ,41407
,I,総,総,ソウ,接頭辞,,,ソー,ソウ,漢,総,ソウ,20947
,I,点検,点検,テンケン,名詞-普通名詞-サ変可能,,,テンケン,テンケン,漢,点検,テンケン,25376
,I,し,為る,スル,動詞-非自立可能,サ行変格,連用形-一般,シ,シ,和,する,スル,19537
,I,、,、,,補助記号-読点,,,,,記号,、,,24
,I,デジタル,デジタル-digital,デジタル,名詞-普通名詞-形状詞可能,,,デジタル,デジタル,外,デジタル,デジタル,25647
,I,技術,技術,ギジュツ,名詞-普通名詞-一般,,,ギジュツ,ギジュツ,漢,技術,ギジュツ,9798
,I,や,や,ヤ,助詞-副助詞,,,ヤ,ヤ,和,や,ヤ,38083
,I,衛星,衛星,エイセイ,名詞-普通名詞-一般,,,エーセー,エイセイ,漢,衛星,エイセイ,3675
,I,情報,情報,ジョウホウ,名詞-普通名詞-一般,,,ジョーホー,ジョウホウ,漢,情報,ジョウホウ,18630
,I,、,、,,補助記号-読点,,,,,記号,、,,24
,I,電磁,電磁,デンジ,名詞-普通名詞-一般,,,デンジ,デンジ,漢,電磁,デンジ,25773
,I,波,波,ハ,接尾辞-名詞的-一般,,,ハ,ハ,漢,波,ハ,29327
,I,、,、,,補助記号-読点,,,,,記号,、,,24
,I,ドローン,ドローン-drone,ドローン,名詞-普通名詞-一般,,,ドローン,ドローン,外,ドローン,ドローン,138952
,I,等,等,トウ,接尾辞-名詞的-一般,,,トー,トウ,漢,等,トウ,25875
,I,も,も,モ,助詞-係助詞,,,モ,モ,和,も,モ,37562
,I,活用,活用,カツヨウ,名詞-普通名詞-サ変可能,,,カツヨー,カツヨウ,漢,活用,カツヨウ,6817
,I,し,為る,スル,動詞-非自立可能,サ行変格,連用形-一般,シ,シ,和,する,スル,19537
,I,ながら,ながら,ナガラ,助詞-接続助詞,,,ナガラ,ナガラ,和,ながら,ナガラ,27743
,I,、,、,,補助記号-読点,,,,,記号,、,,24
,I,防災,防災,ボウサイ,名詞-普通名詞-一般,,,ボーサイ,ボウサイ,漢,防災,ボウサイ,35064
,I,インフラ,インフラ-infrastructure,インフラ,名詞-普通名詞-一般,,,インフラ,インフラ,外,インフラ,インフラ,120768
,I,、,、,,補助記号-読点,,,,,記号,、,,24
,I,老朽,老朽,ロウキュウ,名詞-普通名詞-サ変可能,,,ローキュー,ロウキュウ,漢,老朽,ロウキュウ,40872
,I,化,化,カ,接尾辞-名詞的-サ変可能,,,カ,カ,漢,化,カ,5577
,I,し,為る,スル,動詞-非自立可能,サ行変格,連用形-一般,シ,シ,和,する,スル,19537
,I,た,た,タ,助動詞,助動詞-タ,連体形-一般,タ,タ,和,た,タ,21642
,I,インフラ,インフラ-infrastructure,インフラ,名詞-普通名詞-一般,,,インフラ,インフラ,外,インフラ,インフラ,120768
,I,の,の,ノ,助詞-格助詞,,,ノ,ノ,和,の,ノ,28989
,I,整備,整備,セイビ,名詞-普通名詞-サ変可能,,,セービ,セイビ,漢,整備,セイビ,19972
,I,・,・,,補助記号-一般,,,,・,記号,・,,44
,I,保全,保全,ホゼン,名詞-普通名詞-サ変可能,,,ホゼン,ホゼン,漢,保全,ホゼン,34698
,I,を,を,ヲ,助詞-格助詞,,,オ,ヲ,和,を,ヲ,41407
,I,始め,始める,ハジメル,動詞-非自立可能,下一段-マ行,連用形-一般,ハジメ,ハジメ,和,始める,ハジメル,29733
,I,、,、,,補助記号-読点,,,,,記号,、,,24
,I,ハード,ハード-hard,ハード,名詞-普通名詞-形状詞可能,,,ハード,ハード,外,ハード,ハード,30489
,I,・,・,,補助記号-一般,,,,・,記号,・,,44
,I,ソフト,ソフト-soft,ソフト,名詞-普通名詞-形状詞可能,,,ソフト,ソフト,外,ソフト,ソフト,21416
,I,の,の,ノ,助詞-格助詞,,,ノ,ノ,和,の,ノ,28989
,I,両面,両面,リョウメン,名詞-普通名詞-一般,,,リョーメン,リョウメン,漢,両面,リョウメン,40312
,I,で,で,デ,助詞-格助詞,,,デ,デ,和,で,デ,25518
,I,、,、,,補助記号-読点,,,,,記号,、,,24
,I,事前,事前,ジゼン,名詞-普通名詞-一般,,,ジゼン,ジゼン,漢,事前,ジゼン,17895
,I,防災,防災,ボウサイ,名詞-普通名詞-一般,,,ボーサイ,ボウサイ,漢,防災,ボウサイ,35064
,I,・,・,,補助記号-一般,,,,・,記号,・,,44
,I,予防,予防,ヨボウ,名詞-普通名詞-サ変可能,,,ヨボー,ヨボウ,漢,予防,ヨボウ,39452
,I,保全,保全,ホゼン,名詞-普通名詞-サ変可能,,,ホゼン,ホゼン,漢,保全,ホゼン,34698
,I,を,を,ヲ,助詞-格助詞,,,オ,ヲ,和,を,ヲ,41407
,I,徹底,徹底,テッテイ,名詞-普通名詞-サ変可能,,,テッテー,テッテイ,漢,徹底,テッテイ,25178
,I,し,為る,スル,動詞-非自立可能,サ行変格,連用形-一般,シ,シ,和,する,スル,19537
,I,ます,ます,マス,助動詞,助動詞-マス,終止形-一般,マス,マス,和,ます,マス,35697
,I,。,。,,補助記号-句点,,,,,記号,。,,25
,B,　,　,,空白,,,,,記号,　,,23
,I,自然,自然,シゼン,名詞-普通名詞-一般,,,シゼン,シゼン,漢,自然,シゼン,15379
,I,災害,災害,サイガイ,名詞-普通名詞-一般,,,サイガイ,サイガイ,漢,災害,サイガイ,13666
,I,の,の,ノ,助詞-格助詞,,,ノ,ノ,和,の,ノ,28989
,I,頻発,頻発,ヒンパツ,名詞-普通名詞-サ変可能,,,ヒンパツ,ヒンパツ,漢,頻発,ヒンパツ,31960
,I,化,化,カ,接尾辞-名詞的-サ変可能,,,カ,カ,漢,化,カ,5577
,I,・,・,,補助記号-一般,,,,・,記号,・,,44
,I,激甚,激甚,ゲキジン,名詞-普通名詞-形状詞可能,,,ゲキジン,ゲキジン,漢,激甚,ゲキジン,11510
,I,化,化,カ,接尾辞-名詞的-サ変可能,,,カ,カ,漢,化,カ,5577
,I,に,に,ニ,助詞-格助詞,,,ニ,ニ,和,に,ニ,28178
,I,対し,対する,タイスル,動詞-一般,サ行変格,連用形-一般,タイシ,タイシ,混,対する,タイスル,21823
,I,、,、,,補助記号-読点,,,,,記号,、,,24
,I,予測,予測,ヨソク,名詞-普通名詞-サ変可能,,,ヨソク,ヨソク,漢,予測,ヨソク,39363
,I,技術,技術,ギジュツ,名詞-普通名詞-一般,,,ギジュツ,ギジュツ,漢,技術,ギジュツ,9798
,I,の,の,ノ,助詞-格助詞,,,ノ,ノ,和,の,ノ,28989
,I,向上,向上,コウジョウ,名詞-普通名詞-サ変可能,,,コージョー,コウジョウ,漢,向上,コウジョウ,12142
,I,等,等,トウ,接尾辞-名詞的-一般,,,トー,トウ,漢,等,トウ,25875
,I,を,を,ヲ,助詞-格助詞,,,オ,ヲ,和,を,ヲ,41407
,I,踏まえ,踏まえる,フマエル,動詞-一般,下一段-ア行,連用形-一般,フマエ,フマエ,和,踏まえる,フマエル,32991
,I,、,、,,補助記号-読点,,,,,記号,、,,24
,I,洪水,洪水,コウズイ,名詞-普通名詞-一般,,,コーズイ,コウズイ,漢,洪水,コウズイ,12155
,I,の,の,ノ,助詞-格助詞,,,ノ,ノ,和,の,ノ,28989
,I,特別,特別,トクベツ,形状詞-一般,,,トクベツ,トクベツ,漢,特別,トクベツ,26335
,I,警報,警報,ケイホウ,名詞-普通名詞-一般,,,ケーホー,ケイホウ,漢,警報,ケイホウ,11048
,I,や,や,ヤ,助詞-副助詞,,,ヤ,ヤ,和,や,ヤ,38083
,I,高潮,高潮,タカシオ,名詞-普通名詞-一般,,,タカシオ,タカシオ,和,高潮,タカシオ,59188
,I,の,の,ノ,助詞-格助詞,,,ノ,ノ,和,の,ノ,28989
,I,共同,共同,キョウドウ,名詞-普通名詞-サ変可能,,,キョードー,キョウドウ,漢,共同,キョウドウ,9303
,I,予報,予報,ヨホウ,名詞-普通名詞-サ変可能,,,ヨホー,ヨホウ,漢,予報,ヨホウ,39450
,I,・,・,,補助記号-一般,,,,・,記号,・,,44
,I,警報,警報,ケイホウ,名詞-普通名詞-一般,,,ケーホー,ケイホウ,漢,警報,ケイホウ,11048
,I,を,を,ヲ,助詞-格助詞,,,オ,ヲ,和,を,ヲ,41407
,I,新た,新た,アラタ,形状詞-一般,,,アラタ,アラタ,和,新た,アラタ,1141
,I,に,だ,ダ,助動詞,助動詞-ダ,連用形-ニ,ニ,ニ,和,だ,ダ,22916
,I,実施,実施,ジッシ,名詞-普通名詞-サ変可能,,,ジッシ,ジッシ,漢,実施,ジッシ,17940
,I,する,為る,スル,動詞-非自立可能,サ行変格,連体形-一般,スル,スル,和,する,スル,19537
,I,制度,制度,セイド,名詞-普通名詞-一般,,,セード,セイド,漢,制度,セイド,19939
,I,改正,改正,カイセイ,名詞-普通名詞-サ変可能,,,カイセー,カイセイ,漢,改正,カイセイ,5781
,I,を,を,ヲ,助詞-格助詞,,,オ,ヲ,和,を,ヲ,41407
,I,行い,行う,オコナウ,動詞-一般,五段-ワア行,連用形-一般,オコナイ,オコナイ,和,行う,オコナウ,4875
,I,ます,ます,マス,助動詞,助動詞-マス,終止形-一般,マス,マス,和,ます,マス,35697
,I,。,。,,補助記号-句点,,,,,記号,。,,25
,B,　,　,,空白,,,,,記号,　,,23
,I,首都,首都,シュト,名詞-普通名詞-一般,,,シュト,シュト,漢,首都,シュト,16417
,I,の,の,ノ,助詞-格助詞,,,ノ,ノ,和,の,ノ,28989
,I,危機,危機,キキ,名詞-普通名詞-一般,,,キキ,キキ,漢,危機,キキ,8347
,I,管理,管理,カンリ,名詞-普通名詞-サ変可能,,,カンリ,カンリ,漢,管理,カンリ,7847
,I,機能,機能,キノウ,名詞-普通名詞-サ変可能,,,キノー,キノウ,漢,機能,キノウ,8759
,I,の,の,ノ,助詞-格助詞,,,ノ,ノ,和,の,ノ,28989
,I,バックアップ,バックアップ-backup,バックアップ,名詞-普通名詞-サ変可能,,,バックアップ,バックアップ,外,バックアップ,バックアップ,30669
,I,体制,体制,タイセイ,名詞-普通名詞-一般,,,タイセー,タイセイ,漢,体制,タイセイ,21825
,I,を,を,ヲ,助詞-格助詞,,,オ,ヲ,和,を,ヲ,41407
,I,構築,構築,コウチク,名詞-普通名詞-サ変可能,,,コーチク,コウチク,漢,構築,コウチク,12228
,I,し,為る,スル,動詞-非自立可能,サ行変格,連用形-一般,シ,シ,和,する,スル,19537
,I,、,、,,補助記号-読点,,,,,記号,、,,24
,I,首都,首都,シュト,名詞-普通名詞-一般,,,シュト,シュト,漢,首都,シュト,16417
,I,機能,機能,キノウ,名詞-普通名詞-サ変可能,,,キノー,キノウ,漢,機能,キノウ,8759
,I,分散,分散,ブンサン,名詞-普通名詞-サ変可能,,,ブンサン,ブンサン,漢,分散,ブンサン,33587
,I,及び,及び,オヨビ,接続詞,,,オヨビ,オヨビ,和,及び,オヨビ,5315
,I,多極,多極,タキョク,名詞-普通名詞-一般,,,タキョク,タキョク,漢,多極,タキョク,59241
,I,分散,分散,ブンサン,名詞-普通名詞-サ変可能,,,ブンサン,ブンサン,漢,分散,ブンサン,33587
,I,型,型,ガタ,接尾辞-名詞的-一般,,,ガタ,ガタ,和,型,ガタ,8072
,I,経済,経済,ケイザイ,名詞-普通名詞-一般,,,ケーザイ,ケイザイ,漢,経済,ケイザイ,10945
,I,圏,圏,ケン,接尾辞-名詞的-一般,,,ケン,ケン,漢,圏,ケン,11251
,I,を,を,ヲ,助詞-格助詞,,,オ,ヲ,和,を,ヲ,41407
,I,形成,形成,ケイセイ,名詞-普通名詞-サ変可能,,,ケーセー,ケイセイ,漢,形成,ケイセイ,10988
,I,する,為る,スル,動詞-非自立可能,サ行変格,連体形-一般,スル,スル,和,する,スル,19537
,I,観点,観点,カンテン,名詞-普通名詞-一般,,,カンテン,カンテン,漢,観点,カンテン,7733
,I,から,から,カラ,助詞-格助詞,,,カラ,カラ,和,から,カラ,7219
,I,、,、,,補助記号-読点,,,,,記号,、,,24
,I,首都,首都,シュト,名詞-普通名詞-一般,,,シュト,シュト,漢,首都,シュト,16417
,I,及び,及び,オヨビ,接続詞,,,オヨビ,オヨビ,和,及び,オヨビ,5315
,I,副,副,フク,接頭辞,,,フク,フク,漢,副,フク,32590
,I,首都,首都,シュト,名詞-普通名詞-一般,,,シュト,シュト,漢,首都,シュト,16417
,I,の,の,ノ,助詞-格助詞,,,ノ,ノ,和,の,ノ,28989
,I,責務,責務,セキム,名詞-普通名詞-一般,,,セキム,セキム,漢,責務,セキム,20115
,I,と,と,ト,助詞-格助詞,,,ト,ト,和,と,ト,25826
,I,機能,機能,キノウ,名詞-普通名詞-サ変可能,,,キノー,キノウ,漢,機能,キノウ,8759
,I,に,に,ニ,助詞-格助詞,,,ニ,ニ,和,に,ニ,28178
,I,関する,関する,カンスル,動詞-一般,サ行変格,連体形-一般,カンスル,カンスル,混,関する,カンスル,7663
,I,検討,検討,ケントウ,名詞-普通名詞-サ変可能,,,ケントー,ケントウ,漢,検討,ケントウ,11403
,I,を,を,ヲ,助詞-格助詞,,,オ,ヲ,和,を,ヲ,41407
,I,急ぎ,急ぐ,イソグ,動詞-一般,五段-ガ行,連用形-一般,イソギ,イソギ,和,急ぐ,イソグ,1979
,I,ます,ます,マス,助動詞,助動詞-マス,終止形-一般,マス,マス,和,ます,マス,35697
,I,。,。,,補助記号-句点,,,,,記号,。,,25
,B,　,　,,空白,,,,,記号,　,,23
,I,「,「,,補助記号-括弧開,,,,,記号,「,,33
,I,福島,フクシマ,フクシマ,名詞-固有名詞-地名-一般,,,フクシマ,フクシマ,固,福島,フクシマ,32628
,I,の,の,ノ,助詞-格助詞,,,ノ,ノ,和,の,ノ,28989
,I,復興,復興,フッコウ,名詞-普通名詞-サ変可能,,,フッコー,フッコウ,漢,復興,フッコウ,32907
,I,なく,無い,ナイ,形容詞-非自立可能,形容詞,連用形-一般,ナク,ナク,和,ない,ナイ,27442
,I,し,為る,スル,動詞-非自立可能,サ行変格,連用形-一般,シ,シ,和,する,スル,19537
,I,て,て,テ,助詞-接続助詞,,,テ,テ,和,て,テ,24874
,I,、,、,,補助記号-読点,,,,,記号,、,,24
,I,東北,東北,トウホク,名詞-普通名詞-一般,,,トーホク,トウホク,漢,東北,トウホク,26135
,I,の,の,ノ,助詞-格助詞,,,ノ,ノ,和,の,ノ,28989
,I,復興,復興,フッコウ,名詞-普通名詞-サ変可能,,,フッコー,フッコウ,漢,復興,フッコウ,32907
,I,なし,無し,ナシ,名詞-普通名詞-一般,,,ナシ,ナシ,和,なし,ナシ,27823
,I,。,。,,補助記号-句点,,,,,記号,。,,25
,I,東北,東北,トウホク,名詞-普通名詞-一般,,,トーホク,トウホク,漢,東北,トウホク,26135
,I,の,の,ノ,助詞-格助詞,,,ノ,ノ,和,の,ノ,28989
,I,復興,復興,フッコウ,名詞-普通名詞-サ変可能,,,フッコー,フッコウ,漢,復興,フッコウ,32907
,I,なく,無い,ナイ,形容詞-非自立可能,形容詞,連用形-一般,ナク,ナク,和,ない,ナイ,27442
,I,し,為る,スル,動詞-非自立可能,サ行変格,連用形-一般,シ,シ,和,する,スル,19537
,I,て,て,テ,助詞-接続助詞,,,テ,テ,和,て,テ,24874
,I,、,、,,補助記号-読点,,,,,記号,、,,24
,I,日本,日本,ニッポン,名詞-固有名詞-地名-国,,,ニッポン,ニッポン,固,日本,ニッポン,28455
,I,の,の,ノ,助詞-格助詞,,,ノ,ノ,和,の,ノ,28989
,I,再生,再生,サイセイ,名詞-普通名詞-サ変可能,,,サイセー,サイセイ,漢,再生,サイセイ,13748
,I,なし,無し,ナシ,名詞-普通名詞-一般,,,ナシ,ナシ,和,なし,ナシ,27823
,I,」,」,,補助記号-括弧閉,,,,,記号,」,,34
,I,。,。,,補助記号-句点,,,,,記号,。,,25
,I,被災,被災,ヒサイ,名詞-普通名詞-サ変可能,,,ヒサイ,ヒサイ,漢,被災,ヒサイ,31308
,I,者,者,シャ,接尾辞-名詞的-一般,,,シャ,シャ,漢,者,シャ,15852
,I,の,の,ノ,助詞-格助詞,,,ノ,ノ,和,の,ノ,28989
,I,皆,皆,ミナ,名詞-普通名詞-副詞可能,,,ミナ,ミナ,和,皆,ミナ,36678
,I,様,様,サマ,接尾辞-名詞的-一般,,,サマ,サマ,和,様,サマ,14374
,I,の,の,ノ,助詞-格助詞,,,ノ,ノ,和,の,ノ,28989
,I,生活,生活,セイカツ,名詞-普通名詞-サ変可能,,,セーカツ,セイカツ,漢,生活,セイカツ,19728
,I,や,や,ヤ,助詞-副助詞,,,ヤ,ヤ,和,や,ヤ,38083
,I,産業,産業,サンギョウ,名詞-普通名詞-一般,,,サンギョー,サンギョウ,漢,産業,サンギョウ,14544
,I,・,・,,補助記号-一般,,,,・,記号,・,,44
,I,生業,生業,セイギョウ,名詞-普通名詞-一般,,,セーギョー,セイギョウ,漢,生業,セイギョウ,57464
,I,の,の,ノ,助詞-格助詞,,,ノ,ノ,和,の,ノ,28989
,I,再建,再建,サイケン,名詞-普通名詞-サ変可能,,,サイケン,サイケン,漢,再建,サイケン,13693
,I,、,、,,補助記号-読点,,,,,記号,、,,24
,I,福島,フクシマ,フクシマ,名詞-固有名詞-地名-一般,,,フクシマ,フクシマ,固,福島,フクシマ,32628
,I,イノベーション,イノベーション-innovation,イノベーション,名詞-普通名詞-一般,,,イノベーション,イノベーション,外,イノベーション,イノベーション,2406
,I,・,・,,補助記号-一般,,,,・,記号,・,,44
,I,コースト,コースト-coast,コースト,名詞-普通名詞-一般,,,コースト,コースト,外,コースト,コースト,93208
,I,構想,構想,コウソウ,名詞-普通名詞-サ変可能,,,コーソー,コウソウ,漢,構想,コウソウ,12188
,I,の,の,ノ,助詞-格助詞,,,ノ,ノ,和,の,ノ,28989
,I,推進,推進,スイシン,名詞-普通名詞-サ変可能,,,スイシン,スイシン,漢,推進,スイシン,18917
,I,等,等,トウ,接尾辞-名詞的-一般,,,トー,トウ,漢,等,トウ,25875
,I,に,に,ニ,助詞-格助詞,,,ニ,ニ,和,に,ニ,28178
,I,取組,取り組み,トリクミ,名詞-普通名詞-一般,,,トリクミ,トリクミ,和,取組,トリクミ,26779
,I,ます,ます,マス,助動詞,助動詞-マス,終止形-一般,マス,マス,和,ます,マス,35697
,I,。,。,,補助記号-句点,,,,,記号,。,,25
,B,　,　,,空白,,,,,記号,　,,23
,I,能登,ノト,ノト,名詞-固有名詞-地名-一般,,,ノト,ノト,固,能登,ノト,85381
,I,半島,半島,ハントウ,名詞-普通名詞-一般,,,ハントー,ハントウ,漢,半島,ハントウ,30414
,I,地震,地震,ジシン,名詞-普通名詞-一般,,,ジシン,ジシン,漢,地震,ジシン,17857
,I,から,から,カラ,助詞-格助詞,,,カラ,カラ,和,から,カラ,7219
,I,もう,もう,モウ,副詞,,,モー,モウ,和,もう,モウ,37569
,I,すぐ,直ぐ,スグ,副詞,,,スグ,スグ,和,すぐ,スグ,19134
,I,２,二,ニ,名詞-数詞,,,ニ,ニ,漢,２,ニ,28181
,I,年,年,ネン,名詞-普通名詞-助数詞可能,,,ネン,ネン,漢,年,ネン,28927
,I,。,。,,補助記号-句点,,,,,記号,。,,25
,I,そして,そして,ソシテ,接続詞,,,ソシテ,ソシテ,和,そして,ソシテ,21297
,I,、,、,,補助記号-読点,,,,,記号,、,,24
,I,復興,復興,フッコウ,名詞-普通名詞-サ変可能,,,フッコー,フッコウ,漢,復興,フッコウ,32907
,I,中,中,チュウ,接尾辞-名詞的-副詞可能,,,チュー,チュウ,漢,中,チュウ,23742
,I,の,の,ノ,助詞-格助詞,,,ノ,ノ,和,の,ノ,28989
,I,奥,奥,オク,名詞-普通名詞-一般,,,オク,オク,和,奥,オク,4809
,I,能登,ノト,ノト,名詞-固有名詞-地名-一般,,,ノト,ノト,固,能登,ノト,85381
,I,を,を,ヲ,助詞-格助詞,,,オ,ヲ,和,を,ヲ,41407
,I,襲っ,襲う,オソウ,動詞-一般,五段-ワア行,連用形-促音便,オソッ,オソッ,和,襲う,オソウ,4980
,I,た,た,タ,助動詞,助動詞-タ,連体形-一般,タ,タ,和,た,タ,21642
,I,豪雨,豪雨,ゴウウ,名詞-普通名詞-一般,,,ゴーウ,ゴウウ,漢,豪雨,ゴウウ,13352
,I,から,から,カラ,助詞-格助詞,,,カラ,カラ,和,から,カラ,7219
,I,１,一,イチ,名詞-数詞,,,イチ,イチ,漢,１,イチ,2050
,I,年,年,ネン,名詞-普通名詞-助数詞可能,,,ネン,ネン,漢,年,ネン,28927
,I,が,が,ガ,助詞-格助詞,,,ガ,ガ,和,が,ガ,7889
,I,経ち,経つ,タツ,動詞-一般,五段-タ行,連用形-一般,タチ,タチ,和,経つ,タツ,22437
,I,まし,ます,マス,助動詞,助動詞-マス,連用形-一般,マシ,マシ,和,ます,マス,35697
,I,た,た,タ,助動詞,助動詞-タ,終止形-一般,タ,タ,和,た,タ,21642
,I,。,。,,補助記号-句点,,,,,記号,。,,25
,I,能登,ノト,ノト,名詞-固有名詞-地名-一般,,,ノト,ノト,固,能登,ノト,85381
,I,の,の,ノ,助詞-格助詞,,,ノ,ノ,和,の,ノ,28989
,I,にぎわい,賑わい,ニギワイ,名詞-普通名詞-一般,,,ニギワイ,ニギワイ,和,にぎわい,ニギワイ,28226
,I,と,と,ト,助詞-格助詞,,,ト,ト,和,と,ト,25826
,I,笑顔,笑顔,エガオ,名詞-普通名詞-一般,,,エガオ,エガオ,和,笑顔,エガオ,3741
,I,を,を,ヲ,助詞-格助詞,,,オ,ヲ,和,を,ヲ,41407
,I,１,一,イチ,名詞-数詞,,,イチ,イチ,漢,１,イチ,2050
,I,日,日,ニチ,名詞-普通名詞-助数詞可能,,,ニチ,ニチ,漢,日,ニチ,28375
,I,も,も,モ,助詞-係助詞,,,モ,モ,和,も,モ,37562
,I,早く,早い,ハヤイ,形容詞-一般,形容詞,連用形-一般,ハヤク,ハヤク,和,早い,ハヤイ,30135
,I,取り戻す,取り戻す,トリモドス,動詞-一般,五段-サ行,連体形-一般,トリモドス,トリモドス,和,取り戻す,トリモドス,26842
,I,ため,為,タメ,名詞-普通名詞-副詞可能,,,タメ,タメ,和,ため,タメ,22686
,I,、,、,,補助記号-読点,,,,,記号,、,,24
,I,インフラ,インフラ-infrastructure,インフラ,名詞-普通名詞-一般,,,インフラ,インフラ,外,インフラ,インフラ,120768
,I,の,の,ノ,助詞-格助詞,,,ノ,ノ,和,の,ノ,28989
,I,復旧,復旧,フッキュウ,名詞-普通名詞-サ変可能,,,フッキュー,フッキュウ,漢,復旧,フッキュウ,32899
,I,を,を,ヲ,助詞-格助詞,,,オ,ヲ,和,を,ヲ,41407
,I,急ぐ,急ぐ,イソグ,動詞-一般,五段-ガ行,終止形-一般,イソグ,イソグ,和,急ぐ,イソグ,1979
,I,と,と,ト,助詞-格助詞,,,ト,ト,和,と,ト,25826
,I,とも,共,トモ,名詞-普通名詞-一般,,,トモ,トモ,和,とも,トモ,26643
,I,に,に,ニ,助詞-格助詞,,,ニ,ニ,和,に,ニ,28178
,I,、,、,,補助記号-読点,,,,,記号,、,,24
,I,被災,被災,ヒサイ,名詞-普通名詞-サ変可能,,,ヒサイ,ヒサイ,漢,被災,ヒサイ,31308
,I,者,者,シャ,接尾辞-名詞的-一般,,,シャ,シャ,漢,者,シャ,15852
,I,の,の,ノ,助詞-格助詞,,,ノ,ノ,和,の,ノ,28989
,I,皆,皆,ミナ,名詞-普通名詞-副詞可能,,,ミナ,ミナ,和,皆,ミナ,36678
,I,様,様,サマ,接尾辞-名詞的-一般,,,サマ,サマ,和,様,サマ,14374
,I,の,の,ノ,助詞-格助詞,,,ノ,ノ,和,の,ノ,28989
,I,生活,生活,セイカツ,名詞-普通名詞-サ変可能,,,セーカツ,セイカツ,漢,生活,セイカツ,19728
,I,支援,支援,シエン,名詞-普通名詞-サ変可能,,,シエン,シエン,漢,支援,シエン,15014
,I,や,や,ヤ,助詞-副助詞,,,ヤ,ヤ,和,や,ヤ,38083
,I,生業,生業,セイギョウ,名詞-普通名詞-一般,,,セーギョー,セイギョウ,漢,生業,セイギョウ,57464
,I,再建,再建,サイケン,名詞-普通名詞-サ変可能,,,サイケン,サイケン,漢,再建,サイケン,13693
,I,、,、,,補助記号-読点,,,,,記号,、,,24
,I,伝統,伝統,デントウ,名詞-普通名詞-一般,,,デントー,デントウ,漢,伝統,デントウ,25792
,I,産業,産業,サンギョウ,名詞-普通名詞-一般,,,サンギョー,サンギョウ,漢,産業,サンギョウ,14544
,I,の,の,ノ,助詞-格助詞,,,ノ,ノ,和,の,ノ,28989
,I,復興,復興,フッコウ,名詞-普通名詞-サ変可能,,,フッコー,フッコウ,漢,復興,フッコウ,32907
,I,も,も,モ,助詞-係助詞,,,モ,モ,和,も,モ,37562
,I,進め,進める,ススメル,動詞-一般,下一段-マ行,連用形-一般,ススメ,ススメ,和,進める,ススメル,19189
,I,ます,ます,マス,助動詞,助動詞-マス,終止形-一般,マス,マス,和,ます,マス,35697
,I,。,。,,補助記号-句点,,,,,記号,。,,25
,B,　,　,,空白,,,,,記号,　,,23
,I,国民,国民,コクミン,名詞-普通名詞-一般,,,コクミン,コクミン,漢,国民,コクミン,12579
,I,の,の,ノ,助詞-格助詞,,,ノ,ノ,和,の,ノ,28989
,I,皆,皆,ミナ,名詞-普通名詞-副詞可能,,,ミナ,ミナ,和,皆,ミナ,36678
,I,様,様,サマ,接尾辞-名詞的-一般,,,サマ,サマ,和,様,サマ,14374
,I,の,の,ノ,助詞-格助詞,,,ノ,ノ,和,の,ノ,28989
,I,いのち,命,イノチ,名詞-普通名詞-一般,,,イノチ,イノチ,和,いのち,イノチ,2401
,I,と,と,ト,助詞-格助詞,,,ト,ト,和,と,ト,25826
,I,健康,健康,ケンコウ,名詞-普通名詞-形状詞可能,,,ケンコー,ケンコウ,漢,健康,ケンコウ,11312
,I,を,を,ヲ,助詞-格助詞,,,オ,ヲ,和,を,ヲ,41407
,I,守る,守る,マモル,動詞-一般,五段-ラ行,連体形-一般,マモル,マモル,和,守る,マモル,36011
,I,こと,事,コト,名詞-普通名詞-一般,,,コト,コト,和,こと,コト,12836
,I,は,は,ハ,助詞-係助詞,,,ワ,ハ,和,は,ハ,29321
,I,、,、,,補助記号-読点,,,,,記号,、,,24
,I,重要,重要,ジュウヨウ,形状詞-一般,,,ジューヨー,ジュウヨウ,漢,重要,ジュウヨウ,18245
,I,な,だ,ダ,助動詞,助動詞-ダ,連体形-一般,ナ,ナ,和,だ,ダ,22916
,I,安全,安全,アンゼン,名詞-普通名詞-形状詞可能,,,アンゼン,アンゼン,漢,安全,アンゼン,1366
,I,保障,保障,ホショウ,名詞-普通名詞-サ変可能,,,ホショー,ホショウ,漢,保障,ホショウ,34679
,I,です,です,デス,助動詞,助動詞-デス,終止形-一般,デス,デス,和,です,デス,25653
,I,。,。,,補助記号-句点,,,,,記号,。,,25
,B,　,　,,空白,,,,,記号,　,,23
,I,人口,人口,ジンコウ,名詞-普通名詞-一般,,,ジンコー,ジンコウ,漢,人口,ジンコウ,18780
,I,減少,減少,ゲンショウ,名詞-普通名詞-サ変可能,,,ゲンショー,ゲンショウ,漢,減少,ゲンショウ,11678
,I,・,・,,補助記号-一般,,,,・,記号,・,,44
,I,少子,少子,ショウシ,名詞-普通名詞-一般,,,ショーシ,ショウシ,漢,少子,ショウシ,16687
,I,高齢,高齢,コウレイ,名詞-普通名詞-一般,,,コーレー,コウレイ,漢,高齢,コウレイ,12445
,I,化,化,カ,接尾辞-名詞的-サ変可能,,,カ,カ,漢,化,カ,5577
,I,を,を,ヲ,助詞-格助詞,,,オ,ヲ,和,を,ヲ,41407
,I,乗り切る,乗り切る,ノリキル,動詞-一般,五段-ラ行,連体形-一般,ノリキル,ノリキル,和,乗り切る,ノリキル,29253
,I,ため,為,タメ,名詞-普通名詞-副詞可能,,,タメ,タメ,和,ため,タメ,22686
,I,に,に,ニ,助詞-格助詞,,,ニ,ニ,和,に,ニ,28178
,I,は,は,ハ,助詞-係助詞,,,ワ,ハ,和,は,ハ,29321
,I,、,、,,補助記号-読点,,,,,記号,、,,24
,I,社会,社会,シャカイ,名詞-普通名詞-一般,,,シャカイ,シャカイ,漢,社会,シャカイ,15869
,I,保障,保障,ホショウ,名詞-普通名詞-サ変可能,,,ホショー,ホショウ,漢,保障,ホショウ,34679
,I,制度,制度,セイド,名詞-普通名詞-一般,,,セード,セイド,漢,制度,セイド,19939
,I,に,に,ニ,助詞-格助詞,,,ニ,ニ,和,に,ニ,28178
,I,おけ,於く,オク,動詞-一般,文語四段-カ行,命令形,オケ,オケ,和,おく,オク,4810
,I,る,り,リ,助動詞,文語助動詞-リ,連体形-一般,ル,ル,和,り,リ,39865
,I,給付,給付,キュウフ,名詞-普通名詞-サ変可能,,,キューフ,キュウフ,漢,給付,キュウフ,9076
,I,と,と,ト,助詞-格助詞,,,ト,ト,和,と,ト,25826
,I,負担,負担,フタン,名詞-普通名詞-サ変可能,,,フタン,フタン,漢,負担,フタン,32875
,I,の,の,ノ,助詞-格助詞,,,ノ,ノ,和,の,ノ,28989
,I,在り,有る,アル,動詞-非自立可能,五段-ラ行,連用形-一般,アリ,アリ,和,在る,アル,1216
,I,方,方,カタ,接尾辞-名詞的-一般,,,カタ,カタ,和,方,カタ,6596
,I,に,に,ニ,助詞-格助詞,,,ニ,ニ,和,に,ニ,28178
,I,つい,つく,ツク,動詞-一般,五段-カ行,連用形-イ音便,ツイ,ツイ,和,つく,ツク,24536
,I,て,て,テ,助詞-接続助詞,,,テ,テ,和,て,テ,24874
,I,、,、,,補助記号-読点,,,,,記号,、,,24
,I,国民,国民,コクミン,名詞-普通名詞-一般,,,コクミン,コクミン,漢,国民,コクミン,12579
,I,的,的,テキ,接尾辞-形状詞的,,,テキ,テキ,漢,的,テキ,25076
,I,議論,議論,ギロン,名詞-普通名詞-サ変可能,,,ギロン,ギロン,漢,議論,ギロン,9967
,I,が,が,ガ,助詞-格助詞,,,ガ,ガ,和,が,ガ,7889
,I,必要,必要,ヒツヨウ,名詞-普通名詞-形状詞可能,,,ヒツヨー,ヒツヨウ,漢,必要,ヒツヨウ,31473
,I,です,です,デス,助動詞,助動詞-デス,終止形-一般,デス,デス,和,です,デス,25653
,I,。,。,,補助記号-句点,,,,,記号,。,,25
,I,超,超,チョウ,接頭辞,,,チョー,チョウ,漢,超,チョウ,23949
,I,党派,党派,トウハ,名詞-普通名詞-一般,,,トーハ,トウハ,漢,党派,トウハ,26102
,I,かつ,且つ,カツ,接続詞,,,カツ,カツ,和,かつ,カツ,6773
,I,有識,有識,ユウシキ,名詞-普通名詞-一般,,,ユーシキ,ユウシキ,漢,有識,ユウシキ,38658
,I,者,者,シャ,接尾辞-名詞的-一般,,,シャ,シャ,漢,者,シャ,15852
,I,も,も,モ,助詞-係助詞,,,モ,モ,和,も,モ,37562
,I,交え,交える,マジエル,動詞-一般,下一段-ア行,連用形-一般,マジエ,マジエ,和,交える,マジエル,35683
,I,た,た,タ,助動詞,助動詞-タ,連体形-一般,タ,タ,和,た,タ,21642
,I,国民,国民,コクミン,名詞-普通名詞-一般,,,コクミン,コクミン,漢,国民,コクミン,12579
,I,会議,会議,カイギ,名詞-普通名詞-サ変可能,,,カイギ,カイギ,漢,会議,カイギ,5679
,I,を,を,ヲ,助詞-格助詞,,,オ,ヲ,和,を,ヲ,41407
,I,設置,設置,セッチ,名詞-普通名詞-サ変可能,,,セッチ,セッチ,漢,設置,セッチ,20221
,I,し,為る,スル,動詞-非自立可能,サ行変格,連用形-一般,シ,シ,和,する,スル,19537
,I,、,、,,補助記号-読点,,,,,記号,、,,24
,I,給付,給付,キュウフ,名詞-普通名詞-サ変可能,,,キューフ,キュウフ,漢,給付,キュウフ,9076
,I,付き,付き,ツキ,接尾辞-名詞的-一般,,,ツキ,ツキ,和,付き,ツキ,24483
,I,税額,税額,ゼイガク,名詞-普通名詞-一般,,,ゼーガク,ゼイガク,漢,税額,ゼイガク,20696
,I,控除,控除,コウジョ,名詞-普通名詞-サ変可能,,,コージョ,コウジョ,漢,控除,コウジョ,12139
,I,の,の,ノ,助詞-格助詞,,,ノ,ノ,和,の,ノ,28989
,I,制度,制度,セイド,名詞-普通名詞-一般,,,セード,セイド,漢,制度,セイド,19939
,I,設計,設計,セッケイ,名詞-普通名詞-サ変可能,,,セッケー,セッケイ,漢,設計,セッケイ,20184
,I,を,を,ヲ,助詞-格助詞,,,オ,ヲ,和,を,ヲ,41407
,I,含め,含める,フクメル,動詞-一般,下一段-マ行,連用形-一般,フクメ,フクメ,和,含める,フクメル,32688
,I,た,た,タ,助動詞,助動詞-タ,連体形-一般,タ,タ,和,た,タ,21642
,I,税,税,ゼイ,名詞-普通名詞-一般,,,ゼー,ゼイ,漢,税,ゼイ,20694
,I,と,と,ト,助詞-格助詞,,,ト,ト,和,と,ト,25826
,I,社会,社会,シャカイ,名詞-普通名詞-一般,,,シャカイ,シャカイ,漢,社会,シャカイ,15869
,I,保障,保障,ホショウ,名詞-普通名詞-サ変可能,,,ホショー,ホショウ,漢,保障,ホショウ,34679
,I,の,の,ノ,助詞-格助詞,,,ノ,ノ,和,の,ノ,28989
,I,一体,一体,イッタイ,名詞-普通名詞-一般,,,イッタイ,イッタイ,漢,一体,イッタイ,2230
,I,改革,改革,カイカク,名詞-普通名詞-サ変可能,,,カイカク,カイカク,漢,改革,カイカク,5655
,I,に,に,ニ,助詞-格助詞,,,ニ,ニ,和,に,ニ,28178
,I,つい,つく,ツク,動詞-一般,五段-カ行,連用形-イ音便,ツイ,ツイ,和,つく,ツク,24536
,I,て,て,テ,助詞-接続助詞,,,テ,テ,和,て,テ,24874
,I,議論,議論,ギロン,名詞-普通名詞-サ変可能,,,ギロン,ギロン,漢,議論,ギロン,9967
,I,し,為る,スル,動詞-非自立可能,サ行変格,連用形-一般,シ,シ,和,する,スル,19537
,I,て,て,テ,助詞-接続助詞,,,テ,テ,和,て,テ,24874
,I,まいり,参る,マイル,動詞-非自立可能,五段-ラ行,連用形-一般,マイリ,マイリ,和,まいる,マイル,35450
,I,ます,ます,マス,助動詞,助動詞-マス,終止形-一般,マス,マス,和,ます,マス,35697
,I,。,。,,補助記号-句点,,,,,記号,。,,25
,I,野党,野党,ヤトウ,名詞-普通名詞-一般,,,ヤトー,ヤトウ,漢,野党,ヤトウ,38354
,I,の,の,ノ,助詞-格助詞,,,ノ,ノ,和,の,ノ,28989
,I,皆,皆,ミナ,名詞-普通名詞-副詞可能,,,ミナ,ミナ,和,皆,ミナ,36678
,I,様,様,サマ,接尾辞-名詞的-一般,,,サマ,サマ,和,様,サマ,14374
,I,に,に,ニ,助詞-格助詞,,,ニ,ニ,和,に,ニ,28178
,I,も,も,モ,助詞-係助詞,,,モ,モ,和,も,モ,37562
,I,御,御,ゴ,接頭辞,,,ゴ,ゴ,漢,御,ゴ,13332
,I,参加,参加,サンカ,名詞-普通名詞-サ変可能,,,サンカ,サンカ,漢,参加,サンカ,14513
,I,いただき,頂く,イタダク,動詞-非自立可能,五段-カ行,連用形-一般,イタダキ,イタダキ,和,いただく,イタダク,2011
,I,、,、,,補助記号-読点,,,,,記号,、,,24
,I,共,共,トモ,名詞-普通名詞-一般,,,トモ,トモ,和,共,トモ,26643
,I,に,に,ニ,助詞-格助詞,,,ニ,ニ,和,に,ニ,28178
,I,議論,議論,ギロン,名詞-普通名詞-サ変可能,,,ギロン,ギロン,漢,議論,ギロン,9967
,I,を,を,ヲ,助詞-格助詞,,,オ,ヲ,和,を,ヲ,41407
,I,進め,進める,ススメル,動詞-一般,下一段-マ行,連用形-一般,ススメ,ススメ,和,進める,ススメル,19189
,I,て,て,テ,助詞-接続助詞,,,テ,テ,和,て,テ,24874
,I,まいり,参る,マイル,動詞-非自立可能,五段-ラ行,連用形-一般,マイリ,マイリ,和,まいる,マイル,35450
,I,ましょう,ます,マス,助動詞,助動詞-マス,意志推量形,マショー,マショウ,和,ます,マス,35697
,I,。,。,,補助記号-句点,,,,,記号,。,,25
,B,　,　,,空白,,,,,記号,　,,23
,I,これ,此れ,コレ,代名詞,,,コレ,コレ,和,これ,コレ,13095
,I,まで,まで,マデ,助詞-副助詞,,,マデ,マデ,和,まで,マデ,35891
,I,の,の,ノ,助詞-格助詞,,,ノ,ノ,和,の,ノ,28989
,I,政党,政党,セイトウ,名詞-普通名詞-一般,,,セートー,セイトウ,漢,政党,セイトウ,19932
,I,間,間,カン,接尾辞-名詞的-副詞可能,,,カン,カン,漢,間,カン,7477
,I,合意,合意,ゴウイ,名詞-普通名詞-サ変可能,,,ゴーイ,ゴウイ,漢,合意,ゴウイ,13349
,I,も,も,モ,助詞-係助詞,,,モ,モ,和,も,モ,37562
,I,踏まえ,踏まえる,フマエル,動詞-一般,下一段-ア行,連用形-一般,フマエ,フマエ,和,踏まえる,フマエル,32991
,I,、,、,,補助記号-読点,,,,,記号,、,,24
,I,ＯＴＣ,ＯＴＣ,オーティーシー,名詞-普通名詞-一般,,,オーティーシー,オーティーシー,記号,ＯＴＣ,オーティーシー,91331
,I,類似,類似,ルイジ,名詞-普通名詞-サ変形状詞可能,,,ルイジ,ルイジ,漢,類似,ルイジ,40470
,I,薬,薬,クスリ,名詞-普通名詞-一般,,,クスリ,クスリ,和,薬,クスリ,10158
,I,を,を,ヲ,助詞-格助詞,,,オ,ヲ,和,を,ヲ,41407
,I,含む,含む,フクム,動詞-一般,五段-マ行,連体形-一般,フクム,フクム,和,含む,フクム,32685
,I,薬剤,薬剤,ヤクザイ,名詞-普通名詞-一般,,,ヤクザイ,ヤクザイ,漢,薬剤,ヤクザイ,38164
,I,自己,自己,ジコ,名詞-普通名詞-一般,,,ジコ,ジコ,漢,自己,ジコ,17818
,I,負担,負担,フタン,名詞-普通名詞-サ変可能,,,フタン,フタン,漢,負担,フタン,32875
,I,の,の,ノ,助詞-格助詞,,,ノ,ノ,和,の,ノ,28989
,I,見直し,見直し,ミナオシ,名詞-普通名詞-一般,,,ミナオシ,ミナオシ,和,見直し,ミナオシ,36681
,I,や,や,ヤ,助詞-副助詞,,,ヤ,ヤ,和,や,ヤ,38083
,I,、,、,,補助記号-読点,,,,,記号,、,,24
,I,電子,電子,デンシ,名詞-普通名詞-一般,,,デンシ,デンシ,漢,電子,デンシ,25765
,I,カルテ,カルテ-Karte,カルテ,名詞-普通名詞-一般,,,カルテ,カルテ,外,カルテ,カルテ,7317
,I,を,を,ヲ,助詞-格助詞,,,オ,ヲ,和,を,ヲ,41407
,I,含む,含む,フクム,動詞-一般,五段-マ行,連体形-一般,フクム,フクム,和,含む,フクム,32685
,I,医療,医療,イリョウ,名詞-普通名詞-一般,,,イリョー,イリョウ,漢,医療,イリョウ,2580
,I,機関,機関,キカン,名詞-普通名詞-一般,,,キカン,キカン,漢,機関,キカン,8330
,I,の,の,ノ,助詞-格助詞,,,ノ,ノ,和,の,ノ,28989
,I,電子,電子,デンシ,名詞-普通名詞-一般,,,デンシ,デンシ,漢,電子,デンシ,25765
,I,化,化,カ,接尾辞-名詞的-サ変可能,,,カ,カ,漢,化,カ,5577
,I,、,、,,補助記号-読点,,,,,記号,、,,24
,I,データ,データ-data,データ,名詞-普通名詞-一般,,,データ,データ,外,データ,データ,25819
,I,ヘルス,ヘルス-health,ヘルス,名詞-普通名詞-一般,,,ヘルス,ヘルス,外,ヘルス,ヘルス,43269
,I,等,等,トウ,接尾辞-名詞的-一般,,,トー,トウ,漢,等,トウ,25875
,I,を,を,ヲ,助詞-格助詞,,,オ,ヲ,和,を,ヲ,41407
,I,通じ,通ずる,ツウズル,動詞-一般,サ行変格,連用形-一般,ツージ,ツウジ,混,通ずる,ツウズル,24416
,I,た,た,タ,助動詞,助動詞-タ,連体形-一般,タ,タ,和,た,タ,21642
,I,効率,効率,コウリツ,名詞-普通名詞-一般,,,コーリツ,コウリツ,漢,効率,コウリツ,12427
,I,的,的,テキ,接尾辞-形状詞的,,,テキ,テキ,漢,的,テキ,25076
,I,で,だ,ダ,助動詞,助動詞-ダ,連用形-一般,デ,デ,和,だ,ダ,22916
,I,質,質,シツ,名詞-普通名詞-一般,,,シツ,シツ,漢,質,シツ,15533
,I,の,の,ノ,助詞-格助詞,,,ノ,ノ,和,の,ノ,28989
,I,高い,高い,タカイ,形容詞-一般,形容詞,連体形-一般,タカイ,タカイ,和,高い,タカイ,21995
,I,医療,医療,イリョウ,名詞-普通名詞-一般,,,イリョー,イリョウ,漢,医療,イリョウ,2580
,I,の,の,ノ,助詞-格助詞,,,ノ,ノ,和,の,ノ,28989
,I,実現,実現,ジツゲン,名詞-普通名詞-サ変可能,,,ジツゲン,ジツゲン,漢,実現,ジツゲン,17974
,I,等,等,トウ,接尾辞-名詞的-一般,,,トー,トウ,漢,等,トウ,25875
,I,に,に,ニ,助詞-格助詞,,,ニ,ニ,和,に,ニ,28178
,I,つい,つく,ツク,動詞-一般,五段-カ行,連用形-イ音便,ツイ,ツイ,和,つく,ツク,24536
,I,て,て,テ,助詞-接続助詞,,,テ,テ,和,て,テ,24874
,I,、,、,,補助記号-読点,,,,,記号,、,,24
,I,迅速,迅速,ジンソク,形状詞-一般,,,ジンソク,ジンソク,漢,迅速,ジンソク,18798
,I,に,だ,ダ,助動詞,助動詞-ダ,連用形-ニ,ニ,ニ,和,だ,ダ,22916
,I,検討,検討,ケントウ,名詞-普通名詞-サ変可能,,,ケントー,ケントウ,漢,検討,ケントウ,11403
,I,を,を,ヲ,助詞-格助詞,,,オ,ヲ,和,を,ヲ,41407
,I,進め,進める,ススメル,動詞-一般,下一段-マ行,連用形-一般,ススメ,ススメ,和,進める,ススメル,19189
,I,ます,ます,マス,助動詞,助動詞-マス,終止形-一般,マス,マス,和,ます,マス,35697
,I,。,。,,補助記号-句点,,,,,記号,。,,25
,B,　,　,,空白,,,,,記号,　,,23
,I,高齢,高齢,コウレイ,名詞-普通名詞-一般,,,コーレー,コウレイ,漢,高齢,コウレイ,12445
,I,化,化,カ,接尾辞-名詞的-サ変可能,,,カ,カ,漢,化,カ,5577
,I,に,に,ニ,助詞-格助詞,,,ニ,ニ,和,に,ニ,28178
,I,対応,対応,タイオウ,名詞-普通名詞-サ変可能,,,タイオー,タイオウ,漢,対応,タイオウ,21679
,I,し,為る,スル,動詞-非自立可能,サ行変格,連用形-一般,シ,シ,和,する,スル,19537
,I,た,た,タ,助動詞,助動詞-タ,連体形-一般,タ,タ,和,た,タ,21642
,I,医療,医療,イリョウ,名詞-普通名詞-一般,,,イリョー,イリョウ,漢,医療,イリョウ,2580
,I,体制,体制,タイセイ,名詞-普通名詞-一般,,,タイセー,タイセイ,漢,体制,タイセイ,21825
,I,の,の,ノ,助詞-格助詞,,,ノ,ノ,和,の,ノ,28989
,I,再,再,サイ,接頭辞,,,サイ,サイ,漢,再,サイ,13627
,I,構築,構築,コウチク,名詞-普通名詞-サ変可能,,,コーチク,コウチク,漢,構築,コウチク,12228
,I,も,も,モ,助詞-係助詞,,,モ,モ,和,も,モ,37562
,I,必要,必要,ヒツヨウ,名詞-普通名詞-形状詞可能,,,ヒツヨー,ヒツヨウ,漢,必要,ヒツヨウ,31473
,I,です,です,デス,助動詞,助動詞-デス,終止形-一般,デス,デス,和,です,デス,25653
,I,。,。,,補助記号-句点,,,,,記号,。,,25
,I,入院,入院,ニュウイン,名詞-普通名詞-サ変可能,,,ニューイン,ニュウイン,漢,入院,ニュウイン,28501
,I,だけ,だけ,ダケ,助詞-副助詞,,,ダケ,ダケ,和,だけ,ダケ,23122
,I,で,だ,ダ,助動詞,助動詞-ダ,連用形-一般,デ,デ,和,だ,ダ,22916
,I,なく,無い,ナイ,形容詞-非自立可能,形容詞,連用形-一般,ナク,ナク,和,ない,ナイ,27442
,I,、,、,,補助記号-読点,,,,,記号,、,,24
,I,外来,外来,ガイライ,名詞-普通名詞-一般,,,ガイライ,ガイライ,漢,外来,ガイライ,7974
,I,・,・,,補助記号-一般,,,,・,記号,・,,44
,I,在宅,在宅,ザイタク,名詞-普通名詞-サ変可能,,,ザイタク,ザイタク,漢,在宅,ザイタク,14791
,I,医療,医療,イリョウ,名詞-普通名詞-一般,,,イリョー,イリョウ,漢,医療,イリョウ,2580
,I,や,や,ヤ,助詞-副助詞,,,ヤ,ヤ,和,や,ヤ,38083
,I,介護,介護,カイゴ,名詞-普通名詞-サ変可能,,,カイゴ,カイゴ,漢,介護,カイゴ,5718
,I,と,と,ト,助詞-格助詞,,,ト,ト,和,と,ト,25826
,I,の,の,ノ,助詞-格助詞,,,ノ,ノ,和,の,ノ,28989
,I,連携,連携,レンケイ,名詞-普通名詞-サ変可能,,,レンケー,レンケイ,漢,連携,レンケイ,40759
,I,を,を,ヲ,助詞-格助詞,,,オ,ヲ,和,を,ヲ,41407
,I,含む,含む,フクム,動詞-一般,五段-マ行,連体形-一般,フクム,フクム,和,含む,フクム,32685
,I,新しい,新しい,アタラシイ,形容詞-一般,形容詞,連体形-一般,アタラシー,アタラシイ,和,新しい,アタラシイ,748
,I,地域,地域,チイキ,名詞-普通名詞-一般,,,チイキ,チイキ,漢,地域,チイキ,23397
,I,医療,医療,イリョウ,名詞-普通名詞-一般,,,イリョー,イリョウ,漢,医療,イリョウ,2580
,I,構想,構想,コウソウ,名詞-普通名詞-サ変可能,,,コーソー,コウソウ,漢,構想,コウソウ,12188
,I,を,を,ヲ,助詞-格助詞,,,オ,ヲ,和,を,ヲ,41407
,I,策定,策定,サクテイ,名詞-普通名詞-サ変可能,,,サクテー,サクテイ,漢,策定,サクテイ,14024
,I,する,為る,スル,動詞-非自立可能,サ行変格,終止形-一般,スル,スル,和,する,スル,19537
,I,と,と,ト,助詞-格助詞,,,ト,ト,和,と,ト,25826
,I,とも,共,トモ,名詞-普通名詞-一般,,,トモ,トモ,和,とも,トモ,26643
,I,に,に,ニ,助詞-格助詞,,,ニ,ニ,和,に,ニ,28178
,I,、,、,,補助記号-読点,,,,,記号,、,,24
,I,地域,地域,チイキ,名詞-普通名詞-一般,,,チイキ,チイキ,漢,地域,チイキ,23397
,I,で,で,デ,助詞-格助詞,,,デ,デ,和,で,デ,25518
,I,の,の,ノ,助詞-格助詞,,,ノ,ノ,和,の,ノ,28989
,I,協議,協議,キョウギ,名詞-普通名詞-サ変可能,,,キョーギ,キョウギ,漢,協議,キョウギ,9189
,I,を,を,ヲ,助詞-格助詞,,,オ,ヲ,和,を,ヲ,41407
,I,促し,促す,ウナガス,動詞-一般,五段-サ行,連用形-一般,ウナガシ,ウナガシ,和,促す,ウナガス,3319
,I,ます,ます,マス,助動詞,助動詞-マス,終止形-一般,マス,マス,和,ます,マス,35697
,I,。,。,,補助記号-句点,,,,,記号,。,,25
,I,加え,加える,クワエル,動詞-一般,下一段-ア行,連用形-一般,クワエ,クワエ,和,加える,クワエル,10636
,I,て,て,テ,助詞-接続助詞,,,テ,テ,和,て,テ,24874
,I,、,、,,補助記号-読点,,,,,記号,、,,24
,I,医師,医師,イシ,名詞-普通名詞-一般,,,イシ,イシ,漢,医師,イシ,1809
,I,の,の,ノ,助詞-格助詞,,,ノ,ノ,和,の,ノ,28989
,I,偏在,偏在,ヘンザイ,名詞-普通名詞-サ変可能,,,ヘンザイ,ヘンザイ,漢,偏在,ヘンザイ,34031
,I,是正,是正,ゼセイ,名詞-普通名詞-サ変可能,,,ゼセー,ゼセイ,漢,是正,ゼセイ,20712
,I,に,に,ニ,助詞-格助詞,,,ニ,ニ,和,に,ニ,28178
,I,向け,向ける,ムケル,動詞-一般,下一段-カ行,連用形-一般,ムケ,ムケ,和,向ける,ムケル,88132
,I,た,た,タ,助動詞,助動詞-タ,連体形-一般,タ,タ,和,た,タ,21642
,I,総合,総合,ソウゴウ,名詞-普通名詞-サ変可能,,,ソーゴー,ソウゴウ,漢,総合,ソウゴウ,21023
,I,的,的,テキ,接尾辞-形状詞的,,,テキ,テキ,漢,的,テキ,25076
,I,な,だ,ダ,助動詞,助動詞-ダ,連体形-一般,ナ,ナ,和,だ,ダ,22916
,I,対策,対策,タイサク,名詞-普通名詞-一般,,,タイサク,タイサク,漢,対策,タイサク,21763
,I,を,を,ヲ,助詞-格助詞,,,オ,ヲ,和,を,ヲ,41407
,I,講じ,講ずる,コウズル,動詞-一般,サ行変格,連用形-一般,コージ,コウジ,混,講ずる,コウズル,12156
,I,ます,ます,マス,助動詞,助動詞-マス,終止形-一般,マス,マス,和,ます,マス,35697
,I,。,。,,補助記号-句点,,,,,記号,。,,25
,I,あわせ,合わせる,アワセル,動詞-一般,下一段-サ行,連用形-一般,アワセ,アワセ,和,あわせる,アワセル,1303
,I,て,て,テ,助詞-接続助詞,,,テ,テ,和,て,テ,24874
,I,、,、,,補助記号-読点,,,,,記号,、,,24
,I,新た,新た,アラタ,形状詞-一般,,,アラタ,アラタ,和,新た,アラタ,1141
,I,な,だ,ダ,助動詞,助動詞-ダ,連体形-一般,ナ,ナ,和,だ,ダ,22916
,I,地域,地域,チイキ,名詞-普通名詞-一般,,,チイキ,チイキ,漢,地域,チイキ,23397
,I,医療,医療,イリョウ,名詞-普通名詞-一般,,,イリョー,イリョウ,漢,医療,イリョウ,2580
,I,構想,構想,コウソウ,名詞-普通名詞-サ変可能,,,コーソー,コウソウ,漢,構想,コウソウ,12188
,I,に,に,ニ,助詞-格助詞,,,ニ,ニ,和,に,ニ,28178
,I,向け,向ける,ムケル,動詞-一般,下一段-カ行,連用形-一般,ムケ,ムケ,和,向ける,ムケル,88132
,I,た,た,タ,助動詞,助動詞-タ,連体形-一般,タ,タ,和,た,タ,21642
,I,病床,病床,ビョウショウ,名詞-普通名詞-一般,,,ビョーショー,ビョウショウ,漢,病床,ビョウショウ,32094
,I,の,の,ノ,助詞-格助詞,,,ノ,ノ,和,の,ノ,28989
,I,適正,適正,テキセイ,形状詞-一般,,,テキセー,テキセイ,漢,適正,テキセイ,25100
,I,化,化,カ,接尾辞-名詞的-サ変可能,,,カ,カ,漢,化,カ,5577
,I,を,を,ヲ,助詞-格助詞,,,オ,ヲ,和,を,ヲ,41407
,I,進め,進める,ススメル,動詞-一般,下一段-マ行,連用形-一般,ススメ,ススメ,和,進める,ススメル,19189
,I,ます,ます,マス,助動詞,助動詞-マス,終止形-一般,マス,マス,和,ます,マス,35697
,I,。,。,,補助記号-句点,,,,,記号,。,,25
,B,　,　,,空白,,,,,記号,　,,23
,I,こう,こう,コウ,副詞,,,コー,コウ,和,こう,コウ,11822
,I,し,為る,スル,動詞-非自立可能,サ行変格,連用形-一般,シ,シ,和,する,スル,19537
,I,た,た,タ,助動詞,助動詞-タ,連体形-一般,タ,タ,和,た,タ,21642
,I,社会,社会,シャカイ,名詞-普通名詞-一般,,,シャカイ,シャカイ,漢,社会,シャカイ,15869
,I,保障,保障,ホショウ,名詞-普通名詞-サ変可能,,,ホショー,ホショウ,漢,保障,ホショウ,34679
,I,制度,制度,セイド,名詞-普通名詞-一般,,,セード,セイド,漢,制度,セイド,19939
,I,改革,改革,カイカク,名詞-普通名詞-サ変可能,,,カイカク,カイカク,漢,改革,カイカク,5655
,I,を,を,ヲ,助詞-格助詞,,,オ,ヲ,和,を,ヲ,41407
,I,進め,進める,ススメル,動詞-一般,下一段-マ行,連用形-一般,ススメ,ススメ,和,進める,ススメル,19189
,I,て,て,テ,助詞-接続助詞,,,テ,テ,和,て,テ,24874
,I,いく,行く,イク,動詞-非自立可能,五段-カ行,連体形-一般,イク,イク,和,いく,イク,1713
,I,中,中,ナカ,名詞-普通名詞-副詞可能,,,ナカ,ナカ,和,中,ナカ,27572
,I,で,で,デ,助詞-格助詞,,,デ,デ,和,で,デ,25518
,I,、,、,,補助記号-読点,,,,,記号,、,,24
,I,現役,現役,ゲンエキ,名詞-普通名詞-一般,,,ゲンエキ,ゲンエキ,漢,現役,ゲンエキ,11627
,I,世代,世代,セダイ,名詞-普通名詞-一般,,,セダイ,セダイ,漢,世代,セダイ,20160
,I,の,の,ノ,助詞-格助詞,,,ノ,ノ,和,の,ノ,28989
,I,保険,保険,ホケン,名詞-普通名詞-一般,,,ホケン,ホケン,漢,保険,ホケン,34644
,I,料,料,リョウ,接尾辞-名詞的-一般,,,リョー,リョウ,漢,料,リョウ,40195
,I,負担,負担,フタン,名詞-普通名詞-サ変可能,,,フタン,フタン,漢,負担,フタン,32875
,I,を,を,ヲ,助詞-格助詞,,,オ,ヲ,和,を,ヲ,41407
,I,抑え,押さえる,オサエル,動詞-一般,下一段-ア行,連用形-一般,オサエ,オサエ,和,抑える,オサエル,4890
,I,ます,ます,マス,助動詞,助動詞-マス,終止形-一般,マス,マス,和,ます,マス,35697
,I,。,。,,補助記号-句点,,,,,記号,。,,25
,I,当面,当面,トウメン,名詞-普通名詞-サ変可能,,,トーメン,トウメン,漢,当面,トウメン,26148
,I,の,の,ノ,助詞-格助詞,,,ノ,ノ,和,の,ノ,28989
,I,対応,対応,タイオウ,名詞-普通名詞-サ変可能,,,タイオー,タイオウ,漢,対応,タイオウ,21679
,I,が,が,ガ,助詞-格助詞,,,ガ,ガ,和,が,ガ,7889
,I,急が,急ぐ,イソグ,動詞-一般,五段-ガ行,未然形-一般,イソガ,イソガ,和,急ぐ,イソグ,1979
,I,れる,れる,レル,助動詞,助動詞-レル,連体形-一般,レル,レル,和,れる,レル,40741
,I,テーマ,テーマ-theme,テーマ,名詞-普通名詞-一般,,,テーマ,テーマ,外,テーマ,テーマ,25515
,I,に,に,ニ,助詞-格助詞,,,ニ,ニ,和,に,ニ,28178
,I,つい,つく,ツク,動詞-一般,五段-カ行,連用形-イ音便,ツイ,ツイ,和,つく,ツク,24536
,I,て,て,テ,助詞-接続助詞,,,テ,テ,和,て,テ,24874
,I,は,は,ハ,助詞-係助詞,,,ワ,ハ,和,は,ハ,29321
,I,、,、,,補助記号-読点,,,,,記号,、,,24
,I,早急,早急,サッキュウ,形状詞-一般,,,サッキュー,サッキュウ,漢,早急,サッキュウ,14230
,I,に,だ,ダ,助動詞,助動詞-ダ,連用形-ニ,ニ,ニ,和,だ,ダ,22916
,I,議論,議論,ギロン,名詞-普通名詞-サ変可能,,,ギロン,ギロン,漢,議論,ギロン,9967
,I,を,を,ヲ,助詞-格助詞,,,オ,ヲ,和,を,ヲ,41407
,I,進め,進める,ススメル,動詞-一般,下一段-マ行,連用形-一般,ススメ,ススメ,和,進める,ススメル,19189
,I,ます,ます,マス,助動詞,助動詞-マス,終止形-一般,マス,マス,和,ます,マス,35697
,I,。,。,,補助記号-句点,,,,,記号,。,,25
,B,　,　,,空白,,,,,記号,　,,23
,I,また,又,マタ,接続詞,,,マタ,マタ,和,また,マタ,35734
,I,、,、,,補助記号-読点,,,,,記号,、,,24
,I,「,「,,補助記号-括弧開,,,,,記号,「,,33
,I,攻め,攻め,セメ,名詞-普通名詞-一般,,,セメ,セメ,和,攻め,セメ,20332
,I,の,の,ノ,助詞-格助詞,,,ノ,ノ,和,の,ノ,28989
,I,予防,予防,ヨボウ,名詞-普通名詞-サ変可能,,,ヨボー,ヨボウ,漢,予防,ヨボウ,39452
,I,医療,医療,イリョウ,名詞-普通名詞-一般,,,イリョー,イリョウ,漢,医療,イリョウ,2580
,I,」,」,,補助記号-括弧閉,,,,,記号,」,,34
,I,を,を,ヲ,助詞-格助詞,,,オ,ヲ,和,を,ヲ,41407
,I,徹底,徹底,テッテイ,名詞-普通名詞-サ変可能,,,テッテー,テッテイ,漢,徹底,テッテイ,25178
,I,し,為る,スル,動詞-非自立可能,サ行変格,連用形-一般,シ,シ,和,する,スル,19537
,I,、,、,,補助記号-読点,,,,,記号,、,,24
,I,健康,健康,ケンコウ,名詞-普通名詞-形状詞可能,,,ケンコー,ケンコウ,漢,健康,ケンコウ,11312
,I,寿命,寿命,ジュミョウ,名詞-普通名詞-一般,,,ジュミョー,ジュミョウ,漢,寿命,ジュミョウ,18349
,I,の,の,ノ,助詞-格助詞,,,ノ,ノ,和,の,ノ,28989
,I,延伸,延伸,エンシン,名詞-普通名詞-サ変可能,,,エンシン,エンシン,漢,延伸,エンシン,4203
,I,を,を,ヲ,助詞-格助詞,,,オ,ヲ,和,を,ヲ,41407
,I,図り,図る,ハカル,動詞-一般,五段-ラ行,連用形-一般,ハカリ,ハカリ,和,図る,ハカル,29531
,I,、,、,,補助記号-読点,,,,,記号,、,,24
,I,皆,皆,ミナ,名詞-普通名詞-副詞可能,,,ミナ,ミナ,和,皆,ミナ,36678
,I,が,が,ガ,助詞-格助詞,,,ガ,ガ,和,が,ガ,7889
,I,元気,元気,ゲンキ,名詞-普通名詞-形状詞可能,,,ゲンキ,ゲンキ,漢,元気,ゲンキ,11640
,I,に,だ,ダ,助動詞,助動詞-ダ,連用形-ニ,ニ,ニ,和,だ,ダ,22916
,I,活躍,活躍,カツヤク,名詞-普通名詞-サ変可能,,,カツヤク,カツヤク,漢,活躍,カツヤク,6815
,I,し,為る,スル,動詞-非自立可能,サ行変格,連用形-一般,シ,シ,和,する,スル,19537
,I,、,、,,補助記号-読点,,,,,記号,、,,24
,I,社会,社会,シャカイ,名詞-普通名詞-一般,,,シャカイ,シャカイ,漢,社会,シャカイ,15869
,I,保障,保障,ホショウ,名詞-普通名詞-サ変可能,,,ホショー,ホショウ,漢,保障,ホショウ,34679
,I,の,の,ノ,助詞-格助詞,,,ノ,ノ,和,の,ノ,28989
,I,担い手,担い手,ニナイテ,名詞-普通名詞-一般,,,ニナイテ,ニナイテ,和,担い手,ニナイテ,28466
,I,と,と,ト,助詞-格助詞,,,ト,ト,和,と,ト,25826
,I,なっ,成る,ナル,動詞-非自立可能,五段-ラ行,連用形-促音便,ナッ,ナッ,和,なる,ナル,28061
,I,て,て,テ,助詞-接続助詞,,,テ,テ,和,て,テ,24874
,I,いただける,頂く,イタダク,動詞-非自立可能,下一段-カ行,連体形-一般,イタダケル,イタダケル,和,いただける,イタダケル,2011
,I,よう,様,ヨウ,形状詞-助動詞語幹,,,ヨー,ヨウ,漢,よう,ヨウ,39002
,I,に,だ,ダ,助動詞,助動詞-ダ,連用形-ニ,ニ,ニ,和,だ,ダ,22916
,I,取,取る,トル,動詞-一般,五段-ラ行,,ト,ト,和,取る,トル,26854
,I,組ます,組ます,クマス,動詞-一般,五段-サ行,終止形-一般,クマス,クマス,和,組ます,クマス,177477
,I,。,。,,補助記号-句点,,,,,記号,。,,25
,I,特に,特に,トクニ,副詞,,,トクニ,トクニ,混,特に,トクニ,26323
,I,、,、,,補助記号-読点,,,,,記号,、,,24
,I,性差,性差,セイサ,名詞-普通名詞-一般,,,セーサ,セイサ,漢,性差,セイサ,19791
,I,に,に,ニ,助詞-格助詞,,,ニ,ニ,和,に,ニ,28178
,I,由来,由来,ユライ,名詞-普通名詞-サ変可能,,,ユライ,ユライ,漢,由来,ユライ,38913
,I,し,為る,スル,動詞-非自立可能,サ行変格,連用形-一般,シ,シ,和,する,スル,19537
,I,た,た,タ,助動詞,助動詞-タ,連体形-一般,タ,タ,和,た,タ,21642
,I,健康,健康,ケンコウ,名詞-普通名詞-形状詞可能,,,ケンコー,ケンコウ,漢,健康,ケンコウ,11312
,I,課題,課題,カダイ,名詞-普通名詞-一般,,,カダイ,カダイ,漢,課題,カダイ,6696
,I,へ,へ,ヘ,助詞-格助詞,,,エ,ヘ,和,へ,ヘ,33819
,I,の,の,ノ,助詞-格助詞,,,ノ,ノ,和,の,ノ,28989
,I,対応,対応,タイオウ,名詞-普通名詞-サ変可能,,,タイオー,タイオウ,漢,対応,タイオウ,21679
,I,を,を,ヲ,助詞-格助詞,,,オ,ヲ,和,を,ヲ,41407
,I,加速,加速,カソク,名詞-普通名詞-サ変可能,,,カソク,カソク,漢,加速,カソク,6584
,I,し,為る,スル,動詞-非自立可能,サ行変格,連用形-一般,シ,シ,和,する,スル,19537
,I,ます,ます,マス,助動詞,助動詞-マス,終止形-一般,マス,マス,和,ます,マス,35697
,I,。,。,,補助記号-句点,,,,,記号,。,,25
,I,私,私-代名詞,ワタクシ,代名詞,,,ワタクシ,ワタクシ,和,私,ワタクシ,41274
,I,は,は,ハ,助詞-係助詞,,,ワ,ハ,和,は,ハ,29321
,I,長年,長年,ナガネン,名詞-普通名詞-副詞可能,,,ナガネン,ナガネン,混,長年,ナガネン,27720
,I,、,、,,補助記号-読点,,,,,記号,、,,24
,I,女性,女性,ジョセイ,名詞-普通名詞-一般,,,ジョセー,ジョセイ,漢,女性,ジョセイ,18689
,I,の,の,ノ,助詞-格助詞,,,ノ,ノ,和,の,ノ,28989
,I,生涯,生涯,ショウガイ,名詞-普通名詞-副詞可能,,,ショーガイ,ショウガイ,漢,生涯,ショウガイ,16606
,I,に,に,ニ,助詞-格助詞,,,ニ,ニ,和,に,ニ,28178
,I,わたる,渡る,ワタル,動詞-非自立可能,五段-ラ行,連体形-一般,ワタル,ワタル,和,わたる,ワタル,41291
,I,健康,健康,ケンコウ,名詞-普通名詞-形状詞可能,,,ケンコー,ケンコウ,漢,健康,ケンコウ,11312
,I,の,の,ノ,助詞-格助詞,,,ノ,ノ,和,の,ノ,28989
,I,課題,課題,カダイ,名詞-普通名詞-一般,,,カダイ,カダイ,漢,課題,カダイ,6696
,I,に,に,ニ,助詞-格助詞,,,ニ,ニ,和,に,ニ,28178
,I,取り組ん,取り組む,トリクム,動詞-一般,五段-マ行,連用形-撥音便,トリクン,トリクン,和,取り組む,トリクム,26780
,I,で,て,テ,助詞-接続助詞,,,デ,デ,和,で,デ,24874
,I,まいり,参る,マイル,動詞-非自立可能,五段-ラ行,連用形-一般,マイリ,マイリ,和,まいる,マイル,35450
,I,まし,ます,マス,助動詞,助動詞-マス,連用形-一般,マシ,マシ,和,ます,マス,35697
,I,た,た,タ,助動詞,助動詞-タ,終止形-一般,タ,タ,和,た,タ,21642
,I,が,が,ガ,助詞-接続助詞,,,ガ,ガ,和,が,ガ,7888
,I,、,、,,補助記号-読点,,,,,記号,、,,24
,I,昨年,昨年,サクネン,名詞-普通名詞-副詞可能,,,サクネン,サクネン,漢,昨年,サクネン,14031
,I,、,、,,補助記号-読点,,,,,記号,、,,24
,I,「,「,,補助記号-括弧開,,,,,記号,「,,33
,I,女性,女性,ジョセイ,名詞-普通名詞-一般,,,ジョセー,ジョセイ,漢,女性,ジョセイ,18689
,I,の,の,ノ,助詞-格助詞,,,ノ,ノ,和,の,ノ,28989
,I,健康,健康,ケンコウ,名詞-普通名詞-形状詞可能,,,ケンコー,ケンコウ,漢,健康,ケンコウ,11312
,I,総合,総合,ソウゴウ,名詞-普通名詞-サ変可能,,,ソーゴー,ソウゴウ,漢,総合,ソウゴウ,21023
,I,センター,センター-center,センター,名詞-普通名詞-一般,,,センター,センター,外,センター,センター,20556
,I,」,」,,補助記号-括弧閉,,,,,記号,」,,34
,I,が,が,ガ,助詞-格助詞,,,ガ,ガ,和,が,ガ,7889
,I,設立,設立,セツリツ,名詞-普通名詞-サ変可能,,,セツリツ,セツリツ,漢,設立,セツリツ,20286
,I,さ,為る,スル,動詞-非自立可能,サ行変格,未然形-サ,サ,サ,和,する,スル,19537
,I,れ,れる,レル,助動詞,助動詞-レル,連用形-一般,レ,レ,和,れる,レル,40741
,I,まし,ます,マス,助動詞,助動詞-マス,連用形-一般,マシ,マシ,和,ます,マス,35697
,I,た,た,タ,助動詞,助動詞-タ,終止形-一般,タ,タ,和,た,タ,21642
,I,。,。,,補助記号-句点,,,,,記号,。,,25
,I,本,本,ホン,接頭辞,,,ホン,ホン,漢,本,ホン,34869
,I,センター,センター-center,センター,名詞-普通名詞-一般,,,センター,センター,外,センター,センター,20556
,I,を,を,ヲ,助詞-格助詞,,,オ,ヲ,和,を,ヲ,41407
,I,司令,司令,シレイ,名詞-普通名詞-サ変可能,,,シレー,シレイ,漢,司令,シレイ,17177
,I,塔,塔,トウ,名詞-普通名詞-一般,,,トー,トウ,漢,塔,トウ,25861
,I,に,に,ニ,助詞-格助詞,,,ニ,ニ,和,に,ニ,28178
,I,、,、,,補助記号-読点,,,,,記号,、,,24
,I,女性,女性,ジョセイ,名詞-普通名詞-一般,,,ジョセー,ジョセイ,漢,女性,ジョセイ,18689
,I,特有,特有,トクユウ,形状詞-一般,,,トクユー,トクユウ,漢,特有,トクユウ,26345
,I,の,の,ノ,助詞-格助詞,,,ノ,ノ,和,の,ノ,28989
,I,疾患,疾患,シッカン,名詞-普通名詞-一般,,,シッカン,シッカン,漢,疾患,シッカン,15480
,I,に,に,ニ,助詞-格助詞,,,ニ,ニ,和,に,ニ,28178
,I,つい,つく,ツク,動詞-一般,五段-カ行,連用形-イ音便,ツイ,ツイ,和,つく,ツク,24536
,I,て,て,テ,助詞-接続助詞,,,テ,テ,和,て,テ,24874
,I,、,、,,補助記号-読点,,,,,記号,、,,24
,I,診療,診療,シンリョウ,名詞-普通名詞-サ変可能,,,シンリョー,シンリョウ,漢,診療,シンリョウ,17585
,I,拠点,拠点,キョテン,名詞-普通名詞-一般,,,キョテン,キョテン,漢,拠点,キョテン,9425
,I,の,の,ノ,助詞-格助詞,,,ノ,ノ,和,の,ノ,28989
,I,整備,整備,セイビ,名詞-普通名詞-サ変可能,,,セービ,セイビ,漢,整備,セイビ,19972
,I,や,や,ヤ,助詞-副助詞,,,ヤ,ヤ,和,や,ヤ,38083
,I,研究,研究,ケンキュウ,名詞-普通名詞-サ変可能,,,ケンキュー,ケンキュウ,漢,研究,ケンキュウ,11295
,I,、,、,,補助記号-読点,,,,,記号,、,,24
,I,人材,人材,ジンザイ,名詞-普通名詞-一般,,,ジンザイ,ジンザイ,漢,人材,ジンザイ,18785
,I,育成,育成,イクセイ,名詞-普通名詞-サ変可能,,,イクセー,イクセイ,漢,育成,イクセイ,1724
,I,等,等,トウ,接尾辞-名詞的-一般,,,トー,トウ,漢,等,トウ,25875
,I,に,に,ニ,助詞-格助詞,,,ニ,ニ,和,に,ニ,28178
,I,取り組む,取り組む,トリクム,動詞-一般,五段-マ行,終止形-一般,トリクム,トリクム,和,取り組む,トリクム,26780
,I,など,など,ナド,助詞-副助詞,,,ナド,ナド,和,など,ナド,27905
,I,、,、,,補助記号-読点,,,,,記号,、,,24
,I,その,其の,ソノ,連体詞,,,ソノ,ソノ,和,その,ソノ,21394
,I,成果,成果,セイカ,名詞-普通名詞-一般,,,セーカ,セイカ,漢,成果,セイカ,19714
,I,を,を,ヲ,助詞-格助詞,,,オ,ヲ,和,を,ヲ,41407
,I,全国,全国,ゼンコク,名詞-普通名詞-一般,,,ゼンコク,ゼンコク,漢,全国,ゼンコク,20801
,I,に,に,ニ,助詞-格助詞,,,ニ,ニ,和,に,ニ,28178
,I,広げ,広げる,ヒロゲル,動詞-一般,下一段-ガ行,連用形-一般,ヒロゲ,ヒロゲ,和,広げる,ヒロゲル,31889
,I,て,て,テ,助詞-接続助詞,,,テ,テ,和,て,テ,24874
,I,まいり,参る,マイル,動詞-非自立可能,五段-ラ行,連用形-一般,マイリ,マイリ,和,まいる,マイル,35450
,I,ます,ます,マス,助動詞,助動詞-マス,終止形-一般,マス,マス,和,ます,マス,35697
,I,。,。,,補助記号-句点,,,,,記号,。,,25
,B,　,　,,空白,,,,,記号,　,,23
,I,「,「,,補助記号-括弧開,,,,,記号,「,,33
,I,事,事,コト,名詞-普通名詞-一般,,,コト,コト,和,事,コト,12836
,I,を,を,ヲ,助詞-格助詞,,,オ,ヲ,和,を,ヲ,41407
,I,論ずる,論ずる,ロンズル,動詞-一般,サ行変格,終止形-一般,ロンズル,ロンズル,混,論ずる,ロンズル,41050
,I,に,に,ニ,助詞-格助詞,,,ニ,ニ,和,に,ニ,28178
,I,は,は,ハ,助詞-係助詞,,,ワ,ハ,和,は,ハ,29321
,I,、,、,,補助記号-読点,,,,,記号,、,,24
,I,当に,正に,マサニ,副詞,,,マサニ,マサニ,和,当に,マサニ,35641
,I,己れ,己,オノレ,代名詞,,,オノレ,オノレ,和,己れ,オノレ,5147
,I,の,の,ノ,助詞-格助詞,,,ノ,ノ,和,の,ノ,28989
,I,地,地,チ,名詞-普通名詞-一般,,,チ,チ,漢,地,チ,23384
,I,、,、,,補助記号-読点,,,,,記号,、,,24
,I,己れ,己,オノレ,代名詞,,,オノレ,オノレ,和,己れ,オノレ,5147
,I,の,の,ノ,助詞-格助詞,,,ノ,ノ,和,の,ノ,28989
,I,身より,身寄り,ミヨリ,名詞-普通名詞-一般,,,ミヨリ,ミヨリ,和,身より,ミヨリ,67422
,I,見,見,ミ,名詞-普通名詞-一般,,,ミ,ミ,和,見,ミ,196994
,I,を,を,ヲ,助詞-格助詞,,,オ,ヲ,和,を,ヲ,41407
,I,起こす,起こす,オコス,動詞-一般,五段-サ行,終止形-一般,オコス,オコス,和,起こす,オコス,4872
,I,べし,べし,ベシ,助動詞,文語助動詞-ベシ,終止形-一般,ベシ,ベシ,和,べし,ベシ,34137
,I,、,、,,補助記号-読点,,,,,記号,、,,24
,I,乃ち,即ち,スナワチ,接続詞,,,スナワチ,スナワチ,和,乃ち,スナワチ,19343
,I,着実,着実,チャクジツ,形状詞-一般,,,チャクジツ,チャクジツ,漢,着実,チャクジツ,23655
,I,と,と,ト,助詞-格助詞,,,ト,ト,和,と,ト,25826
,I,為す,成す,ナス,動詞-一般,五段-サ行,終止形-一般,ナス,ナス,和,為す,ナス,27833
,I,」,」,,補助記号-括弧閉,,,,,記号,」,,34
,B,　,　,,空白,,,,,記号,　,,23
,I,吉田,ヨシダ,ヨシダ,名詞-固有名詞-人名-姓,,,ヨシダ,ヨシダ,固,吉田,ヨシダ,39300
,I,松陰,ショウイン,ショウイン,名詞-固有名詞-人名-名,,,ショーイン,ショウイン,固,松陰,ショウイン,16576
,I,先生,先生,センセイ,名詞-普通名詞-一般,,,センセー,センセイ,漢,先生,センセイ,20526
,I,の,の,ノ,助詞-格助詞,,,ノ,ノ,和,の,ノ,28989
,I,言葉,言葉,コトバ,名詞-普通名詞-一般,,,コトバ,コトバ,和,言葉,コトバ,12860
,I,の,の,ノ,助詞-格助詞,,,ノ,ノ,和,の,ノ,28989
,I,とおり,通り,トオリ,名詞-普通名詞-助数詞可能,,,トーリ,トオリ,和,とおり,トオリ,26203
,I,、,、,,補助記号-読点,,,,,記号,、,,24
,I,地方,地方,チホウ,名詞-普通名詞-一般,,,チホー,チホウ,漢,地方,チホウ,23612
,I,の,の,ノ,助詞-格助詞,,,ノ,ノ,和,の,ノ,28989
,I,活力,活力,カツリョク,名詞-普通名詞-一般,,,カツリョク,カツリョク,漢,活力,カツリョク,6825
,I,は,は,ハ,助詞-係助詞,,,ワ,ハ,和,は,ハ,29321
,I,、,、,,補助記号-読点,,,,,記号,、,,24
,I,すなわち,即ち,スナワチ,接続詞,,,スナワチ,スナワチ,和,すなわち,スナワチ,19343
,I,日本,日本,ニッポン,名詞-固有名詞-地名-国,,,ニッポン,ニッポン,固,日本,ニッポン,28455
,I,の,の,ノ,助詞-格助詞,,,ノ,ノ,和,の,ノ,28989
,I,活力,活力,カツリョク,名詞-普通名詞-一般,,,カツリョク,カツリョク,漢,活力,カツリョク,6825
,I,で,だ,ダ,助動詞,助動詞-ダ,連用形-一般,デ,デ,和,だ,ダ,22916
,I,ある,有る,アル,動詞-非自立可能,五段-ラ行,連体形-一般,アル,アル,和,ある,アル,1216
,I,こと,事,コト,名詞-普通名詞-一般,,,コト,コト,和,こと,コト,12836
,I,を,を,ヲ,助詞-格助詞,,,オ,ヲ,和,を,ヲ,41407
,I,、,、,,補助記号-読点,,,,,記号,、,,24
,I,身,身,ミ,名詞-普通名詞-一般,,,ミ,ミ,和,身,ミ,36235
,I,を,を,ヲ,助詞-格助詞,,,オ,ヲ,和,を,ヲ,41407
,I,もっ,持つ,モツ,動詞-一般,五段-タ行,連用形-促音便,モッ,モッ,和,もつ,モツ,37804
,I,て,て,テ,助詞-接続助詞,,,テ,テ,和,て,テ,24874
,I,知っ,知る,シル,動詞-一般,五段-ラ行,連用形-促音便,シッ,シッ,和,知る,シル,17162
,I,て,て,テ,助詞-接続助詞,,,テ,テ,和,て,テ,24874
,I,おり,居る,オル,動詞-非自立可能,五段-ラ行,連用形-一般,オリ,オリ,和,おる,オル,5360
,I,ます,ます,マス,助動詞,助動詞-マス,終止形-一般,マス,マス,和,ます,マス,35697
,I,。,。,,補助記号-句点,,,,,記号,。,,25
,I,地方,地方,チホウ,名詞-普通名詞-一般,,,チホー,チホウ,漢,地方,チホウ,23612
,I,が,が,ガ,助詞-格助詞,,,ガ,ガ,和,が,ガ,7889
,I,持つ,持つ,モツ,動詞-一般,五段-タ行,連体形-一般,モツ,モツ,和,持つ,モツ,37804
,I,伸び代,伸び代,ノビシロ,名詞-普通名詞-一般,,,ノビシロ,ノビシロ,和,伸び代,ノビシロ,274738
,I,を,を,ヲ,助詞-格助詞,,,オ,ヲ,和,を,ヲ,41407
,I,いかし,生かす,イカス,動詞-一般,五段-サ行,連用形-一般,イカシ,イカシ,和,いかす,イカス,1618
,I,、,、,,補助記号-読点,,,,,記号,、,,24
,I,そこ,其処,ソコ,代名詞,,,ソコ,ソコ,和,そこ,ソコ,21270
,I,に,に,ニ,助詞-格助詞,,,ニ,ニ,和,に,ニ,28178
,I,暮らす,暮らす,クラス,動詞-一般,五段-サ行,連体形-一般,クラス,クラス,和,暮らす,クラス,10432
,I,住民,住民,ジュウミン,名詞-普通名詞-一般,,,ジューミン,ジュウミン,漢,住民,ジュウミン,18241
,I,の,の,ノ,助詞-格助詞,,,ノ,ノ,和,の,ノ,28989
,I,皆,皆,ミナ,名詞-普通名詞-副詞可能,,,ミナ,ミナ,和,皆,ミナ,36678
,I,様,様,サマ,接尾辞-名詞的-一般,,,サマ,サマ,和,様,サマ,14374
,I,の,の,ノ,助詞-格助詞,,,ノ,ノ,和,の,ノ,28989
,I,暮らし,暮らし,クラシ,名詞-普通名詞-一般,,,クラシ,クラシ,和,暮らし,クラシ,10426
,I,と,と,ト,助詞-格助詞,,,ト,ト,和,と,ト,25826
,I,安全,安全,アンゼン,名詞-普通名詞-形状詞可能,,,アンゼン,アンゼン,漢,安全,アンゼン,1366
,I,を,を,ヲ,助詞-格助詞,,,オ,ヲ,和,を,ヲ,41407
,I,守っ,守る,マモル,動詞-一般,五段-ラ行,連用形-促音便,マモッ,マモッ,和,守る,マモル,36011
,I,て,て,テ,助詞-接続助詞,,,テ,テ,和,て,テ,24874
,I,まいり,参る,マイル,動詞-非自立可能,五段-ラ行,連用形-一般,マイリ,マイリ,和,まいる,マイル,35450
,I,ます,ます,マス,助動詞,助動詞-マス,終止形-一般,マス,マス,和,ます,マス,35697
,I,。,。,,補助記号-句点,,,,,記号,。,,25
,B,　,　,,空白,,,,,記号,　,,23
,I,国,国,クニ,名詞-普通名詞-一般,,,クニ,クニ,和,国,クニ,10282
,I,に,に,ニ,助詞-格助詞,,,ニ,ニ,和,に,ニ,28178
,I,よる,因る,ヨル,動詞-一般,五段-ラ行,連体形-一般,ヨル,ヨル,和,よる,ヨル,39521
,I,一,一,イチ,名詞-数詞,,,イチ,イチ,漢,一,イチ,2050
,I,歩,歩,ホ,名詞-普通名詞-助数詞可能,,,ポ,ポ,漢,歩,ホ,34358
,I,前,前,マエ,名詞-普通名詞-副詞可能,,,マエ,マエ,和,前,マエ,35465
,I,に,に,ニ,助詞-格助詞,,,ニ,ニ,和,に,ニ,28178
,I,出,出る,デル,動詞-一般,下一段-ダ行,連用形-一般,デ,デ,和,出る,デル,25728
,I,た,た,タ,助動詞,助動詞-タ,連体形-一般,タ,タ,和,た,タ,21642
,I,支援,支援,シエン,名詞-普通名詞-サ変可能,,,シエン,シエン,漢,支援,シエン,15014
,I,の,の,ノ,助詞-格助詞,,,ノ,ノ,和,の,ノ,28989
,I,結果,結果,ケッカ,名詞-普通名詞-副詞可能,,,ケッカ,ケッカ,漢,結果,ケッカ,11114
,I,、,、,,補助記号-読点,,,,,記号,、,,24
,I,Ｔ,Ｔ,ティー,記号-文字,,,ティー,ティー,記号,Ｔ,ティー,24900
,I,ＳＭＣ,ＳＭＣ,エスエムシー,名詞-普通名詞-一般,,,エスエムシー,エスエムシー,記号,ＳＭＣ,エスエムシー,305636
,I,が,が,ガ,助詞-格助詞,,,ガ,ガ,和,が,ガ,7889
,I,進出,進出,シンシュツ,名詞-普通名詞-サ変可能,,,シンシュツ,シンシュツ,漢,進出,シンシュツ,17365
,I,し,為る,スル,動詞-非自立可能,サ行変格,連用形-一般,シ,シ,和,する,スル,19537
,I,た,た,タ,助動詞,助動詞-タ,連体形-一般,タ,タ,和,た,タ,21642
,I,熊本,クマモト,クマモト,名詞-固有名詞-地名-一般,,,クマモト,クマモト,固,熊本,クマモト,10350
,I,県,県,ケン,名詞-普通名詞-一般,,,ケン,ケン,漢,県,ケン,11256
,I,、,、,,補助記号-読点,,,,,記号,、,,24
,I,ラピダス,,,名詞,,,,,,,,　
,I,が,が,ガ,助詞-格助詞,,,ガ,ガ,和,が,ガ,7889
,I,立地,立地,リッチ,名詞-普通名詞-サ変可能,,,リッチ,リッチ,漢,立地,リッチ,40025
,I,し,為る,スル,動詞-非自立可能,サ行変格,連用形-一般,シ,シ,和,する,スル,19537
,I,た,た,タ,助動詞,助動詞-タ,連体形-一般,タ,タ,和,た,タ,21642
,I,北海道,ホッカイドウ,ホッカイドウ,名詞-固有名詞-地名-一般,,,ホッカイドー,ホッカイドウ,固,北海道,ホッカイドウ,34727
,I,で,で,デ,助詞-格助詞,,,デ,デ,和,で,デ,25518
,I,は,は,ハ,助詞-係助詞,,,ワ,ハ,和,は,ハ,29321
,I,、,、,,補助記号-読点,,,,,記号,、,,24
,I,関連,関連,カンレン,名詞-普通名詞-サ変可能,,,カンレン,カンレン,漢,関連,カンレン,7855
,I,する,為る,スル,動詞-非自立可能,サ行変格,連体形-一般,スル,スル,和,する,スル,19537
,I,投資,投資,トウシ,名詞-普通名詞-サ変可能,,,トーシ,トウシ,漢,投資,トウシ,25983
,I,が,が,ガ,助詞-格助詞,,,ガ,ガ,和,が,ガ,7889
,I,誘発,誘発,ユウハツ,名詞-普通名詞-サ変可能,,,ユーハツ,ユウハツ,漢,誘発,ユウハツ,38709
,I,さ,為る,スル,動詞-非自立可能,サ行変格,未然形-サ,サ,サ,和,する,スル,19537
,I,れ,れる,レル,助動詞,助動詞-レル,連用形-一般,レ,レ,和,れる,レル,40741
,I,、,、,,補助記号-読点,,,,,記号,、,,24
,I,様々,様々,サマザマ,形状詞-一般,,,サマザマ,サマザマ,和,様々,サマザマ,14376
,I,な,だ,ダ,助動詞,助動詞-ダ,連体形-一般,ナ,ナ,和,だ,ダ,22916
,I,経済,経済,ケイザイ,名詞-普通名詞-一般,,,ケーザイ,ケイザイ,漢,経済,ケイザイ,10945
,I,効果,効果,コウカ,名詞-普通名詞-一般,,,コーカ,コウカ,漢,効果,コウカ,11908
,I,が,が,ガ,助詞-格助詞,,,ガ,ガ,和,が,ガ,7889
,I,現れ,現われる,アラワレル,動詞-一般,下一段-ラ行,連用形-一般,アラワレ,アラワレ,和,現れる,アラワレル,1171
,I,始め,始める,ハジメル,動詞-非自立可能,下一段-マ行,連用形-一般,ハジメ,ハジメ,和,始める,ハジメル,29733
,I,て,て,テ,助詞-接続助詞,,,テ,テ,和,て,テ,24874
,I,い,居る,イル,動詞-非自立可能,上一段-ア行,連用形-一般,イ,イ,和,いる,イル,2585
,I,ます,ます,マス,助動詞,助動詞-マス,終止形-一般,マス,マス,和,ます,マス,35697
,I,。,。,,補助記号-句点,,,,,記号,。,,25
,I,こう,こう,コウ,副詞,,,コー,コウ,和,こう,コウ,11822
,I,し,為る,スル,動詞-非自立可能,サ行変格,連用形-一般,シ,シ,和,する,スル,19537
,I,た,た,タ,助動詞,助動詞-タ,連体形-一般,タ,タ,和,た,タ,21642
,I,事例,事例,ジレイ,名詞-普通名詞-一般,,,ジレー,ジレイ,漢,事例,ジレイ,18753
,I,を,を,ヲ,助詞-格助詞,,,オ,ヲ,和,を,ヲ,41407
,I,、,、,,補助記号-読点,,,,,記号,、,,24
,I,全国,全国,ゼンコク,名詞-普通名詞-一般,,,ゼンコク,ゼンコク,漢,全国,ゼンコク,20801
,I,各地,各地,カクチ,名詞-普通名詞-一般,,,カクチ,カクチ,漢,各地,カクチ,6201
,I,に,に,ニ,助詞-格助詞,,,ニ,ニ,和,に,ニ,28178
,I,次々,次々,ツギツギ,副詞,,,ツギツギ,ツギツギ,和,次々,ツギツギ,24531
,I,と,と,ト,助詞-格助詞,,,ト,ト,和,と,ト,25826
,I,生み出し,生み出す,ウミダス,動詞-一般,五段-サ行,連用形-一般,ウミダシ,ウミダシ,和,生み出す,ウミダス,3385
,I,て,て,テ,助詞-接続助詞,,,テ,テ,和,て,テ,24874
,I,いこう,行く,イク,動詞-非自立可能,五段-カ行,意志推量形,イコー,イコウ,和,いく,イク,1713
,I,で,で,デ,助詞-格助詞,,,デ,デ,和,で,デ,25518
,I,は,は,ハ,助詞-係助詞,,,ワ,ハ,和,は,ハ,29321
,I,あり,有る,アル,動詞-非自立可能,五段-ラ行,連用形-一般,アリ,アリ,和,ある,アル,1216
,I,ませ,ます,マス,助動詞,助動詞-マス,未然形-一般,マセ,マセ,和,ます,マス,35697
,I,ん,ず,ズ,助動詞,助動詞-ヌ,終止形-撥音便,ン,ン,和,ぬ,ヌ,19587
,I,か,か,カ,助詞-終助詞,,,カ,カ,和,か,カ,5569
,I,。,。,,補助記号-句点,,,,,記号,。,,25
,B,　,　,,空白,,,,,記号,　,,23
,I,地域,地域,チイキ,名詞-普通名詞-一般,,,チイキ,チイキ,漢,地域,チイキ,23397
,I,を,を,ヲ,助詞-格助詞,,,オ,ヲ,和,を,ヲ,41407
,I,超え,越える,コエル,動詞-一般,下一段-ア行,連用形-一般,コエ,コエ,和,超える,コエル,12463
,I,た,た,タ,助動詞,助動詞-タ,連体形-一般,タ,タ,和,た,タ,21642
,I,ビジネス,ビジネス-business,ビジネス,名詞-普通名詞-一般,,,ビジネス,ビジネス,外,ビジネス,ビジネス,32011
,I,展開,展開,テンカイ,名詞-普通名詞-サ変可能,,,テンカイ,テンカイ,漢,展開,テンカイ,25355
,I,を,を,ヲ,助詞-格助詞,,,オ,ヲ,和,を,ヲ,41407
,I,図る,図る,ハカル,動詞-一般,五段-ラ行,連体形-一般,ハカル,ハカル,和,図る,ハカル,29531
,I,中堅,中堅,チュウケン,名詞-普通名詞-一般,,,チューケン,チュウケン,漢,中堅,チュウケン,23783
,I,企業,企業,キギョウ,名詞-普通名詞-一般,,,キギョー,キギョウ,漢,企業,キギョウ,8392
,I,を,を,ヲ,助詞-格助詞,,,オ,ヲ,和,を,ヲ,41407
,I,支援,支援,シエン,名詞-普通名詞-サ変可能,,,シエン,シエン,漢,支援,シエン,15014
,I,し,為る,スル,動詞-非自立可能,サ行変格,連用形-一般,シ,シ,和,する,スル,19537
,I,、,、,,補助記号-読点,,,,,記号,、,,24
,I,大胆,大胆,ダイタン,形状詞-一般,,,ダイタン,ダイタン,漢,大胆,ダイタン,23029
,I,な,だ,ダ,助動詞,助動詞-ダ,連体形-一般,ナ,ナ,和,だ,ダ,22916
,I,投資,投資,トウシ,名詞-普通名詞-サ変可能,,,トーシ,トウシ,漢,投資,トウシ,25983
,I,促進,促進,ソクシン,名詞-普通名詞-サ変可能,,,ソクシン,ソクシン,漢,促進,ソクシン,21232
,I,策,策,サク,名詞-普通名詞-一般,,,サク,サク,漢,策,サク,13990
,I,と,と,ト,助詞-格助詞,,,ト,ト,和,と,ト,25826
,I,インフラ,インフラ-infrastructure,インフラ,名詞-普通名詞-一般,,,インフラ,インフラ,外,インフラ,インフラ,120768
,I,整備,整備,セイビ,名詞-普通名詞-サ変可能,,,セービ,セイビ,漢,整備,セイビ,19972
,I,を,を,ヲ,助詞-格助詞,,,オ,ヲ,和,を,ヲ,41407
,I,一体,一体,イッタイ,名詞-普通名詞-一般,,,イッタイ,イッタイ,漢,一体,イッタイ,2230
,I,的,的,テキ,接尾辞-形状詞的,,,テキ,テキ,漢,的,テキ,25076
,I,に,だ,ダ,助動詞,助動詞-ダ,連用形-ニ,ニ,ニ,和,だ,ダ,22916
,I,講ずる,講ずる,コウズル,動詞-一般,サ行変格,連体形-一般,コーズル,コウズル,混,講ずる,コウズル,12156
,I,こと,事,コト,名詞-普通名詞-一般,,,コト,コト,和,こと,コト,12836
,I,で,だ,ダ,助動詞,助動詞-ダ,連用形-一般,デ,デ,和,だ,ダ,22916
,I,、,、,,補助記号-読点,,,,,記号,、,,24
,I,地方,地方,チホウ,名詞-普通名詞-一般,,,チホー,チホウ,漢,地方,チホウ,23612
,I,に,に,ニ,助詞-格助詞,,,ニ,ニ,和,に,ニ,28178
,I,大,大,ダイ,接頭辞,,,ダイ,ダイ,漢,大,ダイ,22935
,I,規模,規模,キボ,名詞-普通名詞-一般,,,キボ,キボ,漢,規模,キボ,8810
,I,な,だ,ダ,助動詞,助動詞-ダ,連体形-一般,ナ,ナ,和,だ,ダ,22916
,I,投資,投資,トウシ,名詞-普通名詞-サ変可能,,,トーシ,トウシ,漢,投資,トウシ,25983
,I,を,を,ヲ,助詞-格助詞,,,オ,ヲ,和,を,ヲ,41407
,I,呼び込み,呼び込む,ヨビコム,動詞-一般,五段-マ行,連用形-一般,ヨビコミ,ヨビコミ,和,呼び込む,ヨビコム,39437
,I,、,、,,補助記号-読点,,,,,記号,、,,24
,I,地域,地域,チイキ,名詞-普通名詞-一般,,,チイキ,チイキ,漢,地域,チイキ,23397
,I,ごと,毎,ゴト,接尾辞-名詞的-一般,,,ゴト,ゴト,和,ごと,ゴト,13517
,I,に,に,ニ,助詞-格助詞,,,ニ,ニ,和,に,ニ,28178
,I,産業,産業,サンギョウ,名詞-普通名詞-一般,,,サンギョー,サンギョウ,漢,産業,サンギョウ,14544
,I,クラスター,クラスター-cluster,クラスター,名詞-普通名詞-一般,,,クラスター,クラスター,外,クラスター,クラスター,10434
,I,を,を,ヲ,助詞-格助詞,,,オ,ヲ,和,を,ヲ,41407
,I,戦略,戦略,センリャク,名詞-普通名詞-一般,,,センリャク,センリャク,漢,戦略,センリャク,20666
,I,的,的,テキ,接尾辞-形状詞的,,,テキ,テキ,漢,的,テキ,25076
,I,に,だ,ダ,助動詞,助動詞-ダ,連用形-ニ,ニ,ニ,和,だ,ダ,22916
,I,形成,形成,ケイセイ,名詞-普通名詞-サ変可能,,,ケーセー,ケイセイ,漢,形成,ケイセイ,10988
,I,し,為る,スル,動詞-非自立可能,サ行変格,連用形-一般,シ,シ,和,する,スル,19537
,I,て,て,テ,助詞-接続助詞,,,テ,テ,和,て,テ,24874
,I,いく,行く,イク,動詞-非自立可能,五段-カ行,連体形-一般,イク,イク,和,いく,イク,1713
,I,こと,事,コト,名詞-普通名詞-一般,,,コト,コト,和,こと,コト,12836
,I,で,だ,ダ,助動詞,助動詞-ダ,連用形-一般,デ,デ,和,だ,ダ,22916
,I,、,、,,補助記号-読点,,,,,記号,、,,24
,I,「,「,,補助記号-括弧開,,,,,記号,「,,33
,I,地域,地域,チイキ,名詞-普通名詞-一般,,,チイキ,チイキ,漢,地域,チイキ,23397
,I,未来,未来,ミライ,名詞-普通名詞-一般,,,ミライ,ミライ,漢,未来,ミライ,36904
,I,戦略,戦略,センリャク,名詞-普通名詞-一般,,,センリャク,センリャク,漢,戦略,センリャク,20666
,I,」,」,,補助記号-括弧閉,,,,,記号,」,,34
,I,を,を,ヲ,助詞-格助詞,,,オ,ヲ,和,を,ヲ,41407
,I,推進,推進,スイシン,名詞-普通名詞-サ変可能,,,スイシン,スイシン,漢,推進,スイシン,18917
,I,し,為る,スル,動詞-非自立可能,サ行変格,連用形-一般,シ,シ,和,する,スル,19537
,I,ます,ます,マス,助動詞,助動詞-マス,終止形-一般,マス,マス,和,ます,マス,35697
,I,。,。,,補助記号-句点,,,,,記号,。,,25
,B,　,　,,空白,,,,,記号,　,,23
,I,テクノロジー,テクノロジー-technology,テクノロジー,名詞-普通名詞-一般,,,テクノロジー,テクノロジー,外,テクノロジー,テクノロジー,25128
,I,や,や,ヤ,助詞-副助詞,,,ヤ,ヤ,和,や,ヤ,38083
,I,地域,地域,チイキ,名詞-普通名詞-一般,,,チイキ,チイキ,漢,地域,チイキ,23397
,I,資源,資源,シゲン,名詞-普通名詞-一般,,,シゲン,シゲン,漢,資源,シゲン,15221
,I,を,を,ヲ,助詞-格助詞,,,オ,ヲ,和,を,ヲ,41407
,I,活用,活用,カツヨウ,名詞-普通名詞-サ変可能,,,カツヨー,カツヨウ,漢,活用,カツヨウ,6817
,I,し,為る,スル,動詞-非自立可能,サ行変格,連用形-一般,シ,シ,和,する,スル,19537
,I,た,た,タ,助動詞,助動詞-タ,連体形-一般,タ,タ,和,た,タ,21642
,I,付加,付加,フカ,名詞-普通名詞-サ変可能,,,フカ,フカ,漢,付加,フカ,32513
,I,価値,価値,カチ,名詞-普通名詞-一般,,,カチ,カチ,漢,価値,カチ,6699
,I,の,の,ノ,助詞-格助詞,,,ノ,ノ,和,の,ノ,28989
,I,創出,創出,ソウシュツ,名詞-普通名詞-サ変可能,,,ソーシュツ,ソウシュツ,漢,創出,ソウシュツ,21049
,I,・,・,,補助記号-一般,,,,・,記号,・,,44
,I,地域,地域,チイキ,名詞-普通名詞-一般,,,チイキ,チイキ,漢,地域,チイキ,23397
,I,外,外,ガイ,接尾辞-名詞的-一般,,,ガイ,ガイ,漢,外,ガイ,7894
,I,へ,へ,ヘ,助詞-格助詞,,,エ,ヘ,和,へ,ヘ,33819
,I,の,の,ノ,助詞-格助詞,,,ノ,ノ,和,の,ノ,28989
,I,ビジネス,ビジネス-business,ビジネス,名詞-普通名詞-一般,,,ビジネス,ビジネス,外,ビジネス,ビジネス,32011
,I,展開,展開,テンカイ,名詞-普通名詞-サ変可能,,,テンカイ,テンカイ,漢,展開,テンカイ,25355
,I,支援,支援,シエン,名詞-普通名詞-サ変可能,,,シエン,シエン,漢,支援,シエン,15014
,I,、,、,,補助記号-読点,,,,,記号,、,,24
,I,二,二,ニ,名詞-数詞,,,ニ,ニ,漢,二,ニ,28181
,I,地域,地域,チイキ,名詞-普通名詞-一般,,,チイキ,チイキ,漢,地域,チイキ,23397
,I,居住,居住,キョジュウ,名詞-普通名詞-サ変可能,,,キョジュー,キョジュウ,漢,居住,キョジュウ,9411
,I,を,を,ヲ,助詞-格助詞,,,オ,ヲ,和,を,ヲ,41407
,I,含む,含む,フクム,動詞-一般,五段-マ行,連体形-一般,フクム,フクム,和,含む,フクム,32685
,I,関係,関係,カンケイ,名詞-普通名詞-サ変可能,,,カンケー,カンケイ,漢,関係,カンケイ,7546
,I,人口,人口,ジンコウ,名詞-普通名詞-一般,,,ジンコー,ジンコウ,漢,人口,ジンコウ,18780
,I,創出,創出,ソウシュツ,名詞-普通名詞-サ変可能,,,ソーシュツ,ソウシュツ,漢,創出,ソウシュツ,21049
,I,、,、,,補助記号-読点,,,,,記号,、,,24
,I,稼げる,稼ぐ,カセグ,動詞-一般,下一段-ガ行,連体形-一般,カセゲル,カセゲル,和,稼げる,カセゲル,6560
,I,農林,農林,ノウリン,名詞-普通名詞-一般,,,ノーリン,ノウリン,漢,農林,ノウリン,29074
,I,水産,水産,スイサン,名詞-普通名詞-一般,,,スイサン,スイサン,漢,水産,スイサン,18905
,I,業,業,ギョウ,接尾辞-名詞的-一般,,,ギョー,ギョウ,漢,業,ギョウ,9884
,I,の,の,ノ,助詞-格助詞,,,ノ,ノ,和,の,ノ,28989
,I,創出,創出,ソウシュツ,名詞-普通名詞-サ変可能,,,ソーシュツ,ソウシュツ,漢,創出,ソウシュツ,21049
,I,等,等,トウ,接尾辞-名詞的-一般,,,トー,トウ,漢,等,トウ,25875
,I,を,を,ヲ,助詞-格助詞,,,オ,ヲ,和,を,ヲ,41407
,I,通じ,通ずる,ツウズル,動詞-一般,サ行変格,連用形-一般,ツージ,ツウジ,混,通ずる,ツウズル,24416
,I,て,て,テ,助詞-接続助詞,,,テ,テ,和,て,テ,24874
,I,、,、,,補助記号-読点,,,,,記号,、,,24
,I,農山漁村,農山漁村,ノウサンギョソン,名詞-普通名詞-一般,,,ノーサンギョソン,ノウサンギョソン,漢,農山漁村,ノウサンギョソン,29036
,I,・,・,,補助記号-一般,,,,・,記号,・,,44
,I,中山間,中山間,チュウサンカン,名詞-普通名詞-一般,,,チューサンカン,チュウサンカン,漢,中山間,チュウサンカン,93538
,I,地域,地域,チイキ,名詞-普通名詞-一般,,,チイキ,チイキ,漢,地域,チイキ,23397
,I,を,を,ヲ,助詞-格助詞,,,オ,ヲ,和,を,ヲ,41407
,I,始め,始める,ハジメル,動詞-非自立可能,下一段-マ行,連用形-一般,ハジメ,ハジメ,和,始める,ハジメル,29733
,I,地方,地方,チホウ,名詞-普通名詞-一般,,,チホー,チホウ,漢,地方,チホウ,23612
,I,に,に,ニ,助詞-格助詞,,,ニ,ニ,和,に,ニ,28178
,I,活力,活力,カツリョク,名詞-普通名詞-一般,,,カツリョク,カツリョク,漢,活力,カツリョク,6825
,I,を,を,ヲ,助詞-格助詞,,,オ,ヲ,和,を,ヲ,41407
,I,取り戻し,取り戻す,トリモドス,動詞-一般,五段-サ行,連用形-一般,トリモドシ,トリモドシ,和,取り戻す,トリモドス,26842
,I,ます,ます,マス,助動詞,助動詞-マス,終止形-一般,マス,マス,和,ます,マス,35697
,I,。,。,,補助記号-句点,,,,,記号,。,,25
,B,　,　,,空白,,,,,記号,　,,23
,I,また,又,マタ,接続詞,,,マタ,マタ,和,また,マタ,35734
,I,、,、,,補助記号-読点,,,,,記号,、,,24
,I,若者,若者,ワカモノ,名詞-普通名詞-一般,,,ワカモノ,ワカモノ,和,若者,ワカモノ,41176
,I,や,や,ヤ,助詞-副助詞,,,ヤ,ヤ,和,や,ヤ,38083
,I,女性,女性,ジョセイ,名詞-普通名詞-一般,,,ジョセー,ジョセイ,漢,女性,ジョセイ,18689
,I,を,を,ヲ,助詞-格助詞,,,オ,ヲ,和,を,ヲ,41407
,I,含め,含める,フクメル,動詞-一般,下一段-マ行,連用形-一般,フクメ,フクメ,和,含める,フクメル,32688
,I,て,て,テ,助詞-接続助詞,,,テ,テ,和,て,テ,24874
,I,、,、,,補助記号-読点,,,,,記号,、,,24
,I,地方,地方,チホウ,名詞-普通名詞-一般,,,チホー,チホウ,漢,地方,チホウ,23612
,I,に,に,ニ,助詞-格助詞,,,ニ,ニ,和,に,ニ,28178
,I,住み,住む,スム,動詞-一般,五段-マ行,連用形-一般,スミ,スミ,和,住む,スム,19478
,I,続け,続ける,ツヅケル,動詞-非自立可能,下一段-カ行,未然形-一般,ツズケ,ツヅケ,和,続ける,ツヅケル,24649
,I,られる,られる,ラレル,助動詞,助動詞-レル,連体形-一般,ラレル,ラレル,和,られる,ラレル,39787
,I,よう,様,ヨウ,形状詞-助動詞語幹,,,ヨー,ヨウ,漢,よう,ヨウ,39002
,I,に,だ,ダ,助動詞,助動詞-ダ,連用形-ニ,ニ,ニ,和,だ,ダ,22916
,I,し,為る,スル,動詞-非自立可能,サ行変格,連用形-一般,シ,シ,和,する,スル,19537
,I,ます,ます,マス,助動詞,助動詞-マス,終止形-一般,マス,マス,和,ます,マス,35697
,I,。,。,,補助記号-句点,,,,,記号,。,,25
,I,その,其の,ソノ,連体詞,,,ソノ,ソノ,和,その,ソノ,21394
,I,ため,為,タメ,名詞-普通名詞-副詞可能,,,タメ,タメ,和,ため,タメ,22686
,I,に,に,ニ,助詞-格助詞,,,ニ,ニ,和,に,ニ,28178
,I,は,は,ハ,助詞-係助詞,,,ワ,ハ,和,は,ハ,29321
,I,、,、,,補助記号-読点,,,,,記号,、,,24
,I,質,質,シツ,名詞-普通名詞-一般,,,シツ,シツ,漢,質,シツ,15533
,I,の,の,ノ,助詞-格助詞,,,ノ,ノ,和,の,ノ,28989
,I,高い,高い,タカイ,形容詞-一般,形容詞,連体形-一般,タカイ,タカイ,和,高い,タカイ,21995
,I,教育,教育,キョウイク,名詞-普通名詞-サ変可能,,,キョーイク,キョウイク,漢,教育,キョウイク,9155
,I,を,を,ヲ,助詞-格助詞,,,オ,ヲ,和,を,ヲ,41407
,I,始め,始める,ハジメル,動詞-非自立可能,下一段-マ行,連用形-一般,ハジメ,ハジメ,和,始める,ハジメル,29733
,I,、,、,,補助記号-読点,,,,,記号,、,,24
,I,必要,必要,ヒツヨウ,名詞-普通名詞-形状詞可能,,,ヒツヨー,ヒツヨウ,漢,必要,ヒツヨウ,31473
,I,な,だ,ダ,助動詞,助動詞-ダ,連体形-一般,ナ,ナ,和,だ,ダ,22916
,I,行政,行政,ギョウセイ,名詞-普通名詞-一般,,,ギョーセー,ギョウセイ,漢,行政,ギョウセイ,9909
,I,サービス,サービス-service,サービス,名詞-普通名詞-サ変可能,,,サービス,サービス,外,サービス,サービス,14744
,I,を,を,ヲ,助詞-格助詞,,,オ,ヲ,和,を,ヲ,41407
,I,受け,受ける,ウケル,動詞-一般,下一段-カ行,未然形-一般,ウケ,ウケ,和,受ける,ウケル,3089
,I,られる,られる,ラレル,助動詞,助動詞-レル,連体形-一般,ラレル,ラレル,和,られる,ラレル,39787
,I,よう,様,ヨウ,形状詞-助動詞語幹,,,ヨー,ヨウ,漢,よう,ヨウ,39002
,I,に,だ,ダ,助動詞,助動詞-ダ,連用形-ニ,ニ,ニ,和,だ,ダ,22916
,I,する,為る,スル,動詞-非自立可能,サ行変格,連体形-一般,スル,スル,和,する,スル,19537
,I,必要,必要,ヒツヨウ,名詞-普通名詞-形状詞可能,,,ヒツヨー,ヒツヨウ,漢,必要,ヒツヨウ,31473
,I,が,が,ガ,助詞-格助詞,,,ガ,ガ,和,が,ガ,7889
,I,あり,有る,アル,動詞-非自立可能,五段-ラ行,連用形-一般,アリ,アリ,和,ある,アル,1216
,I,ます,ます,マス,助動詞,助動詞-マス,終止形-一般,マス,マス,和,ます,マス,35697
,I,。,。,,補助記号-句点,,,,,記号,。,,25
,I,税源,税源,ゼイゲン,名詞-普通名詞-一般,,,ゼーゲン,ゼイゲン,漢,税源,ゼイゲン,57538
,I,の,の,ノ,助詞-格助詞,,,ノ,ノ,和,の,ノ,28989
,I,偏在,偏在,ヘンザイ,名詞-普通名詞-サ変可能,,,ヘンザイ,ヘンザイ,漢,偏在,ヘンザイ,34031
,I,性,性,セイ,接尾辞-名詞的-一般,,,セー,セイ,漢,性,セイ,19682
,I,が,が,ガ,助詞-格助詞,,,ガ,ガ,和,が,ガ,7889
,I,小さく,小さい,チイサイ,形容詞-一般,形容詞,連用形-一般,チーサク,チイサク,和,小さい,チイサイ,23399
,I,税収,税収,ゼイシュウ,名詞-普通名詞-一般,,,ゼーシュー,ゼイシュウ,漢,税収,ゼイシュウ,20700
,I,が,が,ガ,助詞-格助詞,,,ガ,ガ,和,が,ガ,7889
,I,安定,安定,アンテイ,名詞-普通名詞-サ変形状詞可能,,,アンテー,アンテイ,漢,安定,アンテイ,1389
,I,的,的,テキ,接尾辞-形状詞的,,,テキ,テキ,漢,的,テキ,25076
,I,な,だ,ダ,助動詞,助動詞-ダ,連体形-一般,ナ,ナ,和,だ,ダ,22916
,I,地方,地方,チホウ,名詞-普通名詞-一般,,,チホー,チホウ,漢,地方,チホウ,23612
,I,税,税,ゼイ,名詞-普通名詞-一般,,,ゼー,ゼイ,漢,税,ゼイ,20694
,I,体系,体系,タイケイ,名詞-普通名詞-一般,,,タイケー,タイケイ,漢,体系,タイケイ,21733
,I,の,の,ノ,助詞-格助詞,,,ノ,ノ,和,の,ノ,28989
,I,構築,構築,コウチク,名詞-普通名詞-サ変可能,,,コーチク,コウチク,漢,構築,コウチク,12228
,I,に,に,ニ,助詞-格助詞,,,ニ,ニ,和,に,ニ,28178
,I,向け,向ける,ムケル,動詞-一般,下一段-カ行,連用形-一般,ムケ,ムケ,和,向ける,ムケル,88132
,I,て,て,テ,助詞-接続助詞,,,テ,テ,和,て,テ,24874
,I,取組,取り組み,トリクミ,名詞-普通名詞-一般,,,トリクミ,トリクミ,和,取組,トリクミ,26779
,I,ます,ます,マス,助動詞,助動詞-マス,終止形-一般,マス,マス,和,ます,マス,35697
,I,。,。,,補助記号-句点,,,,,記号,。,,25
,B,　,　,,空白,,,,,記号,　,,23
,I,日本,日本,ニッポン,名詞-固有名詞-地名-国,,,ニッポン,ニッポン,固,日本,ニッポン,28455
,I,の,の,ノ,助詞-格助詞,,,ノ,ノ,和,の,ノ,28989
,I,最大,最大,サイダイ,名詞-普通名詞-一般,,,サイダイ,サイダイ,漢,最大,サイダイ,13770
,I,の,の,ノ,助詞-格助詞,,,ノ,ノ,和,の,ノ,28989
,I,問題,問題,モンダイ,名詞-普通名詞-一般,,,モンダイ,モンダイ,漢,問題,モンダイ,38048
,I,は,は,ハ,助詞-係助詞,,,ワ,ハ,和,は,ハ,29321
,I,人口,人口,ジンコウ,名詞-普通名詞-一般,,,ジンコー,ジンコウ,漢,人口,ジンコウ,18780
,I,減少,減少,ゲンショウ,名詞-普通名詞-サ変可能,,,ゲンショー,ゲンショウ,漢,減少,ゲンショウ,11678
,I,で,だ,ダ,助動詞,助動詞-ダ,連用形-一般,デ,デ,和,だ,ダ,22916
,I,ある,有る,アル,動詞-非自立可能,五段-ラ行,終止形-一般,アル,アル,和,ある,アル,1216
,I,と,と,ト,助詞-格助詞,,,ト,ト,和,と,ト,25826
,I,の,の,ノ,助詞-格助詞,,,ノ,ノ,和,の,ノ,28989
,I,認識,認識,ニンシキ,名詞-普通名詞-サ変可能,,,ニンシキ,ニンシキ,漢,認識,ニンシキ,28645
,I,に,に,ニ,助詞-格助詞,,,ニ,ニ,和,に,ニ,28178
,I,立ち,立つ,タツ,動詞-一般,五段-タ行,連用形-一般,タチ,タチ,和,立つ,タツ,22436
,I,、,、,,補助記号-読点,,,,,記号,、,,24
,I,子供,子供,コドモ,名詞-普通名詞-一般,,,コドモ,コドモ,和,子供,コドモ,12884
,I,・,・,,補助記号-一般,,,,・,記号,・,,44
,I,子育て,子育て,コソダテ,名詞-普通名詞-サ変可能,,,コソダテ,コソダテ,和,子育て,コソダテ,12744
,I,政策,政策,セイサク,名詞-普通名詞-一般,,,セーサク,セイサク,漢,政策,セイサク,19796
,I,を,を,ヲ,助詞-格助詞,,,オ,ヲ,和,を,ヲ,41407
,I,含む,含む,フクム,動詞-一般,五段-マ行,連体形-一般,フクム,フクム,和,含む,フクム,32685
,I,人口,人口,ジンコウ,名詞-普通名詞-一般,,,ジンコー,ジンコウ,漢,人口,ジンコウ,18780
,I,減少,減少,ゲンショウ,名詞-普通名詞-サ変可能,,,ゲンショー,ゲンショウ,漢,減少,ゲンショウ,11678
,I,対策,対策,タイサク,名詞-普通名詞-一般,,,タイサク,タイサク,漢,対策,タイサク,21763
,I,を,を,ヲ,助詞-格助詞,,,オ,ヲ,和,を,ヲ,41407
,I,検討,検討,ケントウ,名詞-普通名詞-サ変可能,,,ケントー,ケントウ,漢,検討,ケントウ,11403
,I,し,為る,スル,動詞-非自立可能,サ行変格,連用形-一般,シ,シ,和,する,スル,19537
,I,て,て,テ,助詞-接続助詞,,,テ,テ,和,て,テ,24874
,I,いく,行く,イク,動詞-非自立可能,五段-カ行,連体形-一般,イク,イク,和,いく,イク,1713
,I,体制,体制,タイセイ,名詞-普通名詞-一般,,,タイセー,タイセイ,漢,体制,タイセイ,21825
,I,を,を,ヲ,助詞-格助詞,,,オ,ヲ,和,を,ヲ,41407
,I,構築,構築,コウチク,名詞-普通名詞-サ変可能,,,コーチク,コウチク,漢,構築,コウチク,12228
,I,し,為る,スル,動詞-非自立可能,サ行変格,連用形-一般,シ,シ,和,する,スル,19537
,I,ます,ます,マス,助動詞,助動詞-マス,終止形-一般,マス,マス,和,ます,マス,35697
,I,。,。,,補助記号-句点,,,,,記号,。,,25
,B,　,　,,空白,,,,,記号,　,,23
,I,人口,人口,ジンコウ,名詞-普通名詞-一般,,,ジンコー,ジンコウ,漢,人口,ジンコウ,18780
,I,減少,減少,ゲンショウ,名詞-普通名詞-サ変可能,,,ゲンショー,ゲンショウ,漢,減少,ゲンショウ,11678
,I,に,に,ニ,助詞-格助詞,,,ニ,ニ,和,に,ニ,28178
,I,伴う,伴う,トモナウ,動詞-一般,五段-ワア行,連体形-一般,トモナウ,トモナウ,和,伴う,トモナウ,26662
,I,人手,人手,ヒトデ,名詞-普通名詞-一般,,,ヒトデ,ヒトデ,和,人手,ヒトデ,31544
,I,不足,不足,フソク,名詞-普通名詞-サ変形状詞可能,,,ブソク,ブソク,漢,不足,フソク,32846
,I,の,の,ノ,助詞-格助詞,,,ノ,ノ,和,の,ノ,28989
,I,状況,状況,ジョウキョウ,名詞-普通名詞-一般,,,ジョーキョー,ジョウキョウ,漢,状況,ジョウキョウ,18513
,I,に,に,ニ,助詞-格助詞,,,ニ,ニ,和,に,ニ,28178
,I,おい,於く,オク,動詞-一般,五段-カ行,連用形-イ音便,オイ,オイ,和,おく,オク,4810
,I,て,て,テ,助詞-接続助詞,,,テ,テ,和,て,テ,24874
,I,、,、,,補助記号-読点,,,,,記号,、,,24
,I,外国,外国,ガイコク,名詞-普通名詞-一般,,,ガイコク,ガイコク,漢,外国,ガイコク,7919
,I,人材,人材,ジンザイ,名詞-普通名詞-一般,,,ジンザイ,ジンザイ,漢,人材,ジンザイ,18785
,I,を,を,ヲ,助詞-格助詞,,,オ,ヲ,和,を,ヲ,41407
,I,必要,必要,ヒツヨウ,名詞-普通名詞-形状詞可能,,,ヒツヨー,ヒツヨウ,漢,必要,ヒツヨウ,31473
,I,と,と,ト,助詞-格助詞,,,ト,ト,和,と,ト,25826
,I,する,為る,スル,動詞-非自立可能,サ行変格,連体形-一般,スル,スル,和,する,スル,19537
,I,分野,分野,ブンヤ,名詞-普通名詞-一般,,,ブンヤ,ブンヤ,漢,分野,ブンヤ,33651
,I,が,が,ガ,助詞-格助詞,,,ガ,ガ,和,が,ガ,7889
,I,ある,有る,アル,動詞-非自立可能,五段-ラ行,連体形-一般,アル,アル,和,ある,アル,1216
,I,こと,事,コト,名詞-普通名詞-一般,,,コト,コト,和,こと,コト,12836
,I,は,は,ハ,助詞-係助詞,,,ワ,ハ,和,は,ハ,29321
,I,事実,事実,ジジツ,名詞-普通名詞-副詞可能,,,ジジツ,ジジツ,漢,事実,ジジツ,17863
,I,です,です,デス,助動詞,助動詞-デス,終止形-一般,デス,デス,和,です,デス,25653
,I,。,。,,補助記号-句点,,,,,記号,。,,25
,I,インバウンド,インバウンド-inbound,インバウンド,名詞-普通名詞-一般,,,インバウンド,インバウンド,外,インバウンド,インバウンド,394064
,I,観光,観光,カンコウ,名詞-普通名詞-サ変可能,,,カンコー,カンコウ,漢,観光,カンコウ,7577
,I,も,も,モ,助詞-係助詞,,,モ,モ,和,も,モ,37562
,I,重要,重要,ジュウヨウ,形状詞-一般,,,ジューヨー,ジュウヨウ,漢,重要,ジュウヨウ,18245
,I,です,です,デス,助動詞,助動詞-デス,終止形-一般,デス,デス,和,です,デス,25653
,I,。,。,,補助記号-句点,,,,,記号,。,,25
,B,　,　,,空白,,,,,記号,　,,23
,I,しかし,然し,シカシ,接続詞,,,シカシ,シカシ,和,しかし,シカシ,15066
,I,、,、,,補助記号-読点,,,,,記号,、,,24
,I,一部,一部,イチブ,名詞-普通名詞-副詞可能,,,イチブ,イチブ,漢,一部,イチブ,2116
,I,の,の,ノ,助詞-格助詞,,,ノ,ノ,和,の,ノ,28989
,I,外国,外国,ガイコク,名詞-普通名詞-一般,,,ガイコク,ガイコク,漢,外国,ガイコク,7919
,I,人,人,ジン,接尾辞-名詞的-一般,,,ジン,ジン,漢,人,ジン,18765
,I,に,に,ニ,助詞-格助詞,,,ニ,ニ,和,に,ニ,28178
,I,よる,因る,ヨル,動詞-一般,五段-ラ行,連体形-一般,ヨル,ヨル,和,よる,ヨル,39521
,I,違法,違法,イホウ,名詞-普通名詞-形状詞可能,,,イホー,イホウ,漢,違法,イホウ,2453
,I,行為,行為,コウイ,名詞-普通名詞-一般,,,コーイ,コウイ,漢,行為,コウイ,11874
,I,や,や,ヤ,助詞-副助詞,,,ヤ,ヤ,和,や,ヤ,38083
,I,ルール,ルール-rule,ルール,名詞-普通名詞-一般,,,ルール,ルール,外,ルール,ルール,40548
,I,から,から,カラ,助詞-格助詞,,,カラ,カラ,和,から,カラ,7219
,I,の,の,ノ,助詞-格助詞,,,ノ,ノ,和,の,ノ,28989
,I,逸脱,逸脱,イツダツ,名詞-普通名詞-サ変可能,,,イツダツ,イツダツ,漢,逸脱,イツダツ,2280
,I,に,に,ニ,助詞-格助詞,,,ニ,ニ,和,に,ニ,28178
,I,対し,対する,タイスル,動詞-一般,サ行変格,連用形-一般,タイシ,タイシ,混,対する,タイスル,21823
,I,、,、,,補助記号-読点,,,,,記号,、,,24
,I,国民,国民,コクミン,名詞-普通名詞-一般,,,コクミン,コクミン,漢,国民,コクミン,12579
,I,の,の,ノ,助詞-格助詞,,,ノ,ノ,和,の,ノ,28989
,I,皆,皆,ミナ,名詞-普通名詞-副詞可能,,,ミナ,ミナ,和,皆,ミナ,36678
,I,様,様,サマ,接尾辞-名詞的-一般,,,サマ,サマ,和,様,サマ,14374
,I,が,が,ガ,助詞-格助詞,,,ガ,ガ,和,が,ガ,7889
,I,不安,不安,フアン,名詞-普通名詞-形状詞可能,,,フアン,フアン,漢,不安,フアン,32348
,I,や,や,ヤ,助詞-副助詞,,,ヤ,ヤ,和,や,ヤ,38083
,I,不,不,フ,接頭辞,,,フ,フ,漢,不,フ,32288
,I,公平,公平,コウヘイ,名詞-普通名詞-形状詞可能,,,コーヘー,コウヘイ,漢,公平,コウヘイ,12359
,I,を,を,ヲ,助詞-格助詞,,,オ,ヲ,和,を,ヲ,41407
,I,感じる,感ずる,カンズル,動詞-一般,上一段-ザ行,連体形-一般,カンジル,カンジル,混,感じる,カンジル,7664
,I,状況,状況,ジョウキョウ,名詞-普通名詞-一般,,,ジョーキョー,ジョウキョウ,漢,状況,ジョウキョウ,18513
,I,が,が,ガ,助詞-格助詞,,,ガ,ガ,和,が,ガ,7889
,I,生じ,生ずる,ショウズル,動詞-一般,サ行変格,連用形-一般,ショージ,ショウジ,混,生ずる,ショウズル,16732
,I,て,て,テ,助詞-接続助詞,,,テ,テ,和,て,テ,24874
,I,いる,居る,イル,動詞-非自立可能,上一段-ア行,連体形-一般,イル,イル,和,いる,イル,2585
,I,こと,事,コト,名詞-普通名詞-一般,,,コト,コト,和,こと,コト,12836
,I,も,も,モ,助詞-係助詞,,,モ,モ,和,も,モ,37562
,I,、,、,,補助記号-読点,,,,,記号,、,,24
,I,また,又,マタ,副詞,,,マタ,マタ,和,また,マタ,35735
,I,事実,事実,ジジツ,名詞-普通名詞-副詞可能,,,ジジツ,ジジツ,漢,事実,ジジツ,17863
,I,です,です,デス,助動詞,助動詞-デス,終止形-一般,デス,デス,和,です,デス,25653
,I,。,。,,補助記号-句点,,,,,記号,。,,25
,B,　,　,,空白,,,,,記号,　,,23
,I,排外,排外,ハイガイ,名詞-普通名詞-一般,,,ハイガイ,ハイガイ,漢,排外,ハイガイ,29363
,I,主義,主義,シュギ,名詞-普通名詞-一般,,,シュギ,シュギ,漢,主義,シュギ,16246
,I,と,と,ト,助詞-格助詞,,,ト,ト,和,と,ト,25826
,I,は,は,ハ,助詞-係助詞,,,ワ,ハ,和,は,ハ,29321
,I,一線,一線,イッセン,名詞-普通名詞-一般,,,イッセン,イッセン,漢,一線,イッセン,2223
,I,を,を,ヲ,助詞-格助詞,,,オ,ヲ,和,を,ヲ,41407
,I,画し,画する,カクスル,動詞-一般,サ行変格,連用形-一般,カクシ,カクシ,混,画する,カクスル,6188
,I,ます,ます,マス,助動詞,助動詞-マス,終止形-一般,マス,マス,和,ます,マス,35697
,I,が,が,ガ,助詞-接続助詞,,,ガ,ガ,和,が,ガ,7888
,I,、,、,,補助記号-読点,,,,,記号,、,,24
,I,こう,こう,コウ,副詞,,,コー,コウ,和,こう,コウ,11822
,I,し,為る,スル,動詞-非自立可能,サ行変格,連用形-一般,シ,シ,和,する,スル,19537
,I,た,た,タ,助動詞,助動詞-タ,連体形-一般,タ,タ,和,た,タ,21642
,I,行為,行為,コウイ,名詞-普通名詞-一般,,,コーイ,コウイ,漢,行為,コウイ,11874
,I,に,に,ニ,助詞-格助詞,,,ニ,ニ,和,に,ニ,28178
,I,は,は,ハ,助詞-係助詞,,,ワ,ハ,和,は,ハ,29321
,I,、,、,,補助記号-読点,,,,,記号,、,,24
,I,政府,政府,セイフ,名詞-普通名詞-一般,,,セーフ,セイフ,漢,政府,セイフ,19974
,I,と,と,ト,助詞-格助詞,,,ト,ト,和,と,ト,25826
,I,し,為る,スル,動詞-非自立可能,サ行変格,連用形-一般,シ,シ,和,する,スル,19537
,I,て,て,テ,助詞-接続助詞,,,テ,テ,和,て,テ,24874
,I,毅然,毅然,キゼン,形状詞-タリ,,,キゼン,キゼン,漢,毅然,キゼン,53373
,I,と,と,ト,助詞-格助詞,,,ト,ト,和,と,ト,25826
,I,対応,対応,タイオウ,名詞-普通名詞-サ変可能,,,タイオー,タイオウ,漢,対応,タイオウ,21679
,I,し,為る,スル,動詞-非自立可能,サ行変格,連用形-一般,シ,シ,和,する,スル,19537
,I,ます,ます,マス,助動詞,助動詞-マス,終止形-一般,マス,マス,和,ます,マス,35697
,I,。,。,,補助記号-句点,,,,,記号,。,,25
,I,政府,政府,セイフ,名詞-普通名詞-一般,,,セーフ,セイフ,漢,政府,セイフ,19974
,I,の,の,ノ,助詞-格助詞,,,ノ,ノ,和,の,ノ,28989
,I,司令,司令,シレイ,名詞-普通名詞-サ変可能,,,シレー,シレイ,漢,司令,シレイ,17177
,I,塔,塔,トウ,名詞-普通名詞-一般,,,トー,トウ,漢,塔,トウ,25861
,I,機能,機能,キノウ,名詞-普通名詞-サ変可能,,,キノー,キノウ,漢,機能,キノウ,8759
,I,を,を,ヲ,助詞-格助詞,,,オ,ヲ,和,を,ヲ,41407
,I,強化,強化,キョウカ,名詞-普通名詞-サ変可能,,,キョーカ,キョウカ,漢,強化,キョウカ,9167
,I,し,為る,スル,動詞-非自立可能,サ行変格,連用形-一般,シ,シ,和,する,スル,19537
,I,、,、,,補助記号-読点,,,,,記号,、,,24
,I,既存,既存,キソン,名詞-普通名詞-サ変可能,,,キソン,キソン,漢,既存,キソン,8582
,I,の,の,ノ,助詞-格助詞,,,ノ,ノ,和,の,ノ,28989
,I,ルール,ルール-rule,ルール,名詞-普通名詞-一般,,,ルール,ルール,外,ルール,ルール,40548
,I,の,の,ノ,助詞-格助詞,,,ノ,ノ,和,の,ノ,28989
,I,遵守,順守,ジュンシュ,名詞-普通名詞-サ変可能,,,ジュンシュ,ジュンシュ,漢,遵守,ジュンシュ,18409
,I,を,を,ヲ,助詞-格助詞,,,オ,ヲ,和,を,ヲ,41407
,I,求める,求める,モトメル,動詞-一般,下一段-マ行,終止形-一般,モトメル,モトメル,和,求める,モトメル,37854
,I,と,と,ト,助詞-格助詞,,,ト,ト,和,と,ト,25826
,I,とも,共,トモ,名詞-普通名詞-一般,,,トモ,トモ,和,とも,トモ,26643
,I,に,に,ニ,助詞-格助詞,,,ニ,ニ,和,に,ニ,28178
,I,、,、,,補助記号-読点,,,,,記号,、,,24
,I,土地,土地,トチ,名詞-普通名詞-一般,,,トチ,トチ,漢,土地,トチ,26456
,I,取得,取得,シュトク,名詞-普通名詞-サ変可能,,,シュトク,シュトク,漢,取得,シュトク,16419
,I,等,等,トウ,接尾辞-名詞的-一般,,,トー,トウ,漢,等,トウ,25875
,I,の,の,ノ,助詞-格助詞,,,ノ,ノ,和,の,ノ,28989
,I,ルール,ルール-rule,ルール,名詞-普通名詞-一般,,,ルール,ルール,外,ルール,ルール,40548
,I,の,の,ノ,助詞-格助詞,,,ノ,ノ,和,の,ノ,28989
,I,在り,有る,アル,動詞-非自立可能,五段-ラ行,連用形-一般,アリ,アリ,和,在る,アル,1216
,I,方,方,カタ,接尾辞-名詞的-一般,,,カタ,カタ,和,方,カタ,6596
,I,に,に,ニ,助詞-格助詞,,,ニ,ニ,和,に,ニ,28178
,I,つい,つく,ツク,動詞-一般,五段-カ行,連用形-イ音便,ツイ,ツイ,和,つく,ツク,24536
,I,て,て,テ,助詞-接続助詞,,,テ,テ,和,て,テ,24874
,I,も,も,モ,助詞-係助詞,,,モ,モ,和,も,モ,37562
,I,検討,検討,ケントウ,名詞-普通名詞-サ変可能,,,ケントー,ケントウ,漢,検討,ケントウ,11403
,I,を,を,ヲ,助詞-格助詞,,,オ,ヲ,和,を,ヲ,41407
,I,進め,進める,ススメル,動詞-一般,下一段-マ行,連用形-一般,ススメ,ススメ,和,進める,ススメル,19189
,I,て,て,テ,助詞-接続助詞,,,テ,テ,和,て,テ,24874
,I,まいり,参る,マイル,動詞-非自立可能,五段-ラ行,連用形-一般,マイリ,マイリ,和,まいる,マイル,35450
,I,ます,ます,マス,助動詞,助動詞-マス,終止形-一般,マス,マス,和,ます,マス,35697
,I,。,。,,補助記号-句点,,,,,記号,。,,25
,I,その,其の,ソノ,連体詞,,,ソノ,ソノ,和,その,ソノ,21394
,I,ため,為,タメ,名詞-普通名詞-副詞可能,,,タメ,タメ,和,ため,タメ,22686
,I,、,、,,補助記号-読点,,,,,記号,、,,24
,I,新た,新た,アラタ,形状詞-一般,,,アラタ,アラタ,和,新た,アラタ,1141
,I,に,だ,ダ,助動詞,助動詞-ダ,連用形-ニ,ニ,ニ,和,だ,ダ,22916
,I,担当,担当,タントウ,名詞-普通名詞-サ変可能,,,タントー,タントウ,漢,担当,タントウ,22856
,I,大臣,大臣,ダイジン,名詞-普通名詞-一般,,,ダイジン,ダイジン,漢,大臣,ダイジン,23015
,I,を,を,ヲ,助詞-格助詞,,,オ,ヲ,和,を,ヲ,41407
,I,置き,置く,オク,動詞-非自立可能,五段-カ行,連用形-一般,オキ,オキ,和,置く,オク,4811
,I,まし,ます,マス,助動詞,助動詞-マス,連用形-一般,マシ,マシ,和,ます,マス,35697
,I,た,た,タ,助動詞,助動詞-タ,終止形-一般,タ,タ,和,た,タ,21642
,I,。,。,,補助記号-句点,,,,,記号,。,,25
,B,　,　,,空白,,,,,記号,　,,23
,I,インターネット,インターネット-internet,インターネット,名詞-普通名詞-一般,,,インターネット,インターネット,外,インターネット,インターネット,2776
,I,を,を,ヲ,助詞-格助詞,,,オ,ヲ,和,を,ヲ,41407
,I,悪用,悪用,アクヨウ,名詞-普通名詞-サ変可能,,,アクヨー,アクヨウ,漢,悪用,アクヨウ,485
,I,し,為る,スル,動詞-非自立可能,サ行変格,連用形-一般,シ,シ,和,する,スル,19537
,I,た,た,タ,助動詞,助動詞-タ,連体形-一般,タ,タ,和,た,タ,21642
,I,新た,新た,アラタ,形状詞-一般,,,アラタ,アラタ,和,新た,アラタ,1141
,I,な,だ,ダ,助動詞,助動詞-ダ,連体形-一般,ナ,ナ,和,だ,ダ,22916
,I,犯罪,犯罪,ハンザイ,名詞-普通名詞-一般,,,ハンザイ,ハンザイ,漢,犯罪,ハンザイ,30362
,I,行為,行為,コウイ,名詞-普通名詞-一般,,,コーイ,コウイ,漢,行為,コウイ,11874
,I,等,等,トウ,接尾辞-名詞的-一般,,,トー,トウ,漢,等,トウ,25875
,I,に,に,ニ,助詞-格助詞,,,ニ,ニ,和,に,ニ,28178
,I,も,も,モ,助詞-係助詞,,,モ,モ,和,も,モ,37562
,I,、,、,,補助記号-読点,,,,,記号,、,,24
,I,法,法,ホウ,名詞-普通名詞-一般,,,ホー,ホウ,漢,法,ホウ,34380
,I,規制,規制,キセイ,名詞-普通名詞-サ変可能,,,キセー,キセイ,漢,規制,キセイ,8556
,I,の,の,ノ,助詞-格助詞,,,ノ,ノ,和,の,ノ,28989
,I,強化,強化,キョウカ,名詞-普通名詞-サ変可能,,,キョーカ,キョウカ,漢,強化,キョウカ,9167
,I,を,を,ヲ,助詞-格助詞,,,オ,ヲ,和,を,ヲ,41407
,I,始め,始め,ハジメ,名詞-普通名詞-副詞可能,,,ハジメ,ハジメ,和,始め,ハジメ,29728
,I,と,と,ト,助詞-格助詞,,,ト,ト,和,と,ト,25826
,I,し,為る,スル,動詞-非自立可能,サ行変格,連用形-一般,シ,シ,和,する,スル,19537
,I,て,て,テ,助詞-接続助詞,,,テ,テ,和,て,テ,24874
,I,、,、,,補助記号-読点,,,,,記号,、,,24
,I,厳正,厳正,ゲンセイ,形状詞-一般,,,ゲンセー,ゲンセイ,漢,厳正,ゲンセイ,11702
,I,に,だ,ダ,助動詞,助動詞-ダ,連用形-ニ,ニ,ニ,和,だ,ダ,22916
,I,対応,対応,タイオウ,名詞-普通名詞-サ変可能,,,タイオー,タイオウ,漢,対応,タイオウ,21679
,I,し,為る,スル,動詞-非自立可能,サ行変格,連用形-一般,シ,シ,和,する,スル,19537
,I,て,て,テ,助詞-接続助詞,,,テ,テ,和,て,テ,24874
,I,いき,行く,イク,動詞-非自立可能,五段-カ行,連用形-一般,イキ,イキ,和,いく,イク,1713
,I,ます,ます,マス,助動詞,助動詞-マス,終止形-一般,マス,マス,和,ます,マス,35697
,I,。,。,,補助記号-句点,,,,,記号,。,,25
,B,　,　,,空白,,,,,記号,　,,23
,I,「,「,,補助記号-括弧開,,,,,記号,「,,33
,I,国民,国民,コクミン,名詞-普通名詞-一般,,,コクミン,コクミン,漢,国民,コクミン,12579
,I,を,を,ヲ,助詞-格助詞,,,オ,ヲ,和,を,ヲ,41407
,I,詐欺,詐欺,サギ,名詞-普通名詞-一般,,,サギ,サギ,漢,詐欺,サギ,13977
,I,から,から,カラ,助詞-格助詞,,,カラ,カラ,和,から,カラ,7219
,I,守る,守る,マモル,動詞-一般,五段-ラ行,連体形-一般,マモル,マモル,和,守る,マモル,36011
,I,ため,為,タメ,名詞-普通名詞-副詞可能,,,タメ,タメ,和,ため,タメ,22686
,I,の,の,ノ,助詞-格助詞,,,ノ,ノ,和,の,ノ,28989
,I,総合,総合,ソウゴウ,名詞-普通名詞-サ変可能,,,ソーゴー,ソウゴウ,漢,総合,ソウゴウ,21023
,I,対策,対策,タイサク,名詞-普通名詞-一般,,,タイサク,タイサク,漢,対策,タイサク,21763
,I,２,二,ニ,名詞-数詞,,,ニ,ニ,漢,２,ニ,28181
,I,．,．,テン,名詞-普通名詞-一般,,,テン,テン,記号,．,テン,25340
,I,０,零,レイ,名詞-数詞,,,レー,レイ,漢,０,レイ,40560
,I,」,」,,補助記号-括弧閉,,,,,記号,」,,34
,I,に,に,ニ,助詞-格助詞,,,ニ,ニ,和,に,ニ,28178
,I,掲げ,掲げる,カカゲル,動詞-一般,下一段-ガ行,未然形-一般,カカゲ,カカゲ,和,掲げる,カカゲル,6004
,I,られ,られる,ラレル,助動詞,助動詞-レル,連用形-一般,ラレ,ラレ,和,られる,ラレル,39787
,I,た,た,タ,助動詞,助動詞-タ,連体形-一般,タ,タ,和,た,タ,21642
,I,取組,取り組み,トリクミ,名詞-普通名詞-一般,,,トリクミ,トリクミ,和,取組,トリクミ,26779
,I,を,を,ヲ,助詞-格助詞,,,オ,ヲ,和,を,ヲ,41407
,I,着実,着実,チャクジツ,形状詞-一般,,,チャクジツ,チャクジツ,漢,着実,チャクジツ,23655
,I,に,だ,ダ,助動詞,助動詞-ダ,連用形-ニ,ニ,ニ,和,だ,ダ,22916
,I,実施,実施,ジッシ,名詞-普通名詞-サ変可能,,,ジッシ,ジッシ,漢,実施,ジッシ,17940
,I,する,為る,スル,動詞-非自立可能,サ行変格,終止形-一般,スル,スル,和,する,スル,19537
,I,と,と,ト,助詞-格助詞,,,ト,ト,和,と,ト,25826
,I,とも,共,トモ,名詞-普通名詞-一般,,,トモ,トモ,和,とも,トモ,26643
,I,に,に,ニ,助詞-格助詞,,,ニ,ニ,和,に,ニ,28178
,I,、,、,,補助記号-読点,,,,,記号,、,,24
,I,法,法,ホウ,名詞-普通名詞-一般,,,ホー,ホウ,漢,法,ホウ,34380
,I,制度,制度,セイド,名詞-普通名詞-一般,,,セード,セイド,漢,制度,セイド,19939
,I,を,を,ヲ,助詞-格助詞,,,オ,ヲ,和,を,ヲ,41407
,I,含め,含める,フクメル,動詞-一般,下一段-マ行,連用形-一般,フクメ,フクメ,和,含める,フクメル,32688
,I,た,た,タ,助動詞,助動詞-タ,連体形-一般,タ,タ,和,た,タ,21642
,I,必要,必要,ヒツヨウ,名詞-普通名詞-形状詞可能,,,ヒツヨー,ヒツヨウ,漢,必要,ヒツヨウ,31473
,I,な,だ,ダ,助動詞,助動詞-ダ,連体形-一般,ナ,ナ,和,だ,ダ,22916
,I,検討,検討,ケントウ,名詞-普通名詞-サ変可能,,,ケントー,ケントウ,漢,検討,ケントウ,11403
,I,を,を,ヲ,助詞-格助詞,,,オ,ヲ,和,を,ヲ,41407
,I,加速,加速,カソク,名詞-普通名詞-サ変可能,,,カソク,カソク,漢,加速,カソク,6584
,I,し,為る,スル,動詞-非自立可能,サ行変格,連用形-一般,シ,シ,和,する,スル,19537
,I,、,、,,補助記号-読点,,,,,記号,、,,24
,I,いわゆる,所謂,イワユル,連体詞,,,イワユル,イワユル,和,いわゆる,イワユル,2694
,I,トクリュウ,匿流,トクリュウ,名詞-普通名詞-一般,,,トクリュー,トクリュウ,漢,トクリュウ,トクリュウ,396817
,I,の,の,ノ,助詞-格助詞,,,ノ,ノ,和,の,ノ,28989
,I,撲滅,撲滅,ボクメツ,名詞-普通名詞-サ変可能,,,ボクメツ,ボクメツ,漢,撲滅,ボクメツ,35144
,I,を,を,ヲ,助詞-格助詞,,,オ,ヲ,和,を,ヲ,41407
,I,目指し,目指す,メザス,動詞-一般,五段-サ行,連用形-一般,メザシ,メザシ,和,目指す,メザス,37392
,I,ます,ます,マス,助動詞,助動詞-マス,終止形-一般,マス,マス,和,ます,マス,35697
,I,。,。,,補助記号-句点,,,,,記号,。,,25
,B,　,　,,空白,,,,,記号,　,,23
,I,新た,新た,アラタ,形状詞-一般,,,アラタ,アラタ,和,新た,アラタ,1141
,I,な,だ,ダ,助動詞,助動詞-ダ,連体形-一般,ナ,ナ,和,だ,ダ,22916
,I,技術,技術,ギジュツ,名詞-普通名詞-一般,,,ギジュツ,ギジュツ,漢,技術,ギジュツ,9798
,I,を,を,ヲ,助詞-格助詞,,,オ,ヲ,和,を,ヲ,41407
,I,悪用,悪用,アクヨウ,名詞-普通名詞-サ変可能,,,アクヨー,アクヨウ,漢,悪用,アクヨウ,485
,I,し,為る,スル,動詞-非自立可能,サ行変格,連用形-一般,シ,シ,和,する,スル,19537
,I,た,た,タ,助動詞,助動詞-タ,連体形-一般,タ,タ,和,た,タ,21642
,I,ストーカー,ストーカー-stalker,ストーカー,名詞-普通名詞-一般,,,ストーカー,ストーカー,外,ストーカー,ストーカー,19318
,I,行為,行為,コウイ,名詞-普通名詞-一般,,,コーイ,コウイ,漢,行為,コウイ,11874
,I,等,等,トウ,接尾辞-名詞的-一般,,,トー,トウ,漢,等,トウ,25875
,I,や,や,ヤ,助詞-副助詞,,,ヤ,ヤ,和,や,ヤ,38083
,I,配偶,配偶,ハイグウ,名詞-普通名詞-一般,,,ハイグー,ハイグウ,漢,配偶,ハイグウ,29378
,I,者,者,シャ,接尾辞-名詞的-一般,,,シャ,シャ,漢,者,シャ,15852
,I,から,から,カラ,助詞-格助詞,,,カラ,カラ,和,から,カラ,7219
,I,の,の,ノ,助詞-格助詞,,,ノ,ノ,和,の,ノ,28989
,I,暴力,暴力,ボウリョク,名詞-普通名詞-一般,,,ボーリョク,ボウリョク,漢,暴力,ボウリョク,35115
,I,の,の,ノ,助詞-格助詞,,,ノ,ノ,和,の,ノ,28989
,I,被害,被害,ヒガイ,名詞-普通名詞-一般,,,ヒガイ,ヒガイ,漢,被害,ヒガイ,31162
,I,を,を,ヲ,助詞-格助詞,,,オ,ヲ,和,を,ヲ,41407
,I,防止,防止,ボウシ,名詞-普通名詞-サ変可能,,,ボーシ,ボウシ,漢,防止,ボウシ,35070
,I,する,為る,スル,動詞-非自立可能,サ行変格,連体形-一般,スル,スル,和,する,スル,19537
,I,ため,為,タメ,名詞-普通名詞-副詞可能,,,タメ,タメ,和,ため,タメ,22686
,I,、,、,,補助記号-読点,,,,,記号,、,,24
,I,法,法,ホウ,名詞-普通名詞-一般,,,ホー,ホウ,漢,法,ホウ,34380
,I,規制,規制,キセイ,名詞-普通名詞-サ変可能,,,キセー,キセイ,漢,規制,キセイ,8556
,I,を,を,ヲ,助詞-格助詞,,,オ,ヲ,和,を,ヲ,41407
,I,強化,強化,キョウカ,名詞-普通名詞-サ変可能,,,キョーカ,キョウカ,漢,強化,キョウカ,9167
,I,し,為る,スル,動詞-非自立可能,サ行変格,連用形-一般,シ,シ,和,する,スル,19537
,I,ます,ます,マス,助動詞,助動詞-マス,終止形-一般,マス,マス,和,ます,マス,35697
,I,。,。,,補助記号-句点,,,,,記号,。,,25
,B,　,　,,空白,,,,,記号,　,,23
,I,規制,規制,キセイ,名詞-普通名詞-サ変可能,,,キセー,キセイ,漢,規制,キセイ,8556
,I,の,の,ノ,助詞-格助詞,,,ノ,ノ,和,の,ノ,28989
,I,強化,強化,キョウカ,名詞-普通名詞-サ変可能,,,キョーカ,キョウカ,漢,強化,キョウカ,9167
,I,に,に,ニ,助詞-格助詞,,,ニ,ニ,和,に,ニ,28178
,I,加え,加える,クワエル,動詞-一般,下一段-ア行,連用形-一般,クワエ,クワエ,和,加える,クワエル,10636
,I,、,、,,補助記号-読点,,,,,記号,、,,24
,I,法,法,ホウ,名詞-普通名詞-一般,,,ホー,ホウ,漢,法,ホウ,34380
,I,制度,制度,セイド,名詞-普通名詞-一般,,,セード,セイド,漢,制度,セイド,19939
,I,の,の,ノ,助詞-格助詞,,,ノ,ノ,和,の,ノ,28989
,I,時代,時代,ジダイ,名詞-普通名詞-一般,,,ジダイ,ジダイ,漢,時代,ジダイ,17915
,I,に,に,ニ,助詞-格助詞,,,ニ,ニ,和,に,ニ,28178
,I,即し,即する,ソクスル,動詞-一般,サ行変格,連用形-一般,ソクシ,ソクシ,混,即する,ソクスル,21237
,I,た,た,タ,助動詞,助動詞-タ,連体形-一般,タ,タ,和,た,タ,21642
,I,見直し,見直し,ミナオシ,名詞-普通名詞-一般,,,ミナオシ,ミナオシ,和,見直し,ミナオシ,36681
,I,も,も,モ,助詞-係助詞,,,モ,モ,和,も,モ,37562
,I,進め,進める,ススメル,動詞-一般,下一段-マ行,連用形-一般,ススメ,ススメ,和,進める,ススメル,19189
,I,て,て,テ,助詞-接続助詞,,,テ,テ,和,て,テ,24874
,I,まいり,参る,マイル,動詞-非自立可能,五段-ラ行,連用形-一般,マイリ,マイリ,和,まいる,マイル,35450
,I,ます,ます,マス,助動詞,助動詞-マス,終止形-一般,マス,マス,和,ます,マス,35697
,I,。,。,,補助記号-句点,,,,,記号,。,,25
,I,再犯,再犯,サイハン,名詞-普通名詞-一般,,,サイハン,サイハン,漢,再犯,サイハン,55404
,I,防止,防止,ボウシ,名詞-普通名詞-サ変可能,,,ボーシ,ボウシ,漢,防止,ボウシ,35070
,I,の,の,ノ,助詞-格助詞,,,ノ,ノ,和,の,ノ,28989
,I,ため,為,タメ,名詞-普通名詞-副詞可能,,,タメ,タメ,和,ため,タメ,22686
,I,に,に,ニ,助詞-格助詞,,,ニ,ニ,和,に,ニ,28178
,I,重要,重要,ジュウヨウ,形状詞-一般,,,ジューヨー,ジュウヨウ,漢,重要,ジュウヨウ,18245
,I,な,だ,ダ,助動詞,助動詞-ダ,連体形-一般,ナ,ナ,和,だ,ダ,22916
,I,保護,保護,ホゴ,名詞-普通名詞-サ変可能,,,ホゴ,ホゴ,漢,保護,ホゴ,34658
,I,司,司,シ,接尾辞-名詞的-一般,,,シ,シ,漢,司,シ,142545
,I,に,に,ニ,助詞-格助詞,,,ニ,ニ,和,に,ニ,28178
,I,つい,つく,ツク,動詞-一般,五段-カ行,連用形-イ音便,ツイ,ツイ,和,つく,ツク,24536
,I,て,て,テ,助詞-接続助詞,,,テ,テ,和,て,テ,24874
,I,、,、,,補助記号-読点,,,,,記号,、,,24
,I,安全,安全,アンゼン,名詞-普通名詞-形状詞可能,,,アンゼン,アンゼン,漢,安全,アンゼン,1366
,I,確保,確保,カクホ,名詞-普通名詞-サ変可能,,,カクホ,カクホ,漢,確保,カクホ,6233
,I,策,策,サク,名詞-普通名詞-一般,,,サク,サク,漢,策,サク,13990
,I,の,の,ノ,助詞-格助詞,,,ノ,ノ,和,の,ノ,28989
,I,充実,充実,ジュウジツ,名詞-普通名詞-サ変可能,,,ジュージツ,ジュウジツ,漢,充実,ジュウジツ,18200
,I,を,を,ヲ,助詞-格助詞,,,オ,ヲ,和,を,ヲ,41407
,I,図る,図る,ハカル,動詞-一般,五段-ラ行,終止形-一般,ハカル,ハカル,和,図る,ハカル,29531
,I,など,など,ナド,助詞-副助詞,,,ナド,ナド,和,など,ナド,27905
,I,、,、,,補助記号-読点,,,,,記号,、,,24
,I,制度,制度,セイド,名詞-普通名詞-一般,,,セード,セイド,漢,制度,セイド,19939
,I,の,の,ノ,助詞-格助詞,,,ノ,ノ,和,の,ノ,28989
,I,持続,持続,ジゾク,名詞-普通名詞-サ変可能,,,ジゾク,ジゾク,漢,持続,ジゾク,17905
,I,可能,可能,カノウ,形状詞-一般,,,カノー,カノウ,漢,可能,カノウ,6969
,I,性,性,セイ,接尾辞-名詞的-一般,,,セー,セイ,漢,性,セイ,19682
,I,を,を,ヲ,助詞-格助詞,,,オ,ヲ,和,を,ヲ,41407
,I,高める,高める,タカメル,動詞-一般,下一段-マ行,連体形-一般,タカメル,タカメル,和,高める,タカメル,22087
,I,ため,為,タメ,名詞-普通名詞-副詞可能,,,タメ,タメ,和,ため,タメ,22686
,I,の,の,ノ,助詞-格助詞,,,ノ,ノ,和,の,ノ,28989
,I,措置,措置,ソチ,名詞-普通名詞-サ変可能,,,ソチ,ソチ,漢,措置,ソチ,21327
,I,を,を,ヲ,助詞-格助詞,,,オ,ヲ,和,を,ヲ,41407
,I,講じ,講ずる,コウズル,動詞-一般,サ行変格,連用形-一般,コージ,コウジ,混,講ずる,コウズル,12156
,I,ます,ます,マス,助動詞,助動詞-マス,終止形-一般,マス,マス,和,ます,マス,35697
,I,。,。,,補助記号-句点,,,,,記号,。,,25
,I,また,又,マタ,接続詞,,,マタ,マタ,和,また,マタ,35734
,I,、,、,,補助記号-読点,,,,,記号,、,,24
,I,確定,確定,カクテイ,名詞-普通名詞-サ変可能,,,カクテー,カクテイ,漢,確定,カクテイ,6206
,I,し,為る,スル,動詞-非自立可能,サ行変格,連用形-一般,シ,シ,和,する,スル,19537
,I,た,た,タ,助動詞,助動詞-タ,連体形-一般,タ,タ,和,た,タ,21642
,I,刑事,刑事,ケイジ,名詞-普通名詞-一般,,,ケージ,ケイジ,漢,刑事,ケイジ,10969
,I,裁判,裁判,サイバン,名詞-普通名詞-サ変可能,,,サイバン,サイバン,漢,裁判,サイバン,13810
,I,を,を,ヲ,助詞-格助詞,,,オ,ヲ,和,を,ヲ,41407
,I,やり直す,遣り直す,ヤリナオス,動詞-一般,五段-サ行,連体形-一般,ヤリナオス,ヤリナオス,和,やり直す,ヤリナオス,38538
,I,再審,再審,サイシン,名詞-普通名詞-サ変可能,,,サイシン,サイシン,漢,再審,サイシン,13734
,I,制度,制度,セイド,名詞-普通名詞-一般,,,セード,セイド,漢,制度,セイド,19939
,I,の,の,ノ,助詞-格助詞,,,ノ,ノ,和,の,ノ,28989
,I,見直し,見直し,ミナオシ,名詞-普通名詞-一般,,,ミナオシ,ミナオシ,和,見直し,ミナオシ,36681
,I,に,に,ニ,助詞-格助詞,,,ニ,ニ,和,に,ニ,28178
,I,つい,つく,ツク,動詞-一般,五段-カ行,連用形-イ音便,ツイ,ツイ,和,つく,ツク,24536
,I,て,て,テ,助詞-接続助詞,,,テ,テ,和,て,テ,24874
,I,検討,検討,ケントウ,名詞-普通名詞-サ変可能,,,ケントー,ケントウ,漢,検討,ケントウ,11403
,I,を,を,ヲ,助詞-格助詞,,,オ,ヲ,和,を,ヲ,41407
,I,進め,進める,ススメル,動詞-一般,下一段-マ行,連用形-一般,ススメ,ススメ,和,進める,ススメル,19189
,I,ます,ます,マス,助動詞,助動詞-マス,終止形-一般,マス,マス,和,ます,マス,35697
,I,。,。,,補助記号-句点,,,,,記号,。,,25
,B,　,　,,空白,,,,,記号,　,,23
,I,我々,我々-代名詞,ワレワレ,代名詞,,,ワレワレ,ワレワレ,和,我々,ワレワレ,41382
,I,が,が,ガ,助詞-格助詞,,,ガ,ガ,和,が,ガ,7889
,I,慣れ親しん,馴れ親しむ,ナレシタシム,動詞-一般,五段-マ行,連用形-撥音便,ナレシタシン,ナレシタシン,和,慣れ親しむ,ナレシタシム,28076
,I,だ,た,タ,助動詞,助動詞-タ,連体形-一般,ダ,ダ,和,だ,ダ,21642
,I,自由,自由,ジユウ,名詞-普通名詞-形状詞可能,,,ジユー,ジユウ,漢,自由,ジユウ,18456
,I,で,で,デ,助詞-格助詞,,,デ,デ,和,で,デ,25518
,I,開か,開く,ヒラク,動詞-一般,五段-カ行,未然形-一般,ヒラカ,ヒラカ,和,開く,ヒラク,31814
,I,れ,れる,レル,助動詞,助動詞-レル,連用形-一般,レ,レ,和,れる,レル,40741
,I,た,た,タ,助動詞,助動詞-タ,連体形-一般,タ,タ,和,た,タ,21642
,I,安定,安定,アンテイ,名詞-普通名詞-サ変形状詞可能,,,アンテー,アンテイ,漢,安定,アンテイ,1389
,I,的,的,テキ,接尾辞-形状詞的,,,テキ,テキ,漢,的,テキ,25076
,I,な,だ,ダ,助動詞,助動詞-ダ,連体形-一般,ナ,ナ,和,だ,ダ,22916
,I,国際,国際,コクサイ,名詞-普通名詞-一般,,,コクサイ,コクサイ,漢,国際,コクサイ,12524
,I,秩序,秩序,チツジョ,名詞-普通名詞-一般,,,チツジョ,チツジョ,漢,秩序,チツジョ,23576
,I,は,は,ハ,助詞-係助詞,,,ワ,ハ,和,は,ハ,29321
,I,、,、,,補助記号-読点,,,,,記号,、,,24
,I,パワー,パワー-power,パワー,名詞-普通名詞-一般,,,パワー,パワー,外,パワー,パワー,31044
,I,バランス,バランス-balance,バランス,名詞-普通名詞-サ変可能,,,バランス,バランス,外,バランス,バランス,30757
,I,の,の,ノ,助詞-格助詞,,,ノ,ノ,和,の,ノ,28989
,I,歴史,歴史,レキシ,名詞-普通名詞-一般,,,レキシ,レキシ,漢,歴史,レキシ,40653
,I,的,的,テキ,接尾辞-形状詞的,,,テキ,テキ,漢,的,テキ,25076
,I,変化,変化,ヘンカ,名詞-普通名詞-サ変可能,,,ヘンカ,ヘンカ,漢,変化,ヘンカ,34011
,I,と,と,ト,助詞-格助詞,,,ト,ト,和,と,ト,25826
,I,地政,地政,チセイ,名詞-普通名詞-一般,,,チセー,チセイ,漢,地政,チセイ,23542
,I,学,学,ガク,接尾辞-名詞的-一般,,,ガク,ガク,漢,学,ガク,7998
,I,的,的,テキ,接尾辞-形状詞的,,,テキ,テキ,漢,的,テキ,25076
,I,競争,競争,キョウソウ,名詞-普通名詞-サ変可能,,,キョーソー,キョウソウ,漢,競争,キョウソウ,9269
,I,の,の,ノ,助詞-格助詞,,,ノ,ノ,和,の,ノ,28989
,I,激化,激化,ゲキカ,名詞-普通名詞-サ変可能,,,ゲキカ,ゲキカ,漢,激化,ゲキカ,11502
,I,に,に,ニ,助詞-格助詞,,,ニ,ニ,和,に,ニ,28178
,I,伴い,伴う,トモナウ,動詞-一般,五段-ワア行,連用形-一般,トモナイ,トモナイ,和,伴う,トモナウ,26662
,I,、,、,,補助記号-読点,,,,,記号,、,,24
,I,大きく,大きい,オオキイ,形容詞-一般,形容詞,連用形-一般,オーキク,オオキク,和,大きい,オオキイ,4563
,I,揺らい,揺らぐ,ユラグ,動詞-一般,五段-ガ行,連用形-イ音便,ユライ,ユライ,和,揺らぐ,ユラグ,38915
,I,で,て,テ,助詞-接続助詞,,,デ,デ,和,で,デ,24874
,I,い,居る,イル,動詞-非自立可能,上一段-ア行,連用形-一般,イ,イ,和,いる,イル,2585
,I,ます,ます,マス,助動詞,助動詞-マス,終止形-一般,マス,マス,和,ます,マス,35697
,I,。,。,,補助記号-句点,,,,,記号,。,,25
,B,　,　,,空白,,,,,記号,　,,23
,I,同時,同時,ドウジ,名詞-普通名詞-一般,,,ドージ,ドウジ,漢,同時,ドウジ,27085
,I,に,に,ニ,助詞-格助詞,,,ニ,ニ,和,に,ニ,28178
,I,、,、,,補助記号-読点,,,,,記号,、,,24
,I,我が,我が,ワガ,連体詞,,,ワガ,ワガ,和,我が,ワガ,41188
,I,国,国,クニ,名詞-普通名詞-一般,,,クニ,クニ,和,国,クニ,10282
,I,周辺,周辺,シュウヘン,名詞-普通名詞-一般,,,シューヘン,シュウヘン,漢,周辺,シュウヘン,16201
,I,で,で,デ,助詞-格助詞,,,デ,デ,和,で,デ,25518
,I,は,は,ハ,助詞-係助詞,,,ワ,ハ,和,は,ハ,29321
,I,、,、,,補助記号-読点,,,,,記号,、,,24
,I,いずれ,何れ,イズレ,代名詞,,,イズレ,イズレ,和,いずれ,イズレ,1945
,I,も,も,モ,助詞-係助詞,,,モ,モ,和,も,モ,37562
,I,隣国,隣国,リンゴク,名詞-普通名詞-一般,,,リンゴク,リンゴク,漢,隣国,リンゴク,40392
,I,で,だ,ダ,助動詞,助動詞-ダ,連用形-一般,デ,デ,和,だ,ダ,22916
,I,ある,有る,アル,動詞-非自立可能,五段-ラ行,終止形-一般,アル,アル,和,ある,アル,1216
,I,、,、,,補助記号-読点,,,,,記号,、,,24
,I,中国,中国,チュウゴク,名詞-固有名詞-地名-国,,,チューゴク,チュウゴク,固,中国,チュウゴク,23798
,I,、,、,,補助記号-読点,,,,,記号,、,,24
,I,北朝鮮,北朝鮮,キタチョウセン,名詞-固有名詞-地名-国,,,キタチョーセン,キタチョウセン,固,北朝鮮,キタチョウセン,8626
,I,、,、,,補助記号-読点,,,,,記号,、,,24
,I,ロシア,ロシア-Rossiya,ロシア,名詞-固有名詞-地名-国,,,ロシア,ロシア,固,ロシア,ロシア,40961
,I,の,の,ノ,助詞-格助詞,,,ノ,ノ,和,の,ノ,28989
,I,軍事,軍事,グンジ,名詞-普通名詞-一般,,,グンジ,グンジ,漢,軍事,グンジ,10839
,I,的,的,テキ,接尾辞-形状詞的,,,テキ,テキ,漢,的,テキ,25076
,I,動向,動向,ドウコウ,名詞-普通名詞-一般,,,ドーコー,ドウコウ,漢,動向,ドウコウ,27040
,I,等,等,トウ,接尾辞-名詞的-一般,,,トー,トウ,漢,等,トウ,25875
,I,が,が,ガ,助詞-格助詞,,,ガ,ガ,和,が,ガ,7889
,I,深刻,深刻,シンコク,形状詞-一般,,,シンコク,シンコク,漢,深刻,シンコク,17330
,I,な,だ,ダ,助動詞,助動詞-ダ,連体形-一般,ナ,ナ,和,だ,ダ,22916
,I,懸念,懸念,ケネン,名詞-普通名詞-サ変可能,,,ケネン,ケネン,漢,懸念,ケネン,11208
,I,と,と,ト,助詞-格助詞,,,ト,ト,和,と,ト,25826
,I,なっ,成る,ナル,動詞-非自立可能,五段-ラ行,連用形-促音便,ナッ,ナッ,和,なる,ナル,28061
,I,て,て,テ,助詞-接続助詞,,,テ,テ,和,て,テ,24874
,I,い,居る,イル,動詞-非自立可能,上一段-ア行,連用形-一般,イ,イ,和,いる,イル,2585
,I,ます,ます,マス,助動詞,助動詞-マス,終止形-一般,マス,マス,和,ます,マス,35697
,I,。,。,,補助記号-句点,,,,,記号,。,,25
,B,　,　,,空白,,,,,記号,　,,23
,I,こう,こう,コウ,副詞,,,コー,コウ,和,こう,コウ,11822
,I,し,為る,スル,動詞-非自立可能,サ行変格,連用形-一般,シ,シ,和,する,スル,19537
,I,た,た,タ,助動詞,助動詞-タ,連体形-一般,タ,タ,和,た,タ,21642
,I,国際,国際,コクサイ,名詞-普通名詞-一般,,,コクサイ,コクサイ,漢,国際,コクサイ,12524
,I,情勢,情勢,ジョウセイ,名詞-普通名詞-一般,,,ジョーセー,ジョウセイ,漢,情勢,ジョウセイ,18561
,I,の,の,ノ,助詞-格助詞,,,ノ,ノ,和,の,ノ,28989
,I,下,下,モト,名詞-普通名詞-副詞可能,,,モト,モト,和,下,モト,37818
,I,、,、,,補助記号-読点,,,,,記号,、,,24
,I,世界,世界,セカイ,名詞-普通名詞-一般,,,セカイ,セカイ,漢,世界,セカイ,20054
,I,の,の,ノ,助詞-格助詞,,,ノ,ノ,和,の,ノ,28989
,I,真ん中,真ん中,マンナカ,名詞-普通名詞-一般,,,マンナカ,マンナカ,和,真ん中,マンナカ,36174
,I,で,で,デ,助詞-格助詞,,,デ,デ,和,で,デ,25518
,I,咲き誇る,咲き誇る,サキホコル,動詞-一般,五段-ラ行,連体形-一般,サキホコル,サキホコル,和,咲き誇る,サキホコル,53554
,I,日本,日本,ニッポン,名詞-固有名詞-地名-国,,,ニッポン,ニッポン,固,日本,ニッポン,28455
,I,外交,外交,ガイコウ,名詞-普通名詞-一般,,,ガイコー,ガイコウ,漢,外交,ガイコウ,7918
,I,を,を,ヲ,助詞-格助詞,,,オ,ヲ,和,を,ヲ,41407
,I,取り戻し,取り戻す,トリモドス,動詞-一般,五段-サ行,連用形-一般,トリモドシ,トリモドシ,和,取り戻す,トリモドス,26842
,I,ます,ます,マス,助動詞,助動詞-マス,終止形-一般,マス,マス,和,ます,マス,35697
,I,。,。,,補助記号-句点,,,,,記号,。,,25
,B,　,　,,空白,,,,,記号,　,,23
,I,日米,日米,ニチベイ,名詞-普通名詞-一般,,,ニチベー,ニチベイ,漢,日米,ニチベイ,28400
,I,同盟,同盟,ドウメイ,名詞-普通名詞-サ変可能,,,ドーメー,ドウメイ,漢,同盟,ドウメイ,27163
,I,は,は,ハ,助詞-係助詞,,,ワ,ハ,和,は,ハ,29321
,I,日本,日本,ニッポン,名詞-固有名詞-地名-国,,,ニッポン,ニッポン,固,日本,ニッポン,28455
,I,の,の,ノ,助詞-格助詞,,,ノ,ノ,和,の,ノ,28989
,I,外交,外交,ガイコウ,名詞-普通名詞-一般,,,ガイコー,ガイコウ,漢,外交,ガイコウ,7918
,I,・,・,,補助記号-一般,,,,・,記号,・,,44
,I,安全,安全,アンゼン,名詞-普通名詞-形状詞可能,,,アンゼン,アンゼン,漢,安全,アンゼン,1366
,I,保障,保障,ホショウ,名詞-普通名詞-サ変可能,,,ホショー,ホショウ,漢,保障,ホショウ,34679
,I,政策,政策,セイサク,名詞-普通名詞-一般,,,セーサク,セイサク,漢,政策,セイサク,19796
,I,の,の,ノ,助詞-格助詞,,,ノ,ノ,和,の,ノ,28989
,I,基軸,基軸,キジク,名詞-普通名詞-一般,,,キジク,キジク,漢,基軸,キジク,8518
,I,です,です,デス,助動詞,助動詞-デス,終止形-一般,デス,デス,和,です,デス,25653
,I,。,。,,補助記号-句点,,,,,記号,。,,25
,I,日米,日米,ニチベイ,名詞-普通名詞-一般,,,ニチベー,ニチベイ,漢,日米,ニチベイ,28400
,I,両国,両国,リョウコク,名詞-普通名詞-一般,,,リョーコク,リョウコク,漢,両国,リョウコク,40237
,I,が,が,ガ,助詞-格助詞,,,ガ,ガ,和,が,ガ,7889
,I,直面,直面,チョクメン,名詞-普通名詞-サ変可能,,,チョクメン,チョクメン,漢,直面,チョクメン,24168
,I,する,為る,スル,動詞-非自立可能,サ行変格,連体形-一般,スル,スル,和,する,スル,19537
,I,課題,課題,カダイ,名詞-普通名詞-一般,,,カダイ,カダイ,漢,課題,カダイ,6696
,I,に,に,ニ,助詞-格助詞,,,ニ,ニ,和,に,ニ,28178
,I,対し,対する,タイスル,動詞-一般,サ行変格,連用形-一般,タイシ,タイシ,混,対する,タイスル,21823
,I,、,、,,補助記号-読点,,,,,記号,、,,24
,I,しっかり,確り,シッカリ,副詞,,,シッカリ,シッカリ,和,しっかり,シッカリ,15478
,I,と,と,ト,助詞-格助詞,,,ト,ト,和,と,ト,25826
,I,連携,連携,レンケイ,名詞-普通名詞-サ変可能,,,レンケー,レンケイ,漢,連携,レンケイ,40759
,I,し,為る,スル,動詞-非自立可能,サ行変格,連用形-一般,シ,シ,和,する,スル,19537
,I,、,、,,補助記号-読点,,,,,記号,、,,24
,I,日米,日米,ニチベイ,名詞-普通名詞-一般,,,ニチベー,ニチベイ,漢,日米,ニチベイ,28400
,I,同盟,同盟,ドウメイ,名詞-普通名詞-サ変可能,,,ドーメー,ドウメイ,漢,同盟,ドウメイ,27163
,I,の,の,ノ,助詞-格助詞,,,ノ,ノ,和,の,ノ,28989
,I,抑止,抑止,ヨクシ,名詞-普通名詞-サ変可能,,,ヨクシ,ヨクシ,漢,抑止,ヨクシ,39187
,I,力,力,リョク,接尾辞-名詞的-一般,,,リョク,リョク,漢,力,リョク,40327
,I,・,・,,補助記号-一般,,,,・,記号,・,,44
,I,対処,対処,タイショ,名詞-普通名詞-サ変可能,,,タイショ,タイショ,漢,対処,タイショ,21788
,I,力,力,リョク,接尾辞-名詞的-一般,,,リョク,リョク,漢,力,リョク,40327
,I,を,を,ヲ,助詞-格助詞,,,オ,ヲ,和,を,ヲ,41407
,I,高め,高める,タカメル,動詞-一般,下一段-マ行,連用形-一般,タカメ,タカメ,和,高める,タカメル,22087
,I,て,て,テ,助詞-接続助詞,,,テ,テ,和,て,テ,24874
,I,いき,行く,イク,動詞-非自立可能,五段-カ行,連用形-一般,イキ,イキ,和,いく,イク,1713
,I,ます,ます,マス,助動詞,助動詞-マス,終止形-一般,マス,マス,和,ます,マス,35697
,I,。,。,,補助記号-句点,,,,,記号,。,,25
,I,私,私-代名詞,ワタクシ,代名詞,,,ワタクシ,ワタクシ,和,私,ワタクシ,41274
,I,自身,自身,ジシン,名詞-普通名詞-副詞可能,,,ジシン,ジシン,漢,自身,ジシン,17859
,I,、,、,,補助記号-読点,,,,,記号,、,,24
,I,トランプ,トランプ-trump,トランプ,名詞-普通名詞-一般,,,トランプ,トランプ,外,トランプ,トランプ,26748
,I,大統領,大統領,ダイトウリョウ,名詞-普通名詞-一般,,,ダイトーリョー,ダイトウリョウ,漢,大統領,ダイトウリョウ,23043
,I,が,が,ガ,助詞-格助詞,,,ガ,ガ,和,が,ガ,7889
,I,訪日,訪日,ホウニチ,名詞-普通名詞-サ変可能,,,ホーニチ,ホウニチ,漢,訪日,ホウニチ,34539
,I,さ,為る,スル,動詞-非自立可能,サ行変格,未然形-サ,サ,サ,和,する,スル,19537
,I,れる,れる,レル,助動詞,助動詞-レル,連体形-一般,レル,レル,和,れる,レル,40741
,I,機会,機会,キカイ,名詞-普通名詞-一般,,,キカイ,キカイ,漢,機会,キカイ,8315
,I,に,に,ニ,助詞-格助詞,,,ニ,ニ,和,に,ニ,28178
,I,お,御,オ,接頭辞,,,オ,オ,和,お,オ,4350
,I,会い,会う,アウ,動詞-一般,五段-ワア行,連用形-一般,アイ,アイ,和,会う,アウ,241
,I,し,し,シ,助詞-接続助詞,,,シ,シ,和,し,シ,14923
,I,、,、,,補助記号-読点,,,,,記号,、,,24
,I,首脳,首脳,シュノウ,名詞-普通名詞-一般,,,シュノー,シュノウ,漢,首脳,シュノウ,16425
,I,同士,同士,ドウシ,接尾辞-名詞的-一般,,,ドーシ,ドウシ,漢,同士,ドウシ,27060
,I,の,の,ノ,助詞-格助詞,,,ノ,ノ,和,の,ノ,28989
,I,信頼,信頼,シンライ,名詞-普通名詞-サ変可能,,,シンライ,シンライ,漢,信頼,シンライ,17578
,I,関係,関係,カンケイ,名詞-普通名詞-サ変可能,,,カンケー,カンケイ,漢,関係,カンケイ,7546
,I,を,を,ヲ,助詞-格助詞,,,オ,ヲ,和,を,ヲ,41407
,I,構築,構築,コウチク,名詞-普通名詞-サ変可能,,,コーチク,コウチク,漢,構築,コウチク,12228
,I,し,為る,スル,動詞-非自立可能,サ行変格,連用形-一般,シ,シ,和,する,スル,19537
,I,つつ,つつ,ツツ,助詞-接続助詞,,,ツツ,ツツ,和,つつ,ツツ,24632
,I,、,、,,補助記号-読点,,,,,記号,、,,24
,I,日米,日米,ニチベイ,名詞-普通名詞-一般,,,ニチベー,ニチベイ,漢,日米,ニチベイ,28400
,I,関係,関係,カンケイ,名詞-普通名詞-サ変可能,,,カンケー,カンケイ,漢,関係,カンケイ,7546
,I,を,を,ヲ,助詞-格助詞,,,オ,ヲ,和,を,ヲ,41407
,I,更なる,更なる,サラナル,連体詞,,,サラナル,サラナル,和,更なる,サラナル,14447
,I,高み,高み,タカミ,名詞-普通名詞-一般,,,タカミ,タカミ,和,高み,タカミ,22078
,I,に,に,ニ,助詞-格助詞,,,ニ,ニ,和,に,ニ,28178
,I,引き上げ,引き上げる,ヒキアゲル,動詞-一般,下一段-ガ行,連用形-一般,ヒキアゲ,ヒキアゲ,和,引き上げる,ヒキアゲル,31209
,I,て,て,テ,助詞-接続助詞,,,テ,テ,和,て,テ,24874
,I,まいり,参る,マイル,動詞-非自立可能,五段-ラ行,連用形-一般,マイリ,マイリ,和,まいる,マイル,35450
,I,ます,ます,マス,助動詞,助動詞-マス,終止形-一般,マス,マス,和,ます,マス,35697
,I,。,。,,補助記号-句点,,,,,記号,。,,25
,B,　,　,,空白,,,,,記号,　,,23
,I,また,又,マタ,接続詞,,,マタ,マタ,和,また,マタ,35734
,I,、,、,,補助記号-読点,,,,,記号,、,,24
,I,日米,日米,ニチベイ,名詞-普通名詞-一般,,,ニチベー,ニチベイ,漢,日米,ニチベイ,28400
,I,同盟,同盟,ドウメイ,名詞-普通名詞-サ変可能,,,ドーメー,ドウメイ,漢,同盟,ドウメイ,27163
,I,を,を,ヲ,助詞-格助詞,,,オ,ヲ,和,を,ヲ,41407
,I,基軸,基軸,キジク,名詞-普通名詞-一般,,,キジク,キジク,漢,基軸,キジク,8518
,I,と,と,ト,助詞-格助詞,,,ト,ト,和,と,ト,25826
,I,し,為る,スル,動詞-非自立可能,サ行変格,連用形-一般,シ,シ,和,する,スル,19537
,I,、,、,,補助記号-読点,,,,,記号,、,,24
,I,日米,日米,ニチベイ,名詞-普通名詞-一般,,,ニチベー,ニチベイ,漢,日米,ニチベイ,28400
,I,韓,韓,カン,名詞-普通名詞-一般,,,カン,カン,漢,韓,カン,7479
,I,、,、,,補助記号-読点,,,,,記号,、,,24
,I,日米,日米,ニチベイ,名詞-普通名詞-一般,,,ニチベー,ニチベイ,漢,日米,ニチベイ,28400
,I,フィリピン,フィリピン-Philippines,フィリピン,名詞-固有名詞-地名-国,,,フィリピン,フィリピン,固,フィリピン,フィリピン,32374
,I,、,、,,補助記号-読点,,,,,記号,、,,24
,I,日米,日米,ニチベイ,名詞-普通名詞-一般,,,ニチベー,ニチベイ,漢,日米,ニチベイ,28400
,I,豪,豪,ゴウ,名詞-普通名詞-一般,,,ゴー,ゴウ,漢,豪,ゴウ,13346
,I,印,印,イン,名詞-普通名詞-一般,,,イン,イン,漢,印,イン,2701
,I,等,等,トウ,接尾辞-名詞的-一般,,,トー,トウ,漢,等,トウ,25875
,I,の,の,ノ,助詞-格助詞,,,ノ,ノ,和,の,ノ,28989
,I,多角,多角,タカク,名詞-普通名詞-一般,,,タカク,タカク,漢,多角,タカク,22013
,I,的,的,テキ,接尾辞-形状詞的,,,テキ,テキ,漢,的,テキ,25076
,I,な,だ,ダ,助動詞,助動詞-ダ,連体形-一般,ナ,ナ,和,だ,ダ,22916
,I,安全,安全,アンゼン,名詞-普通名詞-形状詞可能,,,アンゼン,アンゼン,漢,安全,アンゼン,1366
,I,保障,保障,ホショウ,名詞-普通名詞-サ変可能,,,ホショー,ホショウ,漢,保障,ホショウ,34679
,I,協議,協議,キョウギ,名詞-普通名詞-サ変可能,,,キョーギ,キョウギ,漢,協議,キョウギ,9189
,I,も,も,モ,助詞-係助詞,,,モ,モ,和,も,モ,37562
,I,深め,深める,フカメル,動詞-一般,下一段-マ行,連用形-一般,フカメ,フカメ,和,深める,フカメル,32548
,I,て,て,テ,助詞-接続助詞,,,テ,テ,和,て,テ,24874
,I,まいり,参る,マイル,動詞-非自立可能,五段-ラ行,連用形-一般,マイリ,マイリ,和,まいる,マイル,35450
,I,ます,ます,マス,助動詞,助動詞-マス,終止形-一般,マス,マス,和,ます,マス,35697
,I,。,。,,補助記号-句点,,,,,記号,。,,25
,B,　,　,,空白,,,,,記号,　,,23
,I,在日,在日,ザイニチ,名詞-普通名詞-サ変可能,,,ザイニチ,ザイニチ,漢,在日,ザイニチ,14800
,I,米軍,米軍,ベイグン,名詞-普通名詞-一般,,,ベーグン,ベイグン,漢,米軍,ベイグン,34110
,I,の,の,ノ,助詞-格助詞,,,ノ,ノ,和,の,ノ,28989
,I,円滑,円滑,エンカツ,形状詞-一般,,,エンカツ,エンカツ,漢,円滑,エンカツ,4171
,I,な,だ,ダ,助動詞,助動詞-ダ,連体形-一般,ナ,ナ,和,だ,ダ,22916
,I,駐留,駐留,チュウリュウ,名詞-普通名詞-サ変可能,,,チューリュー,チュウリュウ,漢,駐留,チュウリュウ,23904
,I,の,の,ノ,助詞-格助詞,,,ノ,ノ,和,の,ノ,28989
,I,ため,為,タメ,名詞-普通名詞-副詞可能,,,タメ,タメ,和,ため,タメ,22686
,I,に,に,ニ,助詞-格助詞,,,ニ,ニ,和,に,ニ,28178
,I,は,は,ハ,助詞-係助詞,,,ワ,ハ,和,は,ハ,29321
,I,、,、,,補助記号-読点,,,,,記号,、,,24
,I,地元,地元,ジモト,名詞-普通名詞-一般,,,ジモト,ジモト,混,地元,ジモト,18065
,I,を,を,ヲ,助詞-格助詞,,,オ,ヲ,和,を,ヲ,41407
,I,含む,含む,フクム,動詞-一般,五段-マ行,連体形-一般,フクム,フクム,和,含む,フクム,32685
,I,国民,国民,コクミン,名詞-普通名詞-一般,,,コクミン,コクミン,漢,国民,コクミン,12579
,I,の,の,ノ,助詞-格助詞,,,ノ,ノ,和,の,ノ,28989
,I,皆,皆,ミナ,名詞-普通名詞-副詞可能,,,ミナ,ミナ,和,皆,ミナ,36678
,I,様,様,サマ,接尾辞-名詞的-一般,,,サマ,サマ,和,様,サマ,14374
,I,の,の,ノ,助詞-格助詞,,,ノ,ノ,和,の,ノ,28989
,I,御,御,ゴ,接頭辞,,,ゴ,ゴ,漢,御,ゴ,13332
,I,理解,理解,リカイ,名詞-普通名詞-サ変可能,,,リカイ,リカイ,漢,理解,リカイ,39891
,I,と,と,ト,助詞-格助詞,,,ト,ト,和,と,ト,25826
,I,御,御,ゴ,接頭辞,,,ゴ,ゴ,漢,御,ゴ,13332
,I,協力,協力,キョウリョク,名詞-普通名詞-サ変可能,,,キョーリョク,キョウリョク,漢,協力,キョウリョク,9346
,I,を,を,ヲ,助詞-格助詞,,,オ,ヲ,和,を,ヲ,41407
,I,得る,得る,エル,動詞-非自立可能,下一段-ア行,連体形-一般,エル,エル,和,得る,エル,4108
,I,こと,事,コト,名詞-普通名詞-一般,,,コト,コト,和,こと,コト,12836
,I,が,が,ガ,助詞-格助詞,,,ガ,ガ,和,が,ガ,7889
,I,不可欠,不可欠,フカケツ,形状詞-一般,,,フカケツ,フカケツ,漢,不可欠,フカケツ,32527
,I,です,です,デス,助動詞,助動詞-デス,終止形-一般,デス,デス,和,です,デス,25653
,I,。,。,,補助記号-句点,,,,,記号,。,,25
,I,沖縄,オキナワ,オキナワ,名詞-固有名詞-地名-一般,,,オキナワ,オキナワ,固,沖縄,オキナワ,4790
,I,県,県,ケン,名詞-普通名詞-一般,,,ケン,ケン,漢,県,ケン,11256
,I,を,を,ヲ,助詞-格助詞,,,オ,ヲ,和,を,ヲ,41407
,I,含む,含む,フクム,動詞-一般,五段-マ行,連体形-一般,フクム,フクム,和,含む,フクム,32685
,I,基地,基地,キチ,名詞-普通名詞-一般,,,キチ,キチ,漢,基地,キチ,8646
,I,負担,負担,フタン,名詞-普通名詞-サ変可能,,,フタン,フタン,漢,負担,フタン,32875
,I,軽減,軽減,ケイゲン,名詞-普通名詞-サ変可能,,,ケーゲン,ケイゲン,漢,軽減,ケイゲン,10926
,I,に,に,ニ,助詞-格助詞,,,ニ,ニ,和,に,ニ,28178
,I,引き続き,引き続く,ヒキツヅク,動詞-一般,五段-カ行,連用形-一般,ヒキツズキ,ヒキツヅキ,和,引き続く,ヒキツヅク,31241
,I,取,取り,トリ,接尾辞-名詞的-一般,,,ドリ,ドリ,和,取,トリ,59917
,I,組ます,組ます,クマス,動詞-一般,五段-サ行,終止形-一般,クマス,クマス,和,組ます,クマス,177477
,I,。,。,,補助記号-句点,,,,,記号,。,,25
,I,普天間,フテンマ,フテンマ,名詞-固有名詞-地名-一般,,,フテンマ,フテンマ,固,普天間,フテンマ,120269
,I,飛行,飛行,ヒコウ,名詞-普通名詞-サ変可能,,,ヒコー,ヒコウ,漢,飛行,ヒコウ,31294
,I,場,場,ジョウ,接尾辞-名詞的-一般,,,ジョー,ジョウ,漢,場,ジョウ,18473
,I,の,の,ノ,助詞-格助詞,,,ノ,ノ,和,の,ノ,28989
,I,一日,一日,ツイタチ,名詞-普通名詞-副詞可能,,,ツイタチ,ツイタチ,和,一日,ツイタチ,24352
,I,も,も,モ,助詞-係助詞,,,モ,モ,和,も,モ,37562
,I,早い,早い,ハヤイ,形容詞-一般,形容詞,連体形-一般,ハヤイ,ハヤイ,和,早い,ハヤイ,30135
,I,全面,全面,ゼンメン,名詞-普通名詞-一般,,,ゼンメン,ゼンメン,漢,全面,ゼンメン,20894
,I,返還,返還,ヘンカン,名詞-普通名詞-サ変可能,,,ヘンカン,ヘンカン,漢,返還,ヘンカン,34015
,I,を,を,ヲ,助詞-格助詞,,,オ,ヲ,和,を,ヲ,41407
,I,目指し,目指す,メザス,動詞-一般,五段-サ行,連用形-一般,メザシ,メザシ,和,目指す,メザス,37392
,I,、,、,,補助記号-読点,,,,,記号,、,,24
,I,辺野古,ヘノコ,ヘノコ,名詞-固有名詞-地名-一般,,,ヘノコ,ヘノコ,固,辺野古,ヘノコ,104220
,I,へ,へ,ヘ,助詞-格助詞,,,エ,ヘ,和,へ,ヘ,33819
,I,の,の,ノ,助詞-格助詞,,,ノ,ノ,和,の,ノ,28989
,I,移設,移設,イセツ,名詞-普通名詞-サ変可能,,,イセツ,イセツ,漢,移設,イセツ,1962
,I,工事,工事,コウジ,名詞-普通名詞-サ変可能,,,コージ,コウジ,漢,工事,コウジ,12128
,I,を,を,ヲ,助詞-格助詞,,,オ,ヲ,和,を,ヲ,41407
,I,進め,進める,ススメル,動詞-一般,下一段-マ行,連用形-一般,ススメ,ススメ,和,進める,ススメル,19189
,I,ます,ます,マス,助動詞,助動詞-マス,終止形-一般,マス,マス,和,ます,マス,35697
,I,。,。,,補助記号-句点,,,,,記号,。,,25
,I,また,又,マタ,接続詞,,,マタ,マタ,和,また,マタ,35734
,I,、,、,,補助記号-読点,,,,,記号,、,,24
,I,強い,強い,ツヨイ,形容詞-一般,形容詞,連体形-一般,ツヨイ,ツヨイ,和,強い,ツヨイ,24791
,I,沖縄,オキナワ,オキナワ,名詞-固有名詞-地名-一般,,,オキナワ,オキナワ,固,沖縄,オキナワ,4790
,I,経済,経済,ケイザイ,名詞-普通名詞-一般,,,ケーザイ,ケイザイ,漢,経済,ケイザイ,10945
,I,を,を,ヲ,助詞-格助詞,,,オ,ヲ,和,を,ヲ,41407
,I,作り,作る,ツクル,動詞-一般,五段-ラ行,連用形-一般,ツクリ,ツクリ,和,作る,ツクル,24562
,I,ます,ます,マス,助動詞,助動詞-マス,終止形-一般,マス,マス,和,ます,マス,35697
,I,。,。,,補助記号-句点,,,,,記号,。,,25
,B,　,　,,空白,,,,,記号,　,,23
,I,「,「,,補助記号-括弧開,,,,,記号,「,,33
,I,自由,自由,ジユウ,名詞-普通名詞-形状詞可能,,,ジユー,ジユウ,漢,自由,ジユウ,18456
,I,で,で,デ,助詞-格助詞,,,デ,デ,和,で,デ,25518
,I,開か,開く,ヒラク,動詞-一般,五段-カ行,未然形-一般,ヒラカ,ヒラカ,和,開く,ヒラク,31814
,I,れ,れる,レル,助動詞,助動詞-レル,連用形-一般,レ,レ,和,れる,レル,40741
,I,た,た,タ,助動詞,助動詞-タ,連体形-一般,タ,タ,和,た,タ,21642
,I,インド,インド-India,インド,名詞-固有名詞-地名-国,,,インド,インド,固,インド,インド,2822
,I,太平,タイヘイ-外国,タイヘイ,名詞-固有名詞-地名-一般,,,タイヘー,タイヘイ,固,太平,タイヘイ,21909
,I,洋,洋,ヨウ,接尾辞-名詞的-一般,,,ヨー,ヨウ,漢,洋,ヨウ,39004
,I,」,」,,補助記号-括弧閉,,,,,記号,」,,34
,I,を,を,ヲ,助詞-格助詞,,,オ,ヲ,和,を,ヲ,41407
,I,、,、,,補助記号-読点,,,,,記号,、,,24
,I,外交,外交,ガイコウ,名詞-普通名詞-一般,,,ガイコー,ガイコウ,漢,外交,ガイコウ,7918
,I,の,の,ノ,助詞-格助詞,,,ノ,ノ,和,の,ノ,28989
,I,柱,柱,ハシラ,名詞-普通名詞-一般,,,ハシラ,ハシラ,和,柱,ハシラ,205450
,I,と,と,ト,助詞-格助詞,,,ト,ト,和,と,ト,25826
,I,し,為る,スル,動詞-非自立可能,サ行変格,連用形-一般,シ,シ,和,する,スル,19537
,I,て,て,テ,助詞-接続助詞,,,テ,テ,和,て,テ,24874
,I,引き続き,引き続く,ヒキツヅク,動詞-一般,五段-カ行,連用形-一般,ヒキツズキ,ヒキツヅキ,和,引き続く,ヒキツヅク,31241
,I,力強く,力強い,チカラヅヨイ,形容詞-一般,形容詞,連用形-一般,チカラズヨク,チカラヅヨク,和,力強い,チカラヅヨイ,23445
,I,推進,推進,スイシン,名詞-普通名詞-サ変可能,,,スイシン,スイシン,漢,推進,スイシン,18917
,I,し,為る,スル,動詞-非自立可能,サ行変格,連用形-一般,シ,シ,和,する,スル,19537
,I,、,、,,補助記号-読点,,,,,記号,、,,24
,I,時代,時代,ジダイ,名詞-普通名詞-一般,,,ジダイ,ジダイ,漢,時代,ジダイ,17915
,I,に,に,ニ,助詞-格助詞,,,ニ,ニ,和,に,ニ,28178
,I,合わせ,合わせる,アワセル,動詞-一般,下一段-サ行,連用形-一般,アワセ,アワセ,和,合わせる,アワセル,1303
,I,て,て,テ,助詞-接続助詞,,,テ,テ,和,て,テ,24874
,I,進化,進化,シンカ,名詞-普通名詞-サ変可能,,,シンカ,シンカ,漢,進化,シンカ,17259
,I,さ,為る,スル,動詞-非自立可能,サ行変格,未然形-サ,サ,サ,和,する,スル,19537
,I,せ,せる,セル,助動詞,下一段-サ行,連用形-一般,セ,セ,和,せる,セル,20355
,I,て,て,テ,助詞-接続助詞,,,テ,テ,和,て,テ,24874
,I,いく,行く,イク,動詞-非自立可能,五段-カ行,終止形-一般,イク,イク,和,いく,イク,1713
,I,と,と,ト,助詞-格助詞,,,ト,ト,和,と,ト,25826
,I,とも,共,トモ,名詞-普通名詞-一般,,,トモ,トモ,和,とも,トモ,26643
,I,に,に,ニ,助詞-格助詞,,,ニ,ニ,和,に,ニ,28178
,I,、,、,,補助記号-読点,,,,,記号,、,,24
,I,その,其の,ソノ,連体詞,,,ソノ,ソノ,和,その,ソノ,21394
,I,ビジョン,ビジョン-vision,ビジョン,名詞-普通名詞-一般,,,ビジョン,ビジョン,外,ビジョン,ビジョン,32021
,I,の,の,ノ,助詞-格助詞,,,ノ,ノ,和,の,ノ,28989
,I,下,下,モト,名詞-普通名詞-副詞可能,,,モト,モト,和,下,モト,37818
,I,で,で,デ,助詞-格助詞,,,デ,デ,和,で,デ,25518
,I,、,、,,補助記号-読点,,,,,記号,、,,24
,I,基本,基本,キホン,名詞-普通名詞-一般,,,キホン,キホン,漢,基本,キホン,8809
,I,的,的,テキ,接尾辞-形状詞的,,,テキ,テキ,漢,的,テキ,25076
,I,価値,価値,カチ,名詞-普通名詞-一般,,,カチ,カチ,漢,価値,カチ,6699
,I,を,を,ヲ,助詞-格助詞,,,オ,ヲ,和,を,ヲ,41407
,I,共有,共有,キョウユウ,名詞-普通名詞-サ変可能,,,キョーユー,キョウユウ,漢,共有,キョウユウ,9332
,I,する,為る,スル,動詞-非自立可能,サ行変格,連体形-一般,スル,スル,和,する,スル,19537
,I,同志,同志,ドウシ,名詞-普通名詞-一般,,,ドーシ,ドウシ,漢,同志,ドウシ,27062
,I,国,国,コク,接尾辞-名詞的-一般,,,コク,コク,漢,国,コク,12504
,I,や,や,ヤ,助詞-副助詞,,,ヤ,ヤ,和,や,ヤ,38083
,I,グローバル,グローバル-global,グローバル,形状詞-一般,,,グローバル,グローバル,外,グローバル,グローバル,10825
,I,サウス,サウス-south,サウス,名詞-普通名詞-一般,,,サウス,サウス,外,サウス,サウス,13852
,I,諸国,諸国,ショコク,名詞-普通名詞-一般,,,ショコク,ショコク,漢,諸国,ショコク,16976
,I,と,と,ト,助詞-格助詞,,,ト,ト,和,と,ト,25826
,I,の,の,ノ,助詞-格助詞,,,ノ,ノ,和,の,ノ,28989
,I,連携,連携,レンケイ,名詞-普通名詞-サ変可能,,,レンケー,レンケイ,漢,連携,レンケイ,40759
,I,強化,強化,キョウカ,名詞-普通名詞-サ変可能,,,キョーカ,キョウカ,漢,強化,キョウカ,9167
,I,に,に,ニ,助詞-格助詞,,,ニ,ニ,和,に,ニ,28178
,I,取組,取り組み,トリクミ,名詞-普通名詞-一般,,,トリクミ,トリクミ,和,取組,トリクミ,26779
,I,ます,ます,マス,助動詞,助動詞-マス,終止形-一般,マス,マス,和,ます,マス,35697
,I,。,。,,補助記号-句点,,,,,記号,。,,25
,B,　,　,,空白,,,,,記号,　,,23
,I,いわゆる,所謂,イワユル,連体詞,,,イワユル,イワユル,和,いわゆる,イワユル,2694
,I,ＣＰＴ,ＣＰＴ,シーピーティー,名詞-普通名詞-一般,,,シーピーティー,シーピーティー,記号,ＣＰＴ,シーピーティー,92901
,I,ＰＰ,ＰＰ,ピーピー,名詞-普通名詞-一般,,,ピーピー,ピーピー,記号,ＰＰ,ピーピー,32282
,I,に,に,ニ,助詞-格助詞,,,ニ,ニ,和,に,ニ,28178
,I,つい,つく,ツク,動詞-一般,五段-カ行,連用形-イ音便,ツイ,ツイ,和,つく,ツク,24536
,I,て,て,テ,助詞-接続助詞,,,テ,テ,和,て,テ,24874
,I,、,、,,補助記号-読点,,,,,記号,、,,24
,I,戦略,戦略,センリャク,名詞-普通名詞-一般,,,センリャク,センリャク,漢,戦略,センリャク,20666
,I,的,的,テキ,接尾辞-形状詞的,,,テキ,テキ,漢,的,テキ,25076
,I,観点,観点,カンテン,名詞-普通名詞-一般,,,カンテン,カンテン,漢,観点,カンテン,7733
,I,から,から,カラ,助詞-格助詞,,,カラ,カラ,和,から,カラ,7219
,I,、,、,,補助記号-読点,,,,,記号,、,,24
,I,締約,締約,テイヤク,名詞-普通名詞-サ変可能,,,テーヤク,テイヤク,漢,締約,テイヤク,25048
,I,国,国,コク,接尾辞-名詞的-一般,,,コク,コク,漢,国,コク,12504
,I,の,の,ノ,助詞-格助詞,,,ノ,ノ,和,の,ノ,28989
,I,拡大,拡大,カクダイ,名詞-普通名詞-サ変可能,,,カクダイ,カクダイ,漢,拡大,カクダイ,6199
,I,に,に,ニ,助詞-格助詞,,,ニ,ニ,和,に,ニ,28178
,I,努め,努める,ツトメル,動詞-一般,下一段-マ行,連用形-一般,ツトメ,ツトメ,和,努める,ツトメル,24661
,I,ます,ます,マス,助動詞,助動詞-マス,終止形-一般,マス,マス,和,ます,マス,35697
,I,。,。,,補助記号-句点,,,,,記号,。,,25
,B,　,　,,空白,,,,,記号,　,,23
,I,重要,重要,ジュウヨウ,形状詞-一般,,,ジューヨー,ジュウヨウ,漢,重要,ジュウヨウ,18245
,I,な,だ,ダ,助動詞,助動詞-ダ,連体形-一般,ナ,ナ,和,だ,ダ,22916
,I,隣国,隣国,リンゴク,名詞-普通名詞-一般,,,リンゴク,リンゴク,漢,隣国,リンゴク,40392
,I,で,だ,ダ,助動詞,助動詞-ダ,連用形-一般,デ,デ,和,だ,ダ,22916
,I,ある,有る,アル,動詞-非自立可能,五段-ラ行,連体形-一般,アル,アル,和,ある,アル,1216
,I,韓国,韓国,カンコク,名詞-固有名詞-地名-国,,,カンコク,カンコク,固,韓国,カンコク,7581
,I,と,と,ト,助詞-格助詞,,,ト,ト,和,と,ト,25826
,I,は,は,ハ,助詞-係助詞,,,ワ,ハ,和,は,ハ,29321
,I,、,、,,補助記号-読点,,,,,記号,、,,24
,I,首脳,首脳,シュノウ,名詞-普通名詞-一般,,,シュノー,シュノウ,漢,首脳,シュノウ,16425
,I,間,間,カン,接尾辞-名詞的-副詞可能,,,カン,カン,漢,間,カン,7477
,I,の,の,ノ,助詞-格助詞,,,ノ,ノ,和,の,ノ,28989
,I,対話,対話,タイワ,名詞-普通名詞-サ変可能,,,タイワ,タイワ,漢,対話,タイワ,21966
,I,を,を,ヲ,助詞-格助詞,,,オ,ヲ,和,を,ヲ,41407
,I,通じ,通ずる,ツウズル,動詞-一般,サ行変格,連用形-一般,ツージ,ツウジ,混,通ずる,ツウズル,24416
,I,、,、,,補助記号-読点,,,,,記号,、,,24
,I,関係,関係,カンケイ,名詞-普通名詞-サ変可能,,,カンケー,カンケイ,漢,関係,カンケイ,7546
,I,強化,強化,キョウカ,名詞-普通名詞-サ変可能,,,キョーカ,キョウカ,漢,強化,キョウカ,9167
,I,を,を,ヲ,助詞-格助詞,,,オ,ヲ,和,を,ヲ,41407
,I,図り,図る,ハカル,動詞-一般,五段-ラ行,連用形-一般,ハカリ,ハカリ,和,図る,ハカル,29531
,I,たい,たい,タイ,助動詞,助動詞-タイ,終止形-一般,タイ,タイ,和,たい,タイ,21652
,I,と,と,ト,助詞-格助詞,,,ト,ト,和,と,ト,25826
,I,考え,考える,カンガエル,動詞-一般,下一段-ア行,連用形-一般,カンガエ,カンガエ,和,考える,カンガエル,7514
,I,ます,ます,マス,助動詞,助動詞-マス,終止形-一般,マス,マス,和,ます,マス,35697
,I,。,。,,補助記号-句点,,,,,記号,。,,25
,B,　,　,,空白,,,,,記号,　,,23
,I,ＡＳＥＡＮ,ＡＳＥＡＮ,アセアン,名詞-固有名詞-一般,,,アセアン,アセアン,固,ＡＳＥＡＮ,アセアン,699
,I,諸国,諸国,ショコク,名詞-普通名詞-一般,,,ショコク,ショコク,漢,諸国,ショコク,16976
,I,と,と,ト,助詞-格助詞,,,ト,ト,和,と,ト,25826
,I,の,の,ノ,助詞-格助詞,,,ノ,ノ,和,の,ノ,28989
,I,今後,今後,コンゴ,名詞-普通名詞-副詞可能,,,コンゴ,コンゴ,漢,今後,コンゴ,13169
,I,の,の,ノ,助詞-格助詞,,,ノ,ノ,和,の,ノ,28989
,I,更なる,更なる,サラナル,連体詞,,,サラナル,サラナル,和,更なる,サラナル,14447
,I,関係,関係,カンケイ,名詞-普通名詞-サ変可能,,,カンケー,カンケイ,漢,関係,カンケイ,7546
,I,強化,強化,キョウカ,名詞-普通名詞-サ変可能,,,キョーカ,キョウカ,漢,強化,キョウカ,9167
,I,も,も,モ,助詞-係助詞,,,モ,モ,和,も,モ,37562
,I,進め,進める,ススメル,動詞-一般,下一段-マ行,連用形-一般,ススメ,ススメ,和,進める,ススメル,19189
,I,て,て,テ,助詞-接続助詞,,,テ,テ,和,て,テ,24874
,I,いき,行く,イク,動詞-非自立可能,五段-カ行,連用形-一般,イキ,イキ,和,いく,イク,1713
,I,ます,ます,マス,助動詞,助動詞-マス,終止形-一般,マス,マス,和,ます,マス,35697
,I,。,。,,補助記号-句点,,,,,記号,。,,25
,B,　,　,,空白,,,,,記号,　,,23
,I,中国,中国,チュウゴク,名詞-固有名詞-地名-国,,,チューゴク,チュウゴク,固,中国,チュウゴク,23798
,I,は,は,ハ,助詞-係助詞,,,ワ,ハ,和,は,ハ,29321
,I,、,、,,補助記号-読点,,,,,記号,、,,24
,I,日本,日本,ニッポン,名詞-固有名詞-地名-国,,,ニッポン,ニッポン,固,日本,ニッポン,28455
,I,に,に,ニ,助詞-格助詞,,,ニ,ニ,和,に,ニ,28178
,I,とっ,取る,トル,動詞-一般,五段-ラ行,連用形-促音便,トッ,トッ,和,とる,トル,26854
,I,て,て,テ,助詞-接続助詞,,,テ,テ,和,て,テ,24874
,I,重要,重要,ジュウヨウ,形状詞-一般,,,ジューヨー,ジュウヨウ,漢,重要,ジュウヨウ,18245
,I,な,だ,ダ,助動詞,助動詞-ダ,連体形-一般,ナ,ナ,和,だ,ダ,22916
,I,隣国,隣国,リンゴク,名詞-普通名詞-一般,,,リンゴク,リンゴク,漢,隣国,リンゴク,40392
,I,で,だ,ダ,助動詞,助動詞-ダ,連用形-一般,デ,デ,和,だ,ダ,22916
,I,あり,有る,アル,動詞-非自立可能,五段-ラ行,連用形-一般,アリ,アリ,和,ある,アル,1216
,I,、,、,,補助記号-読点,,,,,記号,、,,24
,I,建設,建設,ケンセツ,名詞-普通名詞-サ変可能,,,ケンセツ,ケンセツ,漢,建設,ケンセツ,11373
,I,的,的,テキ,接尾辞-形状詞的,,,テキ,テキ,漢,的,テキ,25076
,I,かつ,且つ,カツ,接続詞,,,カツ,カツ,和,かつ,カツ,6773
,I,安定,安定,アンテイ,名詞-普通名詞-サ変形状詞可能,,,アンテー,アンテイ,漢,安定,アンテイ,1389
,I,的,的,テキ,接尾辞-形状詞的,,,テキ,テキ,漢,的,テキ,25076
,I,な,だ,ダ,助動詞,助動詞-ダ,連体形-一般,ナ,ナ,和,だ,ダ,22916
,I,関係,関係,カンケイ,名詞-普通名詞-サ変可能,,,カンケー,カンケイ,漢,関係,カンケイ,7546
,I,を,を,ヲ,助詞-格助詞,,,オ,ヲ,和,を,ヲ,41407
,I,構築,構築,コウチク,名詞-普通名詞-サ変可能,,,コーチク,コウチク,漢,構築,コウチク,12228
,I,し,為る,スル,動詞-非自立可能,サ行変格,連用形-一般,シ,シ,和,する,スル,19537
,I,て,て,テ,助詞-接続助詞,,,テ,テ,和,て,テ,24874
,I,いく,行く,イク,動詞-非自立可能,五段-カ行,連体形-一般,イク,イク,和,いく,イク,1713
,I,必要,必要,ヒツヨウ,名詞-普通名詞-形状詞可能,,,ヒツヨー,ヒツヨウ,漢,必要,ヒツヨウ,31473
,I,が,が,ガ,助詞-格助詞,,,ガ,ガ,和,が,ガ,7889
,I,あり,有る,アル,動詞-非自立可能,五段-ラ行,連用形-一般,アリ,アリ,和,ある,アル,1216
,I,ます,ます,マス,助動詞,助動詞-マス,終止形-一般,マス,マス,和,ます,マス,35697
,I,。,。,,補助記号-句点,,,,,記号,。,,25
,I,他方,他方,タホウ,名詞-普通名詞-一般,,,タホー,タホウ,漢,他方,タホウ,22632
,I,、,、,,補助記号-読点,,,,,記号,、,,24
,I,日中,日中,ニッチュウ,名詞-普通名詞-一般,,,ニッチュー,ニッチュウ,漢,日中,ニッチュウ,93412
,I,間,間,カン,接尾辞-名詞的-副詞可能,,,カン,カン,漢,間,カン,7477
,I,に,に,ニ,助詞-格助詞,,,ニ,ニ,和,に,ニ,28178
,I,は,は,ハ,助詞-係助詞,,,ワ,ハ,和,は,ハ,29321
,I,、,、,,補助記号-読点,,,,,記号,、,,24
,I,経済,経済,ケイザイ,名詞-普通名詞-一般,,,ケーザイ,ケイザイ,漢,経済,ケイザイ,10945
,I,安全,安全,アンゼン,名詞-普通名詞-形状詞可能,,,アンゼン,アンゼン,漢,安全,アンゼン,1366
,I,保障,保障,ホショウ,名詞-普通名詞-サ変可能,,,ホショー,ホショウ,漢,保障,ホショウ,34679
,I,を,を,ヲ,助詞-格助詞,,,オ,ヲ,和,を,ヲ,41407
,I,含む,含む,フクム,動詞-一般,五段-マ行,連体形-一般,フクム,フクム,和,含む,フクム,32685
,I,安全,安全,アンゼン,名詞-普通名詞-形状詞可能,,,アンゼン,アンゼン,漢,安全,アンゼン,1366
,I,保障,保障,ホショウ,名詞-普通名詞-サ変可能,,,ホショー,ホショウ,漢,保障,ホショウ,34679
,I,上,上,ジョウ,接尾辞-名詞的-副詞可能,,,ジョー,ジョウ,漢,上,ジョウ,18467
,I,の,の,ノ,助詞-格助詞,,,ノ,ノ,和,の,ノ,28989
,I,懸念,懸念,ケネン,名詞-普通名詞-サ変可能,,,ケネン,ケネン,漢,懸念,ケネン,11208
,I,事項,事項,ジコウ,名詞-普通名詞-一般,,,ジコー,ジコウ,漢,事項,ジコウ,17819
,I,が,が,ガ,助詞-格助詞,,,ガ,ガ,和,が,ガ,7889
,I,存在,存在,ソンザイ,名詞-普通名詞-サ変可能,,,ソンザイ,ソンザイ,漢,存在,ソンザイ,21491
,I,する,為る,スル,動詞-非自立可能,サ行変格,連体形-一般,スル,スル,和,する,スル,19537
,I,こと,事,コト,名詞-普通名詞-一般,,,コト,コト,和,こと,コト,12836
,I,も,も,モ,助詞-係助詞,,,モ,モ,和,も,モ,37562
,I,事実,事実,ジジツ,名詞-普通名詞-副詞可能,,,ジジツ,ジジツ,漢,事実,ジジツ,17863
,I,です,です,デス,助動詞,助動詞-デス,終止形-一般,デス,デス,和,です,デス,25653
,I,。,。,,補助記号-句点,,,,,記号,。,,25
,I,日中,日中,ニッチュウ,名詞-普通名詞-一般,,,ニッチュー,ニッチュウ,漢,日中,ニッチュウ,93412
,I,首脳,首脳,シュノウ,名詞-普通名詞-一般,,,シュノー,シュノウ,漢,首脳,シュノウ,16425
,I,同士,同士,ドウシ,接尾辞-名詞的-一般,,,ドーシ,ドウシ,漢,同士,ドウシ,27060
,I,で,で,デ,助詞-格助詞,,,デ,デ,和,で,デ,25518
,I,率直,率直,ソッチョク,形状詞-一般,,,ソッチョク,ソッチョク,漢,率直,ソッチョク,21350
,I,に,だ,ダ,助動詞,助動詞-ダ,連用形-ニ,ニ,ニ,和,だ,ダ,22916
,I,対話,対話,タイワ,名詞-普通名詞-サ変可能,,,タイワ,タイワ,漢,対話,タイワ,21966
,I,を,を,ヲ,助詞-格助詞,,,オ,ヲ,和,を,ヲ,41407
,I,重ね,重ねる,カサネル,動詞-一般,下一段-ナ行,連用形-一般,カサネ,カサネ,和,重ねる,カサネル,6361
,I,、,、,,補助記号-読点,,,,,記号,、,,24
,I,「,「,,補助記号-括弧開,,,,,記号,「,,33
,I,戦略,戦略,センリャク,名詞-普通名詞-一般,,,センリャク,センリャク,漢,戦略,センリャク,20666
,I,的,的,テキ,接尾辞-形状詞的,,,テキ,テキ,漢,的,テキ,25076
,I,互恵,互恵,ゴケイ,名詞-普通名詞-一般,,,ゴケー,ゴケイ,漢,互恵,ゴケイ,13435
,I,関係,関係,カンケイ,名詞-普通名詞-サ変可能,,,カンケー,カンケイ,漢,関係,カンケイ,7546
,I,」,」,,補助記号-括弧閉,,,,,記号,」,,34
,I,を,を,ヲ,助詞-格助詞,,,オ,ヲ,和,を,ヲ,41407
,I,包括,包括,ホウカツ,名詞-普通名詞-サ変可能,,,ホーカツ,ホウカツ,漢,包括,ホウカツ,34405
,I,的,的,テキ,接尾辞-形状詞的,,,テキ,テキ,漢,的,テキ,25076
,I,に,だ,ダ,助動詞,助動詞-ダ,連用形-ニ,ニ,ニ,和,だ,ダ,22916
,I,推進,推進,スイシン,名詞-普通名詞-サ変可能,,,スイシン,スイシン,漢,推進,スイシン,18917
,I,し,為る,スル,動詞-非自立可能,サ行変格,連用形-一般,シ,シ,和,する,スル,19537
,I,て,て,テ,助詞-接続助詞,,,テ,テ,和,て,テ,24874
,I,いき,行く,イク,動詞-非自立可能,五段-カ行,連用形-一般,イキ,イキ,和,いく,イク,1713
,I,ます,ます,マス,助動詞,助動詞-マス,終止形-一般,マス,マス,和,ます,マス,35697
,I,。,。,,補助記号-句点,,,,,記号,。,,25
,B,　,　,,空白,,,,,記号,　,,23
,I,北朝鮮,北朝鮮,キタチョウセン,名詞-固有名詞-地名-国,,,キタチョーセン,キタチョウセン,固,北朝鮮,キタチョウセン,8626
,I,に,に,ニ,助詞-格助詞,,,ニ,ニ,和,に,ニ,28178
,I,よる,因る,ヨル,動詞-一般,五段-ラ行,連体形-一般,ヨル,ヨル,和,よる,ヨル,39521
,I,核,核,カク,名詞-普通名詞-一般,,,カク,カク,漢,核,カク,6125
,I,・,・,,補助記号-一般,,,,・,記号,・,,44
,I,ミサイル,ミサイル-missile,ミサイル,名詞-普通名詞-一般,,,ミサイル,ミサイル,外,ミサイル,ミサイル,36366
,I,開発,開発,カイハツ,名詞-普通名詞-サ変可能,,,カイハツ,カイハツ,漢,開発,カイハツ,5876
,I,は,は,ハ,助詞-係助詞,,,ワ,ハ,和,は,ハ,29321
,I,断じ,断ずる,ダンズル,動詞-一般,サ行変格,連用形-一般,ダンジ,ダンジ,混,断ずる,ダンズル,23328
,I,て,て,テ,助詞-接続助詞,,,テ,テ,和,て,テ,24874
,I,容認,容認,ヨウニン,名詞-普通名詞-サ変可能,,,ヨーニン,ヨウニン,漢,容認,ヨウニン,39134
,I,でき,出来る,デキル,動詞-非自立可能,上一段-カ行,連用形-一般,デキ,デキ,和,できる,デキル,25624
,I,ませ,ます,マス,助動詞,助動詞-マス,未然形-一般,マセ,マセ,和,ます,マス,35697
,I,ん,ず,ズ,助動詞,助動詞-ヌ,終止形-撥音便,ン,ン,和,ぬ,ヌ,19587
,I,。,。,,補助記号-句点,,,,,記号,。,,25
,I,また,又,マタ,接続詞,,,マタ,マタ,和,また,マタ,35734
,I,、,、,,補助記号-読点,,,,,記号,、,,24
,I,被害,被害,ヒガイ,名詞-普通名詞-一般,,,ヒガイ,ヒガイ,漢,被害,ヒガイ,31162
,I,者,者,シャ,接尾辞-名詞的-一般,,,シャ,シャ,漢,者,シャ,15852
,I,や,や,ヤ,助詞-副助詞,,,ヤ,ヤ,和,や,ヤ,38083
,I,御,御,ゴ,接頭辞,,,ゴ,ゴ,漢,御,ゴ,13332
,I,家族,家族,カゾク,名詞-普通名詞-一般,,,カゾク,カゾク,漢,家族,カゾク,6591
,I,が,が,ガ,助詞-格助詞,,,ガ,ガ,和,が,ガ,7889
,I,御,御,ゴ,接頭辞,,,ゴ,ゴ,漢,御,ゴ,13332
,I,高齢,高齢,コウレイ,名詞-普通名詞-一般,,,コーレー,コウレイ,漢,高齢,コウレイ,12445
,I,と,と,ト,助詞-格助詞,,,ト,ト,和,と,ト,25826
,I,なる,成る,ナル,動詞-非自立可能,五段-ラ行,連体形-一般,ナル,ナル,和,なる,ナル,28061
,I,中,中,ナカ,名詞-普通名詞-副詞可能,,,ナカ,ナカ,和,中,ナカ,27572
,I,で,で,デ,助詞-格助詞,,,デ,デ,和,で,デ,25518
,I,、,、,,補助記号-読点,,,,,記号,、,,24
,I,拉致,拉致,ラチ,名詞-普通名詞-サ変可能,,,ラチ,ラチ,漢,拉致,ラチ,39721
,I,問題,問題,モンダイ,名詞-普通名詞-一般,,,モンダイ,モンダイ,漢,問題,モンダイ,38048
,I,は,は,ハ,助詞-係助詞,,,ワ,ハ,和,は,ハ,29321
,I,この,此の,コノ,連体詞,,,コノ,コノ,和,この,コノ,12905
,I,内閣,内閣,ナイカク,名詞-普通名詞-一般,,,ナイカク,ナイカク,漢,内閣,ナイカク,27449
,I,の,の,ノ,助詞-格助詞,,,ノ,ノ,和,の,ノ,28989
,I,最,最,サイ,接頭辞,,,サイ,サイ,漢,最,サイ,13633
,I,重要,重要,ジュウヨウ,形状詞-一般,,,ジューヨー,ジュウヨウ,漢,重要,ジュウヨウ,18245
,I,課題,課題,カダイ,名詞-普通名詞-一般,,,カダイ,カダイ,漢,課題,カダイ,6696
,I,です,です,デス,助動詞,助動詞-デス,終止形-一般,デス,デス,和,です,デス,25653
,I,。,。,,補助記号-句点,,,,,記号,。,,25
,I,全て,全て,スベテ,名詞-普通名詞-副詞可能,,,スベテ,スベテ,和,全て,スベテ,19398
,I,の,の,ノ,助詞-格助詞,,,ノ,ノ,和,の,ノ,28989
,I,拉致,拉致,ラチ,名詞-普通名詞-サ変可能,,,ラチ,ラチ,漢,拉致,ラチ,39721
,I,被害,被害,ヒガイ,名詞-普通名詞-一般,,,ヒガイ,ヒガイ,漢,被害,ヒガイ,31162
,I,者,者,シャ,接尾辞-名詞的-一般,,,シャ,シャ,漢,者,シャ,15852
,I,の,の,ノ,助詞-格助詞,,,ノ,ノ,和,の,ノ,28989
,I,１日,一日,ツイタチ,名詞-普通名詞-副詞可能,,,ツイタチ,ツイタチ,和,１日,ツイタチ,24352
,I,も,も,モ,助詞-係助詞,,,モ,モ,和,も,モ,37562
,I,早い,早い,ハヤイ,形容詞-一般,形容詞,連体形-一般,ハヤイ,ハヤイ,和,早い,ハヤイ,30135
,I,御,御,ゴ,接頭辞,,,ゴ,ゴ,漢,御,ゴ,13332
,I,帰国,帰国,キコク,名詞-普通名詞-サ変可能,,,キコク,キコク,漢,帰国,キコク,8445
,I,を,を,ヲ,助詞-格助詞,,,オ,ヲ,和,を,ヲ,41407
,I,実現,実現,ジツゲン,名詞-普通名詞-サ変可能,,,ジツゲン,ジツゲン,漢,実現,ジツゲン,17974
,I,する,為る,スル,動詞-非自立可能,サ行変格,連体形-一般,スル,スル,和,する,スル,19537
,I,ため,為,タメ,名詞-普通名詞-副詞可能,,,タメ,タメ,和,ため,タメ,22686
,I,に,に,ニ,助詞-格助詞,,,ニ,ニ,和,に,ニ,28178
,I,、,、,,補助記号-読点,,,,,記号,、,,24
,I,あらゆる,あらゆる,アラユル,連体詞,,,アラユル,アラユル,和,あらゆる,アラユル,1165
,I,手段,手段,シュダン,名詞-普通名詞-一般,,,シュダン,シュダン,漢,手段,シュダン,16335
,I,を,を,ヲ,助詞-格助詞,,,オ,ヲ,和,を,ヲ,41407
,I,尽くし,尽くす,ツクス,動詞-非自立可能,五段-サ行,連用形-一般,ツクシ,ツクシ,和,尽くす,ツクス,24545
,I,て,て,テ,助詞-接続助詞,,,テ,テ,和,て,テ,24874
,I,取り組ん,取り組む,トリクム,動詞-一般,五段-マ行,連用形-撥音便,トリクン,トリクン,和,取り組む,トリクム,26780
,I,で,て,テ,助詞-接続助詞,,,デ,デ,和,で,デ,24874
,I,まいり,参る,マイル,動詞-非自立可能,五段-ラ行,連用形-一般,マイリ,マイリ,和,まいる,マイル,35450
,I,ます,ます,マス,助動詞,助動詞-マス,終止形-一般,マス,マス,和,ます,マス,35697
,I,。,。,,補助記号-句点,,,,,記号,。,,25
,B,　,　,,空白,,,,,記号,　,,23
,I,ロシア,ロシア-Rossiya,ロシア,名詞-固有名詞-地名-国,,,ロシア,ロシア,固,ロシア,ロシア,40961
,I,に,に,ニ,助詞-格助詞,,,ニ,ニ,和,に,ニ,28178
,I,よる,因る,ヨル,動詞-一般,五段-ラ行,連体形-一般,ヨル,ヨル,和,よる,ヨル,39521
,I,ウクライナ,ウクライナ-Ukraina,ウクライナ,名詞-固有名詞-地名-国,,,ウクライナ,ウクライナ,固,ウクライナ,ウクライナ,3060
,I,侵略,侵略,シンリャク,名詞-普通名詞-サ変可能,,,シンリャク,シンリャク,漢,侵略,シンリャク,17584
,I,に,に,ニ,助詞-格助詞,,,ニ,ニ,和,に,ニ,28178
,I,つい,つく,ツク,動詞-一般,五段-カ行,連用形-イ音便,ツイ,ツイ,和,つく,ツク,24536
,I,て,て,テ,助詞-接続助詞,,,テ,テ,和,て,テ,24874
,I,、,、,,補助記号-読点,,,,,記号,、,,24
,I,力,力,チカラ,名詞-普通名詞-一般,,,チカラ,チカラ,和,力,チカラ,23443
,I,に,に,ニ,助詞-格助詞,,,ニ,ニ,和,に,ニ,28178
,I,よる,因る,ヨル,動詞-一般,五段-ラ行,連体形-一般,ヨル,ヨル,和,よる,ヨル,39521
,I,一方,一方,イッポウ,名詞-普通名詞-副詞可能,,,イッポー,イッポウ,漢,一方,イッポウ,2268
,I,的,的,テキ,接尾辞-形状詞的,,,テキ,テキ,漢,的,テキ,25076
,I,な,だ,ダ,助動詞,助動詞-ダ,連体形-一般,ナ,ナ,和,だ,ダ,22916
,I,現状,現状,ゲンジョウ,名詞-普通名詞-一般,,,ゲンジョー,ゲンジョウ,漢,現状,ゲンジョウ,11692
,I,変更,変更,ヘンコウ,名詞-普通名詞-サ変可能,,,ヘンコー,ヘンコウ,漢,変更,ヘンコウ,34026
,I,の,の,ノ,助詞-格助詞,,,ノ,ノ,和,の,ノ,28989
,I,試み,試み,ココロミ,名詞-普通名詞-一般,,,ココロミ,ココロミ,和,試み,ココロミ,12633
,I,を,を,ヲ,助詞-格助詞,,,オ,ヲ,和,を,ヲ,41407
,I,許し,許す,ユルス,動詞-一般,五段-サ行,連用形-一般,ユルシ,ユルシ,和,許す,ユルス,38938
,I,て,て,テ,助詞-接続助詞,,,テ,テ,和,て,テ,24874
,I,は,は,ハ,助詞-係助詞,,,ワ,ハ,和,は,ハ,29321
,I,なり,成る,ナル,動詞-非自立可能,五段-ラ行,連用形-一般,ナリ,ナリ,和,なる,ナル,28061
,I,ませ,ます,マス,助動詞,助動詞-マス,未然形-一般,マセ,マセ,和,ます,マス,35697
,I,ん,ず,ズ,助動詞,助動詞-ヌ,終止形-撥音便,ン,ン,和,ぬ,ヌ,19587
,I,。,。,,補助記号-句点,,,,,記号,。,,25
,I,日露,日露,ニチロ,名詞-普通名詞-一般,,,ニチロ,ニチロ,漢,日露,ニチロ,28407
,I,関係,関係,カンケイ,名詞-普通名詞-サ変可能,,,カンケー,カンケイ,漢,関係,カンケイ,7546
,I,は,は,ハ,助詞-係助詞,,,ワ,ハ,和,は,ハ,29321
,I,厳しい,厳しい,キビシイ,形容詞-一般,形容詞,連体形-一般,キビシー,キビシイ,和,厳しい,キビシイ,8793
,I,状況,状況,ジョウキョウ,名詞-普通名詞-一般,,,ジョーキョー,ジョウキョウ,漢,状況,ジョウキョウ,18513
,I,に,に,ニ,助詞-格助詞,,,ニ,ニ,和,に,ニ,28178
,I,あり,有る,アル,動詞-非自立可能,五段-ラ行,連用形-一般,アリ,アリ,和,ある,アル,1216
,I,ます,ます,マス,助動詞,助動詞-マス,終止形-一般,マス,マス,和,ます,マス,35697
,I,が,が,ガ,助詞-接続助詞,,,ガ,ガ,和,が,ガ,7888
,I,、,、,,補助記号-読点,,,,,記号,、,,24
,I,日本,日本,ニッポン,名詞-固有名詞-地名-国,,,ニッポン,ニッポン,固,日本,ニッポン,28455
,I,政府,政府,セイフ,名詞-普通名詞-一般,,,セーフ,セイフ,漢,政府,セイフ,19974
,I,の,の,ノ,助詞-格助詞,,,ノ,ノ,和,の,ノ,28989
,I,方針,方針,ホウシン,名詞-普通名詞-一般,,,ホーシン,ホウシン,漢,方針,ホウシン,34473
,I,は,は,ハ,助詞-係助詞,,,ワ,ハ,和,は,ハ,29321
,I,、,、,,補助記号-読点,,,,,記号,、,,24
,I,領土,領土,リョウド,名詞-普通名詞-一般,,,リョード,リョウド,漢,領土,リョウド,40292
,I,問題,問題,モンダイ,名詞-普通名詞-一般,,,モンダイ,モンダイ,漢,問題,モンダイ,38048
,I,を,を,ヲ,助詞-格助詞,,,オ,ヲ,和,を,ヲ,41407
,I,解決,解決,カイケツ,名詞-普通名詞-サ変可能,,,カイケツ,カイケツ,漢,解決,カイケツ,5691
,I,し,為る,スル,動詞-非自立可能,サ行変格,連用形-一般,シ,シ,和,する,スル,19537
,I,、,、,,補助記号-読点,,,,,記号,、,,24
,I,平和,平和,ヘイワ,名詞-普通名詞-形状詞可能,,,ヘーワ,ヘイワ,漢,平和,ヘイワ,33925
,I,条約,条約,ジョウヤク,名詞-普通名詞-一般,,,ジョーヤク,ジョウヤク,漢,条約,ジョウヤク,18639
,I,を,を,ヲ,助詞-格助詞,,,オ,ヲ,和,を,ヲ,41407
,I,締結,締結,テイケツ,名詞-普通名詞-サ変可能,,,テーケツ,テイケツ,漢,締結,テイケツ,24964
,I,する,為る,スル,動詞-非自立可能,サ行変格,連体形-一般,スル,スル,和,する,スル,19537
,I,こと,事,コト,名詞-普通名詞-一般,,,コト,コト,和,こと,コト,12836
,I,です,です,デス,助動詞,助動詞-デス,終止形-一般,デス,デス,和,です,デス,25653
,I,。,。,,補助記号-句点,,,,,記号,。,,25
,B,　,　,,空白,,,,,記号,　,,23
,I,２,二,ニ,名詞-数詞,,,ニ,ニ,漢,２,ニ,28181
,I,０,零,レイ,名詞-数詞,,,レー,レイ,漢,０,レイ,40560
,I,２,二,ニ,名詞-数詞,,,ニ,ニ,漢,２,ニ,28181
,I,２,二,ニ,名詞-数詞,,,ニ,ニ,漢,２,ニ,28181
,I,年,年,ネン,名詞-普通名詞-助数詞可能,,,ネン,ネン,漢,年,ネン,28927
,I,１,一,イチ,名詞-数詞,,,イチ,イチ,漢,１,イチ,2050
,I,２,二,ニ,名詞-数詞,,,ニ,ニ,漢,２,ニ,28181
,I,月,月,ガツ,名詞-普通名詞-助数詞可能,,,ガツ,ガツ,漢,月,ガツ,8121
,I,の,の,ノ,助詞-格助詞,,,ノ,ノ,和,の,ノ,28989
,I,国家,国家,コッカ,名詞-普通名詞-一般,,,コッカ,コッカ,漢,国家,コッカ,12780
,I,安全,安全,アンゼン,名詞-普通名詞-形状詞可能,,,アンゼン,アンゼン,漢,安全,アンゼン,1366
,I,保障,保障,ホショウ,名詞-普通名詞-サ変可能,,,ホショー,ホショウ,漢,保障,ホショウ,34679
,I,戦略,戦略,センリャク,名詞-普通名詞-一般,,,センリャク,センリャク,漢,戦略,センリャク,20666
,I,を,を,ヲ,助詞-格助詞,,,オ,ヲ,和,を,ヲ,41407
,I,始め,始め,ハジメ,名詞-普通名詞-副詞可能,,,ハジメ,ハジメ,和,始め,ハジメ,29728
,I,と,と,ト,助詞-格助詞,,,ト,ト,和,と,ト,25826
,I,する,為る,スル,動詞-非自立可能,サ行変格,連体形-一般,スル,スル,和,する,スル,19537
,I,「,「,,補助記号-括弧開,,,,,記号,「,,33
,I,三,三,サン,名詞-数詞,,,サン,サン,漢,三,サン,14499
,I,文書,文書,ブンショ,名詞-普通名詞-一般,,,ブンショ,ブンショ,漢,文書,ブンショ,33593
,I,」,」,,補助記号-括弧閉,,,,,記号,」,,34
,I,の,の,ノ,助詞-格助詞,,,ノ,ノ,和,の,ノ,28989
,I,策定,策定,サクテイ,名詞-普通名詞-サ変可能,,,サクテー,サクテイ,漢,策定,サクテイ,14024
,I,以降,以降,イコウ,名詞-普通名詞-副詞可能,,,イコー,イコウ,漢,以降,イコウ,1770
,I,、,、,,補助記号-読点,,,,,記号,、,,24
,I,新しい,新しい,アタラシイ,形容詞-一般,形容詞,連体形-一般,アタラシー,アタラシイ,和,新しい,アタラシイ,748
,I,戦い,戦い,タタカイ,名詞-普通名詞-一般,,,タタカイ,タタカイ,和,戦い,タタカイ,22320
,I,方,方,カタ,接尾辞-名詞的-一般,,,カタ,カタ,和,方,カタ,6596
,I,の,の,ノ,助詞-格助詞,,,ノ,ノ,和,の,ノ,28989
,I,顕在,顕在,ケンザイ,名詞-普通名詞-サ変可能,,,ケンザイ,ケンザイ,漢,顕在,ケンザイ,11327
,I,化,化,カ,接尾辞-名詞的-サ変可能,,,カ,カ,漢,化,カ,5577
,I,など,など,ナド,助詞-副助詞,,,ナド,ナド,和,など,ナド,27905
,I,、,、,,補助記号-読点,,,,,記号,、,,24
,I,様々,様々,サマザマ,形状詞-一般,,,サマザマ,サマザマ,和,様々,サマザマ,14376
,I,な,だ,ダ,助動詞,助動詞-ダ,連体形-一般,ナ,ナ,和,だ,ダ,22916
,I,安全,安全,アンゼン,名詞-普通名詞-形状詞可能,,,アンゼン,アンゼン,漢,安全,アンゼン,1366
,I,保障,保障,ホショウ,名詞-普通名詞-サ変可能,,,ホショー,ホショウ,漢,保障,ホショウ,34679
,I,環境,環境,カンキョウ,名詞-普通名詞-一般,,,カンキョー,カンキョウ,漢,環境,カンキョウ,7531
,I,の,の,ノ,助詞-格助詞,,,ノ,ノ,和,の,ノ,28989
,I,変化,変化,ヘンカ,名詞-普通名詞-サ変可能,,,ヘンカ,ヘンカ,漢,変化,ヘンカ,34011
,I,も,も,モ,助詞-係助詞,,,モ,モ,和,も,モ,37562
,I,見,見る,ミル,動詞-非自立可能,上一段-マ行,未然形-一般,ミ,ミ,和,見る,ミル,36920
,I,られ,られる,ラレル,助動詞,助動詞-レル,連用形-一般,ラレ,ラレ,和,られる,ラレル,39787
,I,ます,ます,マス,助動詞,助動詞-マス,終止形-一般,マス,マス,和,ます,マス,35697
,I,。,。,,補助記号-句点,,,,,記号,。,,25
,I,我が,我が,ワガ,連体詞,,,ワガ,ワガ,和,我が,ワガ,41188
,I,国,国,クニ,名詞-普通名詞-一般,,,クニ,クニ,和,国,クニ,10282
,I,と,と,ト,助詞-格助詞,,,ト,ト,和,と,ト,25826
,I,し,為る,スル,動詞-非自立可能,サ行変格,連用形-一般,シ,シ,和,する,スル,19537
,I,て,て,テ,助詞-接続助詞,,,テ,テ,和,て,テ,24874
,I,主体,主体,シュタイ,名詞-普通名詞-一般,,,シュタイ,シュタイ,漢,主体,シュタイ,16332
,I,的,的,テキ,接尾辞-形状詞的,,,テキ,テキ,漢,的,テキ,25076
,I,に,だ,ダ,助動詞,助動詞-ダ,連用形-ニ,ニ,ニ,和,だ,ダ,22916
,I,防衛,防衛,ボウエイ,名詞-普通名詞-サ変可能,,,ボーエー,ボウエイ,漢,防衛,ボウエイ,35036
,I,力,力,リョク,接尾辞-名詞的-一般,,,リョク,リョク,漢,力,リョク,40327
,I,の,の,ノ,助詞-格助詞,,,ノ,ノ,和,の,ノ,28989
,I,抜本,抜本,バッポン,名詞-普通名詞-一般,,,バッポン,バッポン,漢,抜本,バッポン,30709
,I,的,的,テキ,接尾辞-形状詞的,,,テキ,テキ,漢,的,テキ,25076
,I,強化,強化,キョウカ,名詞-普通名詞-サ変可能,,,キョーカ,キョウカ,漢,強化,キョウカ,9167
,I,を,を,ヲ,助詞-格助詞,,,オ,ヲ,和,を,ヲ,41407
,I,進める,進める,ススメル,動詞-一般,下一段-マ行,連体形-一般,ススメル,ススメル,和,進める,ススメル,19189
,I,こと,事,コト,名詞-普通名詞-一般,,,コト,コト,和,こと,コト,12836
,I,が,が,ガ,助詞-格助詞,,,ガ,ガ,和,が,ガ,7889
,I,必要,必要,ヒツヨウ,名詞-普通名詞-形状詞可能,,,ヒツヨー,ヒツヨウ,漢,必要,ヒツヨウ,31473
,I,です,です,デス,助動詞,助動詞-デス,終止形-一般,デス,デス,和,です,デス,25653
,I,。,。,,補助記号-句点,,,,,記号,。,,25
,I,この,此の,コノ,連体詞,,,コノ,コノ,和,この,コノ,12905
,I,ため,為,タメ,名詞-普通名詞-副詞可能,,,タメ,タメ,和,ため,タメ,22686
,I,、,、,,補助記号-読点,,,,,記号,、,,24
,I,国家,国家,コッカ,名詞-普通名詞-一般,,,コッカ,コッカ,漢,国家,コッカ,12780
,I,安全,安全,アンゼン,名詞-普通名詞-形状詞可能,,,アンゼン,アンゼン,漢,安全,アンゼン,1366
,I,保障,保障,ホショウ,名詞-普通名詞-サ変可能,,,ホショー,ホショウ,漢,保障,ホショウ,34679
,I,戦略,戦略,センリャク,名詞-普通名詞-一般,,,センリャク,センリャク,漢,戦略,センリャク,20666
,I,に,に,ニ,助詞-格助詞,,,ニ,ニ,和,に,ニ,28178
,I,定める,定める,サダメル,動詞-一般,下一段-マ行,連体形-一般,サダメル,サダメル,和,定める,サダメル,14219
,I,「,「,,補助記号-括弧開,,,,,記号,「,,33
,I,対,対,タイ,名詞-普通名詞-一般,,,タイ,タイ,漢,対,タイ,21660
,I,ＧＤＰ,ＧＤＰ,ジーディーピー,名詞-普通名詞-一般,,,ジーディーピー,ジーディーピー,記号,ＧＤＰ,ジーディーピー,18852
,I,比,比,ヒ,名詞-普通名詞-一般,,,ヒ,ヒ,漢,比,ヒ,31099
,I,２,二,ニ,名詞-数詞,,,ニ,ニ,漢,２,ニ,28181
,I,％,パーセント-percent,パーセント,名詞-普通名詞-助数詞可能,,,パーセント,パーセント,外,％,パーセント,31075
,I,水準,水準,スイジュン,名詞-普通名詞-一般,,,スイジュン,スイジュン,漢,水準,スイジュン,18921
,I,」,」,,補助記号-括弧閉,,,,,記号,」,,34
,I,に,に,ニ,助詞-格助詞,,,ニ,ニ,和,に,ニ,28178
,I,つい,つく,ツク,動詞-一般,五段-カ行,連用形-イ音便,ツイ,ツイ,和,つく,ツク,24536
,I,て,て,テ,助詞-接続助詞,,,テ,テ,和,て,テ,24874
,I,、,、,,補助記号-読点,,,,,記号,、,,24
,I,補正,補正,ホセイ,名詞-普通名詞-サ変可能,,,ホセー,ホセイ,漢,補正,ホセイ,34696
,I,予算,予算,ヨサン,名詞-普通名詞-一般,,,ヨサン,ヨサン,漢,予算,ヨサン,39262
,I,と,と,ト,助詞-格助詞,,,ト,ト,和,と,ト,25826
,I,合わせ,合わせる,アワセル,動詞-一般,下一段-サ行,連用形-一般,アワセ,アワセ,和,合わせる,アワセル,1303
,I,て,て,テ,助詞-接続助詞,,,テ,テ,和,て,テ,24874
,I,、,、,,補助記号-読点,,,,,記号,、,,24
,I,今,今,コン,接頭辞,,,コン,コン,漢,今,コン,13139
,I,年度,年度,ネンド,名詞-普通名詞-一般,,,ネンド,ネンド,漢,年度,ネンド,28969
,I,中,中,チュウ,接尾辞-名詞的-副詞可能,,,チュー,チュウ,漢,中,チュウ,23742
,I,に,に,ニ,助詞-格助詞,,,ニ,ニ,和,に,ニ,28178
,I,前倒し,前倒し,マエダオシ,名詞-普通名詞-サ変可能,,,マエダオシ,マエダオシ,和,前倒し,マエダオシ,35479
,I,て,つう,ツウ,助動詞,五段-ワア行,連体形-一般,テ,テ,和,つう,ツウ,24376
,I,措置,措置,ソチ,名詞-普通名詞-サ変可能,,,ソチ,ソチ,漢,措置,ソチ,21327
,I,を,を,ヲ,助詞-格助詞,,,オ,ヲ,和,を,ヲ,41407
,I,講じ,講ずる,コウズル,動詞-一般,サ行変格,連用形-一般,コージ,コウジ,混,講ずる,コウズル,12156
,I,ます,ます,マス,助動詞,助動詞-マス,終止形-一般,マス,マス,和,ます,マス,35697
,I,。,。,,補助記号-句点,,,,,記号,。,,25
,I,また,又,マタ,接続詞,,,マタ,マタ,和,また,マタ,35734
,I,、,、,,補助記号-読点,,,,,記号,、,,24
,I,来年,来年,ライネン,名詞-普通名詞-副詞可能,,,ライネン,ライネン,漢,来年,ライネン,39631
,I,中,中,チュウ,接尾辞-名詞的-副詞可能,,,チュー,チュウ,漢,中,チュウ,23742
,I,に,に,ニ,助詞-格助詞,,,ニ,ニ,和,に,ニ,28178
,I,「,「,,補助記号-括弧開,,,,,記号,「,,33
,I,三,三,サン,名詞-数詞,,,サン,サン,漢,三,サン,14499
,I,文書,文書,ブンショ,名詞-普通名詞-一般,,,ブンショ,ブンショ,漢,文書,ブンショ,33593
,I,」,」,,補助記号-括弧閉,,,,,記号,」,,34
,I,を,を,ヲ,助詞-格助詞,,,オ,ヲ,和,を,ヲ,41407
,I,改定,改定,カイテイ,名詞-普通名詞-サ変可能,,,カイテー,カイテイ,漢,改定,カイテイ,5844
,I,する,為る,スル,動詞-非自立可能,サ行変格,連体形-一般,スル,スル,和,する,スル,19537
,I,こと,事,コト,名詞-普通名詞-一般,,,コト,コト,和,こと,コト,12836
,I,を,を,ヲ,助詞-格助詞,,,オ,ヲ,和,を,ヲ,41407
,I,目指し,目指す,メザス,動詞-一般,五段-サ行,連用形-一般,メザシ,メザシ,和,目指す,メザス,37392
,I,、,、,,補助記号-読点,,,,,記号,、,,24
,I,検討,検討,ケントウ,名詞-普通名詞-サ変可能,,,ケントー,ケントウ,漢,検討,ケントウ,11403
,I,を,を,ヲ,助詞-格助詞,,,オ,ヲ,和,を,ヲ,41407
,I,開始,開始,カイシ,名詞-普通名詞-サ変可能,,,カイシ,カイシ,漢,開始,カイシ,5736
,I,し,為る,スル,動詞-非自立可能,サ行変格,連用形-一般,シ,シ,和,する,スル,19537
,I,ます,ます,マス,助動詞,助動詞-マス,終止形-一般,マス,マス,和,ます,マス,35697
,I,。,。,,補助記号-句点,,,,,記号,。,,25
,B,　,　,,空白,,,,,記号,　,,23
,I,防衛,防衛,ボウエイ,名詞-普通名詞-サ変可能,,,ボーエー,ボウエイ,漢,防衛,ボウエイ,35036
,I,力,力,リョク,接尾辞-名詞的-一般,,,リョク,リョク,漢,力,リョク,40327
,I,その,其の,ソノ,連体詞,,,ソノ,ソノ,和,その,ソノ,21394
,I,もの,物,モノ,名詞-普通名詞-サ変可能,,,モノ,モノ,和,もの,モノ,37875
,I,で,だ,ダ,助動詞,助動詞-ダ,連用形-一般,デ,デ,和,だ,ダ,22916
,I,ある,有る,アル,動詞-非自立可能,五段-ラ行,連体形-一般,アル,アル,和,ある,アル,1216
,I,防衛,防衛,ボウエイ,名詞-普通名詞-サ変可能,,,ボーエー,ボウエイ,漢,防衛,ボウエイ,35036
,I,生産,生産,セイサン,名詞-普通名詞-サ変可能,,,セーサン,セイサン,漢,生産,セイサン,19803
,I,基盤,基盤,キバン,名詞-普通名詞-一般,,,キバン,キバン,漢,基盤,キバン,8785
,I,・,・,,補助記号-一般,,,,・,記号,・,,44
,I,技術,技術,ギジュツ,名詞-普通名詞-一般,,,ギジュツ,ギジュツ,漢,技術,ギジュツ,9798
,I,基盤,基盤,キバン,名詞-普通名詞-一般,,,キバン,キバン,漢,基盤,キバン,8785
,I,の,の,ノ,助詞-格助詞,,,ノ,ノ,和,の,ノ,28989
,I,強化,強化,キョウカ,名詞-普通名詞-サ変可能,,,キョーカ,キョウカ,漢,強化,キョウカ,9167
,I,、,、,,補助記号-読点,,,,,記号,、,,24
,I,防衛,防衛,ボウエイ,名詞-普通名詞-サ変可能,,,ボーエー,ボウエイ,漢,防衛,ボウエイ,35036
,I,力,力,リョク,接尾辞-名詞的-一般,,,リョク,リョク,漢,力,リョク,40327
,I,の,の,ノ,助詞-格助詞,,,ノ,ノ,和,の,ノ,28989
,I,中核,中核,チュウカク,名詞-普通名詞-一般,,,チューカク,チュウカク,漢,中核,チュウカク,23763
,I,で,だ,ダ,助動詞,助動詞-ダ,連用形-一般,デ,デ,和,だ,ダ,22916
,I,ある,有る,アル,動詞-非自立可能,五段-ラ行,連体形-一般,アル,アル,和,ある,アル,1216
,I,自衛,自衛,ジエイ,名詞-普通名詞-サ変可能,,,ジエー,ジエイ,漢,自衛,ジエイ,17750
,I,官,官,カン,接尾辞-名詞的-一般,,,カン,カン,漢,官,カン,7457
,I,の,の,ノ,助詞-格助詞,,,ノ,ノ,和,の,ノ,28989
,I,処遇,処遇,ショグウ,名詞-普通名詞-サ変可能,,,ショグー,ショグウ,漢,処遇,ショグウ,16970
,I,改善,改善,カイゼン,名詞-普通名詞-サ変可能,,,カイゼン,カイゼン,漢,改善,カイゼン,5795
,I,に,に,ニ,助詞-格助詞,,,ニ,ニ,和,に,ニ,28178
,I,も,も,モ,助詞-係助詞,,,モ,モ,和,も,モ,37562
,I,努め,努める,ツトメル,動詞-一般,下一段-マ行,連用形-一般,ツトメ,ツトメ,和,努める,ツトメル,24661
,I,ます,ます,マス,助動詞,助動詞-マス,終止形-一般,マス,マス,和,ます,マス,35697
,I,。,。,,補助記号-句点,,,,,記号,。,,25
,B,　,　,,空白,,,,,記号,　,,23
,I,憲法,憲法,ケンポウ,名詞-普通名詞-一般,,,ケンポー,ケンポウ,漢,憲法,ケンポウ,11430
,I,改正,改正,カイセイ,名詞-普通名詞-サ変可能,,,カイセー,カイセイ,漢,改正,カイセイ,5781
,I,に,に,ニ,助詞-格助詞,,,ニ,ニ,和,に,ニ,28178
,I,つい,つく,ツク,動詞-一般,五段-カ行,連用形-イ音便,ツイ,ツイ,和,つく,ツク,24536
,I,て,て,テ,助詞-接続助詞,,,テ,テ,和,て,テ,24874
,I,、,、,,補助記号-読点,,,,,記号,、,,24
,I,私,私-代名詞,ワタクシ,代名詞,,,ワタクシ,ワタクシ,和,私,ワタクシ,41274
,I,が,が,ガ,助詞-格助詞,,,ガ,ガ,和,が,ガ,7889
,I,総理,総理,ソウリ,名詞-普通名詞-サ変可能,,,ソーリ,ソウリ,漢,総理,ソウリ,21181
,I,と,と,ト,助詞-格助詞,,,ト,ト,和,と,ト,25826
,I,し,為る,スル,動詞-非自立可能,サ行変格,連用形-一般,シ,シ,和,する,スル,19537
,I,て,て,テ,助詞-接続助詞,,,テ,テ,和,て,テ,24874
,I,在任,在任,ザイニン,名詞-普通名詞-サ変可能,,,ザイニン,ザイニン,漢,在任,ザイニン,14801
,I,し,為る,スル,動詞-非自立可能,サ行変格,連用形-一般,シ,シ,和,する,スル,19537
,I,て,て,テ,助詞-接続助詞,,,テ,テ,和,て,テ,24874
,I,いる,居る,イル,動詞-非自立可能,上一段-ア行,連体形-一般,イル,イル,和,いる,イル,2585
,I,間,間,アイダ,名詞-普通名詞-副詞可能,,,アイダ,アイダ,和,間,アイダ,168
,I,に,に,ニ,助詞-格助詞,,,ニ,ニ,和,に,ニ,28178
,I,国会,国会,コッカイ,名詞-普通名詞-一般,,,コッカイ,コッカイ,漢,国会,コッカイ,12783
,I,に,に,ニ,助詞-格助詞,,,ニ,ニ,和,に,ニ,28178
,I,よる,因る,ヨル,動詞-一般,五段-ラ行,連体形-一般,ヨル,ヨル,和,よる,ヨル,39521
,I,発議,発議,ハツギ,名詞-普通名詞-サ変可能,,,ホツギ,ホツギ,漢,発議,ホツギ,29915
,I,を,を,ヲ,助詞-格助詞,,,オ,ヲ,和,を,ヲ,41407
,I,実現,実現,ジツゲン,名詞-普通名詞-サ変可能,,,ジツゲン,ジツゲン,漢,実現,ジツゲン,17974
,I,し,為る,スル,動詞-非自立可能,サ行変格,連用形-一般,シ,シ,和,する,スル,19537
,I,て,て,テ,助詞-接続助詞,,,テ,テ,和,て,テ,24874
,I,いただく,頂く,イタダク,動詞-非自立可能,五段-カ行,連体形-一般,イタダク,イタダク,和,いただく,イタダク,2011
,I,ため,為,タメ,名詞-普通名詞-副詞可能,,,タメ,タメ,和,ため,タメ,22686
,I,、,、,,補助記号-読点,,,,,記号,、,,24
,I,憲法,憲法,ケンポウ,名詞-普通名詞-一般,,,ケンポー,ケンポウ,漢,憲法,ケンポウ,11430
,I,審査,審査,シンサ,名詞-普通名詞-サ変可能,,,シンサ,シンサ,漢,審査,シンサ,17337
,I,会,会,カイ,名詞-普通名詞-一般,,,カイ,カイ,漢,会,カイ,5605
,I,に,に,ニ,助詞-格助詞,,,ニ,ニ,和,に,ニ,28178
,I,おけ,於く,オク,動詞-一般,文語四段-カ行,命令形,オケ,オケ,和,おく,オク,4810
,I,る,り,リ,助動詞,文語助動詞-リ,連体形-一般,ル,ル,和,り,リ,39865
,I,党派,党派,トウハ,名詞-普通名詞-一般,,,トーハ,トウハ,漢,党派,トウハ,26102
,I,を,を,ヲ,助詞-格助詞,,,オ,ヲ,和,を,ヲ,41407
,I,超え,越える,コエル,動詞-一般,下一段-ア行,連用形-一般,コエ,コエ,和,超える,コエル,12463
,I,た,た,タ,助動詞,助動詞-タ,連体形-一般,タ,タ,和,た,タ,21642
,I,建設,建設,ケンセツ,名詞-普通名詞-サ変可能,,,ケンセツ,ケンセツ,漢,建設,ケンセツ,11373
,I,的,的,テキ,接尾辞-形状詞的,,,テキ,テキ,漢,的,テキ,25076
,I,な,だ,ダ,助動詞,助動詞-ダ,連体形-一般,ナ,ナ,和,だ,ダ,22916
,I,議論,議論,ギロン,名詞-普通名詞-サ変可能,,,ギロン,ギロン,漢,議論,ギロン,9967
,I,が,が,ガ,助詞-格助詞,,,ガ,ガ,和,が,ガ,7889
,I,加速,加速,カソク,名詞-普通名詞-サ変可能,,,カソク,カソク,漢,加速,カソク,6584
,I,する,為る,スル,動詞-非自立可能,サ行変格,終止形-一般,スル,スル,和,する,スル,19537
,I,と,と,ト,助詞-格助詞,,,ト,ト,和,と,ト,25826
,I,とも,共,トモ,名詞-普通名詞-一般,,,トモ,トモ,和,とも,トモ,26643
,I,に,に,ニ,助詞-格助詞,,,ニ,ニ,和,に,ニ,28178
,I,、,、,,補助記号-読点,,,,,記号,、,,24
,I,国民,国民,コクミン,名詞-普通名詞-一般,,,コクミン,コクミン,漢,国民,コクミン,12579
,I,の,の,ノ,助詞-格助詞,,,ノ,ノ,和,の,ノ,28989
,I,皆,皆,ミナ,名詞-普通名詞-副詞可能,,,ミナ,ミナ,和,皆,ミナ,36678
,I,様,様,サマ,接尾辞-名詞的-一般,,,サマ,サマ,和,様,サマ,14374
,I,の,の,ノ,助詞-格助詞,,,ノ,ノ,和,の,ノ,28989
,I,間,間,アイダ,名詞-普通名詞-副詞可能,,,アイダ,アイダ,和,間,アイダ,168
,I,で,で,デ,助詞-格助詞,,,デ,デ,和,で,デ,25518
,I,の,の,ノ,助詞-格助詞,,,ノ,ノ,和,の,ノ,28989
,I,積極,積極,セッキョク,名詞-普通名詞-一般,,,セッキョク,セッキョク,漢,積極,セッキョク,20177
,I,的,的,テキ,接尾辞-形状詞的,,,テキ,テキ,漢,的,テキ,25076
,I,な,だ,ダ,助動詞,助動詞-ダ,連体形-一般,ナ,ナ,和,だ,ダ,22916
,I,議論,議論,ギロン,名詞-普通名詞-サ変可能,,,ギロン,ギロン,漢,議論,ギロン,9967
,I,が,が,ガ,助詞-格助詞,,,ガ,ガ,和,が,ガ,7889
,I,深まっ,深まる,フカマル,動詞-一般,五段-ラ行,連用形-促音便,フカマッ,フカマッ,和,深まる,フカマル,32545
,I,て,て,テ,助詞-接続助詞,,,テ,テ,和,て,テ,24874
,I,いく,行く,イク,動詞-非自立可能,五段-カ行,連体形-一般,イク,イク,和,いく,イク,1713
,I,こと,事,コト,名詞-普通名詞-一般,,,コト,コト,和,こと,コト,12836
,I,を,を,ヲ,助詞-格助詞,,,オ,ヲ,和,を,ヲ,41407
,I,期待,期待,キタイ,名詞-普通名詞-サ変可能,,,キタイ,キタイ,漢,期待,キタイ,8594
,I,し,為る,スル,動詞-非自立可能,サ行変格,連用形-一般,シ,シ,和,する,スル,19537
,I,ます,ます,マス,助動詞,助動詞-マス,終止形-一般,マス,マス,和,ます,マス,35697
,I,。,。,,補助記号-句点,,,,,記号,。,,25
,B,　,　,,空白,,,,,記号,　,,23
,I,また,又,マタ,接続詞,,,マタ,マタ,和,また,マタ,35734
,I,、,、,,補助記号-読点,,,,,記号,、,,24
,I,安定,安定,アンテイ,名詞-普通名詞-サ変形状詞可能,,,アンテー,アンテイ,漢,安定,アンテイ,1389
,I,的,的,テキ,接尾辞-形状詞的,,,テキ,テキ,漢,的,テキ,25076
,I,な,だ,ダ,助動詞,助動詞-ダ,連体形-一般,ナ,ナ,和,だ,ダ,22916
,I,皇位,皇位,コウイ,名詞-普通名詞-一般,,,コーイ,コウイ,漢,皇位,コウイ,52557
,I,継承,継承,ケイショウ,名詞-普通名詞-サ変可能,,,ケーショー,ケイショウ,漢,継承,ケイショウ,10961
,I,等,等,トウ,接尾辞-名詞的-一般,,,トー,トウ,漢,等,トウ,25875
,I,の,の,ノ,助詞-格助詞,,,ノ,ノ,和,の,ノ,28989
,I,在り,有る,アル,動詞-非自立可能,五段-ラ行,連用形-一般,アリ,アリ,和,在る,アル,1216
,I,方,方,カタ,接尾辞-名詞的-一般,,,カタ,カタ,和,方,カタ,6596
,I,に,に,ニ,助詞-格助詞,,,ニ,ニ,和,に,ニ,28178
,I,関する,関する,カンスル,動詞-一般,サ行変格,連体形-一般,カンスル,カンスル,混,関する,カンスル,7663
,I,各党,各党,カクトウ,名詞-普通名詞-一般,,,カクトー,カクトウ,漢,各党,カクトウ,6210
,I,各,各,カク,接頭辞,,,カク,カク,漢,各,カク,6121
,I,会派,会派,カイハ,名詞-普通名詞-一般,,,カイハ,カイハ,漢,会派,カイハ,5874
,I,の,の,ノ,助詞-格助詞,,,ノ,ノ,和,の,ノ,28989
,I,議論,議論,ギロン,名詞-普通名詞-サ変可能,,,ギロン,ギロン,漢,議論,ギロン,9967
,I,が,が,ガ,助詞-格助詞,,,ガ,ガ,和,が,ガ,7889
,I,深まり,深まる,フカマル,動詞-一般,五段-ラ行,連用形-一般,フカマリ,フカマリ,和,深まる,フカマル,32545
,I,、,、,,補助記号-読点,,,,,記号,、,,24
,I,皇室,皇室,コウシツ,名詞-普通名詞-一般,,,コーシツ,コウシツ,漢,皇室,コウシツ,12076
,I,典範,典範,テンパン,名詞-普通名詞-一般,,,テンパン,テンパン,漢,典範,テンパン,60147
,I,の,の,ノ,助詞-格助詞,,,ノ,ノ,和,の,ノ,28989
,I,改正,改正,カイセイ,名詞-普通名詞-サ変可能,,,カイセー,カイセイ,漢,改正,カイセイ,5781
,I,に,に,ニ,助詞-格助詞,,,ニ,ニ,和,に,ニ,28178
,I,つながる,繋がる,ツナガル,動詞-一般,五段-ラ行,連体形-一般,ツナガル,ツナガル,和,つながる,ツナガル,24672
,I,こと,事,コト,名詞-普通名詞-一般,,,コト,コト,和,こと,コト,12836
,I,を,を,ヲ,助詞-格助詞,,,オ,ヲ,和,を,ヲ,41407
,I,期待,期待,キタイ,名詞-普通名詞-サ変可能,,,キタイ,キタイ,漢,期待,キタイ,8594
,I,し,為る,スル,動詞-非自立可能,サ行変格,連用形-一般,シ,シ,和,する,スル,19537
,I,て,て,テ,助詞-接続助詞,,,テ,テ,和,て,テ,24874
,I,い,居る,イル,動詞-非自立可能,上一段-ア行,連用形-一般,イ,イ,和,いる,イル,2585
,I,ます,ます,マス,助動詞,助動詞-マス,終止形-一般,マス,マス,和,ます,マス,35697
,I,。,。,,補助記号-句点,,,,,記号,。,,25
,B,　,　,,空白,,,,,記号,　,,23
,I,今年,今年,コトシ,名詞-普通名詞-副詞可能,,,コトシ,コトシ,和,今年,コトシ,12847
,I,は,は,ハ,助詞-係助詞,,,ワ,ハ,和,は,ハ,29321
,I,昭和,昭和,ショウワ,名詞-固有名詞-一般,,,ショーワ,ショウワ,固,昭和,ショウワ,16897
,I,１,一,イチ,名詞-数詞,,,イチ,イチ,漢,１,イチ,2050
,I,０,零,レイ,名詞-数詞,,,レー,レイ,漢,０,レイ,40560
,I,０,零,レイ,名詞-数詞,,,レー,レイ,漢,０,レイ,40560
,I,年,年,ネン,名詞-普通名詞-助数詞可能,,,ネン,ネン,漢,年,ネン,28927
,I,、,、,,補助記号-読点,,,,,記号,、,,24
,I,来年,来年,ライネン,名詞-普通名詞-副詞可能,,,ライネン,ライネン,漢,来年,ライネン,39631
,I,は,は,ハ,助詞-係助詞,,,ワ,ハ,和,は,ハ,29321
,I,昭和,昭和,ショウワ,名詞-固有名詞-一般,,,ショーワ,ショウワ,固,昭和,ショウワ,16897
,I,１,一,イチ,名詞-数詞,,,イチ,イチ,漢,１,イチ,2050
,I,０,零,レイ,名詞-数詞,,,レー,レイ,漢,０,レイ,40560
,I,０,零,レイ,名詞-数詞,,,レー,レイ,漢,０,レイ,40560
,I,周年,周年,シュウネン,名詞-普通名詞-助数詞可能,,,シューネン,シュウネン,漢,周年,シュウネン,102311
,I,に,に,ニ,助詞-格助詞,,,ニ,ニ,和,に,ニ,28178
,I,当たり,当たる,アタル,動詞-一般,五段-ラ行,連用形-一般,アタリ,アタリ,和,当たる,アタル,756
,I,ます,ます,マス,助動詞,助動詞-マス,終止形-一般,マス,マス,和,ます,マス,35697
,I,。,。,,補助記号-句点,,,,,記号,。,,25
,I,昭和,昭和,ショウワ,名詞-固有名詞-一般,,,ショーワ,ショウワ,固,昭和,ショウワ,16897
,I,は,は,ハ,助詞-係助詞,,,ワ,ハ,和,は,ハ,29321
,I,、,、,,補助記号-読点,,,,,記号,、,,24
,I,戦争,戦争,センソウ,名詞-普通名詞-サ変可能,,,センソー,センソウ,漢,戦争,センソウ,20543
,I,、,、,,補助記号-読点,,,,,記号,、,,24
,I,終戦,終戦,シュウセン,名詞-普通名詞-一般,,,シューセン,シュウセン,漢,終戦,シュウセン,16150
,I,、,、,,補助記号-読点,,,,,記号,、,,24
,I,復興,復興,フッコウ,名詞-普通名詞-サ変可能,,,フッコー,フッコウ,漢,復興,フッコウ,32907
,I,、,、,,補助記号-読点,,,,,記号,、,,24
,I,高度,高度,コウド,形状詞-一般,,,コード,コウド,漢,高度,コウド,12282
,I,経済,経済,ケイザイ,名詞-普通名詞-一般,,,ケーザイ,ケイザイ,漢,経済,ケイザイ,10945
,I,成長,成長,セイチョウ,名詞-普通名詞-サ変可能,,,セーチョー,セイチョウ,漢,成長,セイチョウ,19911
,I,と,と,ト,助詞-格助詞,,,ト,ト,和,と,ト,25826
,I,いっ,言う,イウ,動詞-一般,五段-ワア行,連用形-促音便,イッ,イッ,和,いう,イウ,1571
,I,た,た,タ,助動詞,助動詞-タ,連体形-一般,タ,タ,和,た,タ,21642
,I,、,、,,補助記号-読点,,,,,記号,、,,24
,I,未曾有,未曾有,ミゾウ,名詞-普通名詞-一般,,,ミゾウ,ミゾウ,漢,未曾有,ミゾウ,66854
,I,の,の,ノ,助詞-格助詞,,,ノ,ノ,和,の,ノ,28989
,I,変革,変革,ヘンカク,名詞-普通名詞-サ変可能,,,ヘンカク,ヘンカク,漢,変革,ヘンカク,34013
,I,を,を,ヲ,助詞-格助詞,,,オ,ヲ,和,を,ヲ,41407
,I,経験,経験,ケイケン,名詞-普通名詞-サ変可能,,,ケーケン,ケイケン,漢,経験,ケイケン,10925
,I,し,為る,スル,動詞-非自立可能,サ行変格,連用形-一般,シ,シ,和,する,スル,19537
,I,た,た,タ,助動詞,助動詞-タ,連体形-一般,タ,タ,和,た,タ,21642
,I,時代,時代,ジダイ,名詞-普通名詞-一般,,,ジダイ,ジダイ,漢,時代,ジダイ,17915
,I,です,です,デス,助動詞,助動詞-デス,終止形-一般,デス,デス,和,です,デス,25653
,I,。,。,,補助記号-句点,,,,,記号,。,,25
,I,記念,記念,キネン,名詞-普通名詞-サ変可能,,,キネン,キネン,漢,記念,キネン,8753
,I,式典,式典,シキテン,名詞-普通名詞-一般,,,シキテン,シキテン,漢,式典,シキテン,15122
,I,等,等,トウ,接尾辞-名詞的-一般,,,トー,トウ,漢,等,トウ,25875
,I,の,の,ノ,助詞-格助詞,,,ノ,ノ,和,の,ノ,28989
,I,関連,関連,カンレン,名詞-普通名詞-サ変可能,,,カンレン,カンレン,漢,関連,カンレン,7855
,I,施策,施策,シサク,名詞-普通名詞-一般,,,シサク,シサク,漢,施策,シサク,15256
,I,を,を,ヲ,助詞-格助詞,,,オ,ヲ,和,を,ヲ,41407
,I,通じ,通ずる,ツウズル,動詞-一般,サ行変格,連用形-一般,ツージ,ツウジ,混,通ずる,ツウズル,24416
,I,、,、,,補助記号-読点,,,,,記号,、,,24
,I,この,此の,コノ,連体詞,,,コノ,コノ,和,この,コノ,12905
,I,機会,機会,キカイ,名詞-普通名詞-一般,,,キカイ,キカイ,漢,機会,キカイ,8315
,I,を,を,ヲ,助詞-格助詞,,,オ,ヲ,和,を,ヲ,41407
,I,国家,国家,コッカ,名詞-普通名詞-一般,,,コッカ,コッカ,漢,国家,コッカ,12780
,I,的,的,テキ,接尾辞-形状詞的,,,テキ,テキ,漢,的,テキ,25076
,I,な,だ,ダ,助動詞,助動詞-ダ,連体形-一般,ナ,ナ,和,だ,ダ,22916
,I,節目,節目,フシメ,名詞-普通名詞-一般,,,フシメ,フシメ,和,節目,フシメ,32752
,I,と,と,ト,助詞-格助詞,,,ト,ト,和,と,ト,25826
,I,捉え,捕らえる,トラエル,動詞-一般,下一段-ア行,連用形-一般,トラエ,トラエ,和,捉える,トラエル,26720
,I,、,、,,補助記号-読点,,,,,記号,、,,24
,I,先人,先人,センジン,名詞-普通名詞-一般,,,センジン,センジン,漢,先人,センジン,20519
,I,の,の,ノ,助詞-格助詞,,,ノ,ノ,和,の,ノ,28989
,I,叡智,英知,エイチ,名詞-普通名詞-一般,,,エーチ,エイチ,漢,叡智,エイチ,3689
,I,と,と,ト,助詞-格助詞,,,ト,ト,和,と,ト,25826
,I,努力,努力,ドリョク,名詞-普通名詞-サ変可能,,,ドリョク,ドリョク,漢,努力,ドリョク,27365
,I,に,に,ニ,助詞-格助詞,,,ニ,ニ,和,に,ニ,28178
,I,学ぶ,学ぶ,マナブ,動詞-一般,五段-バ行,終止形-一般,マナブ,マナブ,和,学ぶ,マナブ,35938
,I,と,と,ト,助詞-格助詞,,,ト,ト,和,と,ト,25826
,I,とも,共,トモ,名詞-普通名詞-一般,,,トモ,トモ,和,とも,トモ,26643
,I,に,に,ニ,助詞-格助詞,,,ニ,ニ,和,に,ニ,28178
,I,、,、,,補助記号-読点,,,,,記号,、,,24
,I,平和,平和,ヘイワ,名詞-普通名詞-形状詞可能,,,ヘーワ,ヘイワ,漢,平和,ヘイワ,33925
,I,の,の,ノ,助詞-格助詞,,,ノ,ノ,和,の,ノ,28989
,I,誓い,誓い,チカイ,名詞-普通名詞-一般,,,チカイ,チカイ,和,誓い,チカイ,59641
,I,を,を,ヲ,助詞-格助詞,,,オ,ヲ,和,を,ヲ,41407
,I,継承,継承,ケイショウ,名詞-普通名詞-サ変可能,,,ケーショー,ケイショウ,漢,継承,ケイショウ,10961
,I,し,為る,スル,動詞-非自立可能,サ行変格,連用形-一般,シ,シ,和,する,スル,19537
,I,、,、,,補助記号-読点,,,,,記号,、,,24
,I,国際,国際,コクサイ,名詞-普通名詞-一般,,,コクサイ,コクサイ,漢,国際,コクサイ,12524
,I,社会,社会,シャカイ,名詞-普通名詞-一般,,,シャカイ,シャカイ,漢,社会,シャカイ,15869
,I,の,の,ノ,助詞-格助詞,,,ノ,ノ,和,の,ノ,28989
,I,安定,安定,アンテイ,名詞-普通名詞-サ変形状詞可能,,,アンテー,アンテイ,漢,安定,アンテイ,1389
,I,と,と,ト,助詞-格助詞,,,ト,ト,和,と,ト,25826
,I,繁栄,繁栄,ハンエイ,名詞-普通名詞-サ変可能,,,ハンエー,ハンエイ,漢,繁栄,ハンエイ,30318
,I,へ,へ,ヘ,助詞-格助詞,,,エ,ヘ,和,へ,ヘ,33819
,I,の,の,ノ,助詞-格助詞,,,ノ,ノ,和,の,ノ,28989
,I,貢献,貢献,コウケン,名詞-普通名詞-サ変可能,,,コーケン,コウケン,漢,貢献,コウケン,12005
,I,に,に,ニ,助詞-格助詞,,,ニ,ニ,和,に,ニ,28178
,I,つなげる,繋げる,ツナゲル,動詞-一般,下一段-ガ行,連体形-一般,ツナゲル,ツナゲル,和,つなげる,ツナゲル,24678
,I,機会,機会,キカイ,名詞-普通名詞-一般,,,キカイ,キカイ,漢,機会,キカイ,8315
,I,と,と,ト,助詞-格助詞,,,ト,ト,和,と,ト,25826
,I,し,為る,スル,動詞-非自立可能,サ行変格,連用形-一般,シ,シ,和,する,スル,19537
,I,たい,たい,タイ,助動詞,助動詞-タイ,終止形-一般,タイ,タイ,和,たい,タイ,21652
,I,と,と,ト,助詞-格助詞,,,ト,ト,和,と,ト,25826
,I,思い,思う,オモウ,動詞-一般,五段-ワア行,連用形-一般,オモイ,オモイ,和,思う,オモウ,5255
,I,ます,ます,マス,助動詞,助動詞-マス,終止形-一般,マス,マス,和,ます,マス,35697
,I,。,。,,補助記号-句点,,,,,記号,。,,25
,B,　,　,,空白,,,,,記号,　,,23
,I,以上,以上,イジョウ,名詞-普通名詞-副詞可能,,,イジョー,イジョウ,漢,以上,イジョウ,1898
,I,、,、,,補助記号-読点,,,,,記号,、,,24
,I,ここ,此処,ココ,代名詞,,,ココ,ココ,和,ここ,ココ,12607
,I,に,に,ニ,助詞-格助詞,,,ニ,ニ,和,に,ニ,28178
,I,述べ,述べる,ノベル,動詞-一般,下一段-バ行,連用形-一般,ノベ,ノベ,和,述べる,ノベル,29195
,I,まし,ます,マス,助動詞,助動詞-マス,連用形-一般,マシ,マシ,和,ます,マス,35697
,I,た,た,タ,助動詞,助動詞-タ,連体形-一般,タ,タ,和,た,タ,21642
,I,所信,所信,ショシン,名詞-普通名詞-一般,,,ショシン,ショシン,漢,所信,ショシン,16993
,I,に,に,ニ,助詞-格助詞,,,ニ,ニ,和,に,ニ,28178
,I,則り,則る,ノットル,動詞-一般,五段-ラ行,連用形-一般,ノットリ,ノットリ,和,則る,ノットル,29142
,I,、,、,,補助記号-読点,,,,,記号,、,,24
,I,必ず,必ず,カナラズ,副詞,,,カナラズ,カナラズ,和,必ず,カナラズ,6912
,I,や,や,ヤ,助詞-副助詞,,,ヤ,ヤ,和,や,ヤ,38083
,I,、,、,,補助記号-読点,,,,,記号,、,,24
,I,日本,日本,ニッポン,名詞-固有名詞-地名-国,,,ニッポン,ニッポン,固,日本,ニッポン,28455
,I,列島,列島,レットウ,名詞-普通名詞-一般,,,レットー,レットウ,漢,列島,レットウ,40708
,I,を,を,ヲ,助詞-格助詞,,,オ,ヲ,和,を,ヲ,41407
,I,強く,強い,ツヨイ,形容詞-一般,形容詞,連用形-一般,ツヨク,ツヨク,和,強い,ツヨイ,24791
,I,豊か,豊か,ユタカ,形状詞-一般,,,ユタカ,ユタカ,和,豊か,ユタカ,38846
,I,に,だ,ダ,助動詞,助動詞-ダ,連用形-ニ,ニ,ニ,和,だ,ダ,22916
,I,、,、,,補助記号-読点,,,,,記号,、,,24
,I,日本,日本,ニッポン,名詞-固有名詞-地名-国,,,ニッポン,ニッポン,固,日本,ニッポン,28455
,I,を,を,ヲ,助詞-格助詞,,,オ,ヲ,和,を,ヲ,41407
,I,再び,再び,フタタビ,副詞,,,フタタビ,フタタビ,和,再び,フタタビ,32862
,I,世界,世界,セカイ,名詞-普通名詞-一般,,,セカイ,セカイ,漢,世界,セカイ,20054
,I,の,の,ノ,助詞-格助詞,,,ノ,ノ,和,の,ノ,28989
,I,高み,高み,タカミ,名詞-普通名詞-一般,,,タカミ,タカミ,和,高み,タカミ,22078
,I,に,に,ニ,助詞-格助詞,,,ニ,ニ,和,に,ニ,28178
,I,押し上げ,押し上げる,オシアゲル,動詞-一般,下一段-ガ行,連用形-一般,オシアゲ,オシアゲ,和,押し上げる,オシアゲル,4916
,I,て,て,テ,助詞-接続助詞,,,テ,テ,和,て,テ,24874
,I,まいり,参る,マイル,動詞-非自立可能,五段-ラ行,連用形-一般,マイリ,マイリ,和,まいる,マイル,35450
,I,ます,ます,マス,助動詞,助動詞-マス,終止形-一般,マス,マス,和,ます,マス,35697
,I,。,。,,補助記号-句点,,,,,記号,。,,25
,B,　,　,,空白,,,,,記号,　,,23
,I,「,「,,補助記号-括弧開,,,,,記号,「,,33
,I,事,事,コト,名詞-普通名詞-一般,,,コト,コト,和,事,コト,12836
,I,独り,独り,ヒトリ,名詞-普通名詞-副詞可能,,,ヒトリ,ヒトリ,和,独り,ヒトリ,31577
,I,断,断る,コトワル,動詞-一般,五段-ラ行,,コトワ,コトワ,和,断る,コトワル,12878
,I,む,む,ム,助動詞,文語助動詞-ム,連体形-一般,ム,ム,和,む,ム,36983
,I,可,可,カ,名詞-普通名詞-形状詞可能,,,カ,カ,漢,可,カ,5578
,I,から,から,カラ,助詞-格助詞,,,カラ,カラ,和,から,カラ,7219
,I,ず,ず,ズ,助動詞,助動詞-ヌ,終止形-一般,ズ,ズ,和,ぬ,ヌ,19587
,I,。,。,,補助記号-句点,,,,,記号,。,,25
,I,必ず,必ず,カナラズ,副詞,,,カナラズ,カナラズ,和,必ず,カナラズ,6912
,I,衆,衆,シュウ,名詞-普通名詞-一般,,,シュー,シュウ,漢,衆,シュウ,16045
,I,と,と,ト,助詞-格助詞,,,ト,ト,和,と,ト,25826
,I,与,アタエ,アタエ,名詞-固有名詞-人名-姓,,,アタエ,アタエ,固,与,アタエ,71932
,I,に,に,ニ,助詞-格助詞,,,ニ,ニ,和,に,ニ,28178
,I,宜しく,宜しく,ヨロシク,副詞,,,ヨロシク,ヨロシク,和,宜しく,ヨロシク,39536
,I,論ふ,論う,アゲツラウ,動詞-一般,五段-ワア行,連用形-ウ音便,アゲツロー,アゲツロフ,和,論う,アゲツラウ,520
,I,可,可,カ,名詞-普通名詞-形状詞可能,,,カ,カ,漢,可,カ,5578
,I,し,為る,スル,動詞-非自立可能,サ行変格,連用形-一般,シ,シ,和,する,スル,19537
,I,」,」,,補助記号-括弧閉,,,,,記号,」,,34
,B,　,　,,空白,,,,,記号,　,,23
,I,古来,古来,コライ,名詞-普通名詞-副詞可能,,,コライ,コライ,漢,古来,コライ,13067
,I,より,より,ヨリ,助詞-格助詞,,,ヨリ,ヨリ,和,より,ヨリ,39501
,I,、,、,,補助記号-読点,,,,,記号,、,,24
,I,我が,我が,ワガ,連体詞,,,ワガ,ワガ,和,我が,ワガ,41188
,I,国,国,クニ,名詞-普通名詞-一般,,,クニ,クニ,和,国,クニ,10282
,I,に,に,ニ,助詞-格助詞,,,ニ,ニ,和,に,ニ,28178
,I,おい,於く,オク,動詞-一般,五段-カ行,連用形-イ音便,オイ,オイ,和,おく,オク,4810
,I,て,て,テ,助詞-接続助詞,,,テ,テ,和,て,テ,24874
,I,は,は,ハ,助詞-係助詞,,,ワ,ハ,和,は,ハ,29321
,I,衆議,衆議,シュウギ,名詞-普通名詞-一般,,,シューギ,シュウギ,漢,衆議,シュウギ,16089
,I,が,が,ガ,助詞-格助詞,,,ガ,ガ,和,が,ガ,7889
,I,重視,重視,ジュウシ,名詞-普通名詞-サ変可能,,,ジューシ,ジュウシ,漢,重視,ジュウシ,18191
,I,さ,為る,スル,動詞-非自立可能,サ行変格,未然形-サ,サ,サ,和,する,スル,19537
,I,れ,れる,レル,助動詞,助動詞-レル,連用形-一般,レ,レ,和,れる,レル,40741
,I,て,て,テ,助詞-接続助詞,,,テ,テ,和,て,テ,24874
,I,き,来る,クル,動詞-非自立可能,カ行変格,連用形-一般,キ,キ,和,くる,クル,10518
,I,まし,ます,マス,助動詞,助動詞-マス,連用形-一般,マシ,マシ,和,ます,マス,35697
,I,た,た,タ,助動詞,助動詞-タ,終止形-一般,タ,タ,和,た,タ,21642
,I,。,。,,補助記号-句点,,,,,記号,。,,25
,I,政治,政治,セイジ,名詞-普通名詞-一般,,,セージ,セイジ,漢,政治,セイジ,19845
,I,と,と,ト,助詞-格助詞,,,ト,ト,和,と,ト,25826
,I,は,は,ハ,助詞-係助詞,,,ワ,ハ,和,は,ハ,29321
,I,、,、,,補助記号-読点,,,,,記号,、,,24
,I,独断,独断,ドクダン,名詞-普通名詞-サ変可能,,,ドクダン,ドクダン,漢,独断,ドクダン,27237
,I,で,で,デ,助詞-格助詞,,,デ,デ,和,で,デ,25518
,I,は,は,ハ,助詞-係助詞,,,ワ,ハ,和,は,ハ,29321
,I,なく,無い,ナイ,形容詞-非自立可能,形容詞,連用形-一般,ナク,ナク,和,ない,ナイ,27442
,I,、,、,,補助記号-読点,,,,,記号,、,,24
,I,共,共,トモ,名詞-普通名詞-一般,,,トモ,トモ,和,共,トモ,26643
,I,に,に,ニ,助詞-格助詞,,,ニ,ニ,和,に,ニ,28178
,I,語り,語る,カタル,動詞-一般,五段-ラ行,連用形-一般,カタリ,カタリ,和,語る,カタル,6689
,I,、,、,,補助記号-読点,,,,,記号,、,,24
,I,共,共,トモ,名詞-普通名詞-一般,,,トモ,トモ,和,共,トモ,26643
,I,に,に,ニ,助詞-格助詞,,,ニ,ニ,和,に,ニ,28178
,I,悩み,悩む,ナヤム,動詞-一般,五段-マ行,連用形-一般,ナヤミ,ナヤミ,和,悩む,ナヤム,28007
,I,、,、,,補助記号-読点,,,,,記号,、,,24
,I,共,共,トモ,名詞-普通名詞-一般,,,トモ,トモ,和,共,トモ,26643
,I,に,に,ニ,助詞-格助詞,,,ニ,ニ,和,に,ニ,28178
,I,決める,決める,キメル,動詞-一般,下一段-マ行,連体形-一般,キメル,キメル,和,決める,キメル,8850
,I,営み,営み,イトナミ,名詞-普通名詞-一般,,,イトナミ,イトナミ,和,営み,イトナミ,47139
,I,です,です,デス,助動詞,助動詞-デス,終止形-一般,デス,デス,和,です,デス,25653
,I,。,。,,補助記号-句点,,,,,記号,。,,25
,I,私,私-代名詞,ワタクシ,代名詞,,,ワタクシ,ワタクシ,和,私,ワタクシ,41274
,I,は,は,ハ,助詞-係助詞,,,ワ,ハ,和,は,ハ,29321
,I,、,、,,補助記号-読点,,,,,記号,、,,24
,I,国家,国家,コッカ,名詞-普通名詞-一般,,,コッカ,コッカ,漢,国家,コッカ,12780
,I,国民,国民,コクミン,名詞-普通名詞-一般,,,コクミン,コクミン,漢,国民,コクミン,12579
,I,の,の,ノ,助詞-格助詞,,,ノ,ノ,和,の,ノ,28989
,I,ため,為,タメ,名詞-普通名詞-副詞可能,,,タメ,タメ,和,ため,タメ,22686
,I,、,、,,補助記号-読点,,,,,記号,、,,24
,I,各党,各党,カクトウ,名詞-普通名詞-一般,,,カクトー,カクトウ,漢,各党,カクトウ,6210
,I,の,の,ノ,助詞-格助詞,,,ノ,ノ,和,の,ノ,28989
,I,皆,皆,ミナ,名詞-普通名詞-副詞可能,,,ミナ,ミナ,和,皆,ミナ,36678
,I,様,様,サマ,接尾辞-名詞的-一般,,,サマ,サマ,和,様,サマ,14374
,I,と,と,ト,助詞-格助詞,,,ト,ト,和,と,ト,25826
,I,真摯,真摯,シンシ,形状詞-一般,,,シンシ,シンシ,漢,真摯,シンシ,17346
,I,に,だ,ダ,助動詞,助動詞-ダ,連用形-ニ,ニ,ニ,和,だ,ダ,22916
,I,向き合い,向き合う,ムキアウ,動詞-一般,五段-ワア行,連用形-一般,ムキアイ,ムキアイ,和,向き合う,ムキアウ,87838
,I,、,、,,補助記号-読点,,,,,記号,、,,24
,I,未来,未来,ミライ,名詞-普通名詞-一般,,,ミライ,ミライ,漢,未来,ミライ,36904
,I,を,を,ヲ,助詞-格助詞,,,オ,ヲ,和,を,ヲ,41407
,I,築い,築く,キズク,動詞-一般,五段-カ行,連用形-イ音便,キズイ,キズイ,和,築く,キズク,8544
,I,て,て,テ,助詞-接続助詞,,,テ,テ,和,て,テ,24874
,I,まいり,参る,マイル,動詞-非自立可能,五段-ラ行,連用形-一般,マイリ,マイリ,和,まいる,マイル,35450
,I,ます,ます,マス,助動詞,助動詞-マス,終止形-一般,マス,マス,和,ます,マス,35697
,I,。,。,,補助記号-句点,,,,,記号,。,,25
,B,　,　,,空白,,,,,記号,　,,23
,I,どう,どう,ドウ,副詞,,,ドー,ドウ,和,どう,ドウ,26969
,I,か,か,カ,助詞-副助詞,,,カ,カ,和,か,カ,5568
,I,皆,皆,ミナ,名詞-普通名詞-副詞可能,,,ミナ,ミナ,和,皆,ミナ,36678
,I,様,様,サマ,接尾辞-名詞的-一般,,,サマ,サマ,和,様,サマ,14374
,I,、,、,,補助記号-読点,,,,,記号,、,,24
,I,共,共,トモ,名詞-普通名詞-一般,,,トモ,トモ,和,共,トモ,26643
,I,に,に,ニ,助詞-格助詞,,,ニ,ニ,和,に,ニ,28178
,I,日本,日本,ニッポン,名詞-固有名詞-地名-国,,,ニッポン,ニッポン,固,日本,ニッポン,28455
,I,の,の,ノ,助詞-格助詞,,,ノ,ノ,和,の,ノ,28989
,I,新た,新た,アラタ,形状詞-一般,,,アラタ,アラタ,和,新た,アラタ,1141
,I,な,だ,ダ,助動詞,助動詞-ダ,連体形-一般,ナ,ナ,和,だ,ダ,22916
,I,一,一,イチ,名詞-数詞,,,イチ,イチ,漢,一,イチ,2050
,I,歩,歩,ホ,名詞-普通名詞-助数詞可能,,,ポ,ポ,漢,歩,ホ,34358
,I,を,を,ヲ,助詞-格助詞,,,オ,ヲ,和,を,ヲ,41407
,I,踏み出し,踏み出す,フミダス,動詞-一般,五段-サ行,連用形-一般,フミダシ,フミダシ,和,踏み出す,フミダス,33008
,I,ましょう,ます,マス,助動詞,助動詞-マス,意志推量形,マショー,マショウ,和,ます,マス,35697
,I,。,。,,補助記号-句点,,,,,記号,。,,25
,B,　,　,,空白,,,,,記号,　,,23
,I,御,御,ゴ,接頭辞,,,ゴ,ゴ,漢,御,ゴ,13332
,I,清聴,清聴,セイチョウ,名詞-普通名詞-サ変可能,,,セーチョー,セイチョウ,漢,清聴,セイチョウ,19916
,I,ありがとう,有り難う,アリガトウ,感動詞-一般,,,アリガトー,アリガトウ,和,ありがとう,アリガトウ,137884
,I,ござい,御座る,ゴザル,動詞-非自立可能,五段-ラ行,連用形-イ音便,ゴザイ,ゴザイ,混,ござる,ゴザル,13450
,I,まし,ます,マス,助動詞,助動詞-マス,連用形-一般,マシ,マシ,和,ます,マス,35697
,I,た,た,タ,助動詞,助動詞-タ,終止形-一般,タ,タ,和,た,タ,21642
,I,。,。,,補助記号-句点,,,,,記号,。,,25
